date,store,sku,product_name,units_sold
2023-01-01,Priya General Store - Kondapur Branch,SKU-1042,Umbrella - Standard 21in,10
2023-01-01,Priya General Store - Kondapur Branch,SKU-1043,Raincoat - Adult M,4
2023-01-01,Priya General Store - Kondapur Branch,SKU-2091,Sunscreen SPF50 100ml,13
2023-01-01,Priya General Store - Kondapur Branch,SKU-3087,Diyas - Clay Set of 12,5
2023-01-02,Priya General Store - Kondapur Branch,SKU-1042,Umbrella - Standard 21in,8
2023-01-02,Priya General Store - Kondapur Branch,SKU-1043,Raincoat - Adult M,2
2023-01-02,Priya General Store - Kondapur Branch,SKU-2091,Sunscreen SPF50 100ml,19
2023-01-02,Priya General Store - Kondapur Branch,SKU-3087,Diyas - Clay Set of 12,5
2023-01-03,Priya General Store - Kondapur Branch,SKU-1042,Umbrella - Standard 21in,10
2023-01-03,Priya General Store - Kondapur Branch,SKU-1043,Raincoat - Adult M,5
2023-01-03,Priya General Store - Kondapur Branch,SKU-2091,Sunscreen SPF50 100ml,15
2023-01-03,Priya General Store - Kondapur Branch,SKU-3087,Diyas - Clay Set of 12,1
2023-01-04,Priya General Store - Kondapur Branch,SKU-1042,Umbrella - Standard 21in,6
2023-01-04,Priya General Store - Kondapur Branch,SKU-1043,Raincoat - Adult M,4
2023-01-04,Priya General Store - Kondapur Branch,SKU-2091,Sunscreen SPF50 100ml,14
2023-01-04,Priya General Store - Kondapur Branch,SKU-3087,Diyas - Clay Set of 12,3
2023-01-05,Priya General Store - Kondapur Branch,SKU-1042,Umbrella - Standard 21in,8
2023-01-05,Priya General Store - Kondapur Branch,SKU-1043,Raincoat - Adult M,4
2023-01-05,Priya General Store - Kondapur Branch,SKU-2091,Sunscreen SPF50 100ml,11
2023-01-05,Priya General Store - Kondapur Branch,SKU-3087,Diyas - Clay Set of 12,5
2023-01-06,Priya General Store - Kondapur Branch,SKU-1042,Umbrella - Standard 21in,8
2023-01-06,Priya General Store - Kondapur Branch,SKU-1043,Raincoat - Adult M,4
2023-01-06,Priya General Store - Kondapur Branch,SKU-2091,Sunscreen SPF50 100ml,16
2023-01-06,Priya General Store - Kondapur Branch,SKU-3087,Diyas - Clay Set of 12,1
2023-01-07,Priya General Store - Kondapur Branch,SKU-1042,Umbrella - Standard 21in,6
2023-01-07,Priya General Store - Kondapur Branch,SKU-1043,Raincoat - Adult M,2
2023-01-07,Priya General Store - Kondapur Branch,SKU-2091,Sunscreen SPF50 100ml,12
2023-01-07,Priya General Store - Kondapur Branch,SKU-3087,Diyas - Clay Set of 12,4
2023-01-08,Priya General Store - Kondapur Branch,SKU-1042,Umbrella - Standard 21in,7
2023-01-08,Priya General Store - Kondapur Branch,SKU-1043,Raincoat - Adult M,4
2023-01-08,Priya General Store - Kondapur Branch,SKU-2091,Sunscreen SPF50 100ml,15
2023-01-08,Priya General Store - Kondapur Branch,SKU-3087,Diyas - Clay Set of 12,1
2023-01-09,Priya General Store - Kondapur Branch,SKU-1042,Umbrella - Standard 21in,6
2023-01-09,Priya General Store - Kondapur Branch,SKU-1043,Raincoat - Adult M,3
2023-01-09,Priya General Store - Kondapur Branch,SKU-2091,Sunscreen SPF50 100ml,17
2023-01-09,Priya General Store - Kondapur Branch,SKU-3087,Diyas - Clay Set of 12,5
2023-01-10,Priya General Store - Kondapur Branch,SKU-1042,Umbrella - Standard 21in,7
2023-01-10,Priya General Store - Kondapur Branch,SKU-1043,Raincoat - Adult M,2
2023-01-10,Priya General Store - Kondapur Branch,SKU-2091,Sunscreen SPF50 100ml,11
2023-01-10,Priya General Store - Kondapur Branch,SKU-3087,Diyas - Clay Set of 12,4
2023-01-11,Priya General Store - Kondapur Branch,SKU-1042,Umbrella - Standard 21in,6
2023-01-11,Priya General Store - Kondapur Branch,SKU-1043,Raincoat - Adult M,6
2023-01-11,Priya General Store - Kondapur Branch,SKU-2091,Sunscreen SPF50 100ml,16
2023-01-11,Priya General Store - Kondapur Branch,SKU-3087,Diyas - Clay Set of 12,4
2023-01-12,Priya General Store - Kondapur Branch,SKU-1042,Umbrella - Standard 21in,10
2023-01-12,Priya General Store - Kondapur Branch,SKU-1043,Raincoat - Adult M,4
2023-01-12,Priya General Store - Kondapur Branch,SKU-2091,Sunscreen SPF50 100ml,19
2023-01-12,Priya General Store - Kondapur Branch,SKU-3087,Diyas - Clay Set of 12,5
2023-01-13,Priya General Store - Kondapur Branch,SKU-1042,Umbrella - Standard 21in,9
2023-01-13,Priya General Store - Kondapur Branch,SKU-1043,Raincoat - Adult M,3
2023-01-13,Priya General Store - Kondapur Branch,SKU-2091,Sunscreen SPF50 100ml,13
2023-01-13,Priya General Store - Kondapur Branch,SKU-3087,Diyas - Clay Set of 12,1
2023-01-14,Priya General Store - Kondapur Branch,SKU-1042,Umbrella - Standard 21in,11
2023-01-14,Priya General Store - Kondapur Branch,SKU-1043,Raincoat - Adult M,3
2023-01-14,Priya General Store - Kondapur Branch,SKU-2091,Sunscreen SPF50 100ml,17
2023-01-14,Priya General Store - Kondapur Branch,SKU-3087,Diyas - Clay Set of 12,4
2023-01-15,Priya General Store - Kondapur Branch,SKU-1042,Umbrella - Standard 21in,8
2023-01-15,Priya General Store - Kondapur Branch,SKU-1043,Raincoat - Adult M,6
2023-01-15,Priya General Store - Kondapur Branch,SKU-2091,Sunscreen SPF50 100ml,11
2023-01-15,Priya General Store - Kondapur Branch,SKU-3087,Diyas - Clay Set of 12,1
2023-01-16,Priya General Store - Kondapur Branch,SKU-1042,Umbrella - Standard 21in,9
2023-01-16,Priya General Store - Kondapur Branch,SKU-1043,Raincoat - Adult M,4
2023-01-16,Priya General Store - Kondapur Branch,SKU-2091,Sunscreen SPF50 100ml,17
2023-01-16,Priya General Store - Kondapur Branch,SKU-3087,Diyas - Clay Set of 12,1
2023-01-17,Priya General Store - Kondapur Branch,SKU-1042,Umbrella - Standard 21in,10
2023-01-17,Priya General Store - Kondapur Branch,SKU-1043,Raincoat - Adult M,6
2023-01-17,Priya General Store - Kondapur Branch,SKU-2091,Sunscreen SPF50 100ml,19
2023-01-17,Priya General Store - Kondapur Branch,SKU-3087,Diyas - Clay Set of 12,3
2023-01-18,Priya General Store - Kondapur Branch,SKU-1042,Umbrella - Standard 21in,9
2023-01-18,Priya General Store - Kondapur Branch,SKU-1043,Raincoat - Adult M,3
2023-01-18,Priya General Store - Kondapur Branch,SKU-2091,Sunscreen SPF50 100ml,13
2023-01-18,Priya General Store - Kondapur Branch,SKU-3087,Diyas - Clay Set of 12,5
2023-01-19,Priya General Store - Kondapur Branch,SKU-1042,Umbrella - Standard 21in,9
2023-01-19,Priya General Store - Kondapur Branch,SKU-1043,Raincoat - Adult M,2
2023-01-19,Priya General Store - Kondapur Branch,SKU-2091,Sunscreen SPF50 100ml,16
2023-01-19,Priya General Store - Kondapur Branch,SKU-3087,Diyas - Clay Set of 12,3
2023-01-20,Priya General Store - Kondapur Branch,SKU-1042,Umbrella - Standard 21in,6
2023-01-20,Priya General Store - Kondapur Branch,SKU-1043,Raincoat - Adult M,2
2023-01-20,Priya General Store - Kondapur Branch,SKU-2091,Sunscreen SPF50 100ml,18
2023-01-20,Priya General Store - Kondapur Branch,SKU-3087,Diyas - Clay Set of 12,5
2023-01-21,Priya General Store - Kondapur Branch,SKU-1042,Umbrella - Standard 21in,6
2023-01-21,Priya General Store - Kondapur Branch,SKU-1043,Raincoat - Adult M,6
2023-01-21,Priya General Store - Kondapur Branch,SKU-2091,Sunscreen SPF50 100ml,19
2023-01-21,Priya General Store - Kondapur Branch,SKU-3087,Diyas - Clay Set of 12,4
2023-01-22,Priya General Store - Kondapur Branch,SKU-1042,Umbrella - Standard 21in,9
2023-01-22,Priya General Store - Kondapur Branch,SKU-1043,Raincoat - Adult M,3
2023-01-22,Priya General Store - Kondapur Branch,SKU-2091,Sunscreen SPF50 100ml,17
2023-01-22,Priya General Store - Kondapur Branch,SKU-3087,Diyas - Clay Set of 12,3
2023-01-23,Priya General Store - Kondapur Branch,SKU-1042,Umbrella - Standard 21in,9
2023-01-23,Priya General Store - Kondapur Branch,SKU-1043,Raincoat - Adult M,3
2023-01-23,Priya General Store - Kondapur Branch,SKU-2091,Sunscreen SPF50 100ml,16
2023-01-23,Priya General Store - Kondapur Branch,SKU-3087,Diyas - Clay Set of 12,5
2023-01-24,Priya General Store - Kondapur Branch,SKU-1042,Umbrella - Standard 21in,0
2023-01-24,Priya General Store - Kondapur Branch,SKU-1043,Raincoat - Adult M,2
2023-01-24,Priya General Store - Kondapur Branch,SKU-2091,Sunscreen SPF50 100ml,11
2023-01-24,Priya General Store - Kondapur Branch,SKU-3087,Diyas - Clay Set of 12,1
2023-01-25,Priya General Store - Kondapur Branch,SKU-1042,Umbrella - Standard 21in,7
2023-01-25,Priya General Store - Kondapur Branch,SKU-1043,Raincoat - Adult M,3
2023-01-25,Priya General Store - Kondapur Branch,SKU-2091,Sunscreen SPF50 100ml,18
2023-01-25,Priya General Store - Kondapur Branch,SKU-3087,Diyas - Clay Set of 12,4
2023-01-26,Priya General Store - Kondapur Branch,SKU-1042,Umbrella - Standard 21in,6
2023-01-26,Priya General Store - Kondapur Branch,SKU-1043,Raincoat - Adult M,5
2023-01-26,Priya General Store - Kondapur Branch,SKU-2091,Sunscreen SPF50 100ml,17
2023-01-26,Priya General Store - Kondapur Branch,SKU-3087,Diyas - Clay Set of 12,1
2023-01-27,Priya General Store - Kondapur Branch,SKU-1042,Umbrella - Standard 21in,10
2023-01-27,Priya General Store - Kondapur Branch,SKU-1043,Raincoat - Adult M,5
2023-01-27,Priya General Store - Kondapur Branch,SKU-2091,Sunscreen SPF50 100ml,12
2023-01-27,Priya General Store - Kondapur Branch,SKU-3087,Diyas - Clay Set of 12,2
2023-01-28,Priya General Store - Kondapur Branch,SKU-1042,Umbrella - Standard 21in,6
2023-01-28,Priya General Store - Kondapur Branch,SKU-1043,Raincoat - Adult M,4
2023-01-28,Priya General Store - Kondapur Branch,SKU-2091,Sunscreen SPF50 100ml,12
2023-01-28,Priya General Store - Kondapur Branch,SKU-3087,Diyas - Clay Set of 12,5
2023-01-29,Priya General Store - Kondapur Branch,SKU-1042,Umbrella - Standard 21in,10
2023-01-29,Priya General Store - Kondapur Branch,SKU-1043,Raincoat - Adult M,2
2023-01-29,Priya General Store - Kondapur Branch,SKU-2091,Sunscreen SPF50 100ml,14
2023-01-29,Priya General Store - Kondapur Branch,SKU-3087,Diyas - Clay Set of 12,4
2023-01-30,Priya General Store - Kondapur Branch,SKU-1042,Umbrella - Standard 21in,11
2023-01-30,Priya General Store - Kondapur Branch,SKU-1043,Raincoat - Adult M,2
2023-01-30,Priya General Store - Kondapur Branch,SKU-2091,Sunscreen SPF50 100ml,11
2023-01-30,Priya General Store - Kondapur Branch,SKU-3087,Diyas - Clay Set of 12,3
2023-01-31,Priya General Store - Kondapur Branch,SKU-1042,Umbrella - Standard 21in,11
2023-01-31,Priya General Store - Kondapur Branch,SKU-1043,Raincoat - Adult M,5
2023-01-31,Priya General Store - Kondapur Branch,SKU-2091,Sunscreen SPF50 100ml,19
2023-01-31,Priya General Store - Kondapur Branch,SKU-3087,Diyas - Clay Set of 12,4
2023-02-01,Priya General Store - Kondapur Branch,SKU-1042,Umbrella - Standard 21in,7
2023-02-01,Priya General Store - Kondapur Branch,SKU-1043,Raincoat - Adult M,2
2023-02-01,Priya General Store - Kondapur Branch,SKU-2091,Sunscreen SPF50 100ml,19
2023-02-01,Priya General Store - Kondapur Branch,SKU-3087,Diyas - Clay Set of 12,3
2023-02-02,Priya General Store - Kondapur Branch,SKU-1042,Umbrella - Standard 21in,9
2023-02-02,Priya General Store - Kondapur Branch,SKU-1043,Raincoat - Adult M,6
2023-02-02,Priya General Store - Kondapur Branch,SKU-2091,Sunscreen SPF50 100ml,19
2023-02-02,Priya General Store - Kondapur Branch,SKU-3087,Diyas - Clay Set of 12,2
2023-02-03,Priya General Store - Kondapur Branch,SKU-1042,Umbrella - Standard 21in,5
2023-02-03,Priya General Store - Kondapur Branch,SKU-1043,Raincoat - Adult M,3
2023-02-03,Priya General Store - Kondapur Branch,SKU-2091,Sunscreen SPF50 100ml,14
2023-02-03,Priya General Store - Kondapur Branch,SKU-3087,Diyas - Clay Set of 12,1
2023-02-04,Priya General Store - Kondapur Branch,SKU-1042,Umbrella - Standard 21in,8
2023-02-04,Priya General Store - Kondapur Branch,SKU-1043,Raincoat - Adult M,6
2023-02-04,Priya General Store - Kondapur Branch,SKU-2091,Sunscreen SPF50 100ml,15
2023-02-04,Priya General Store - Kondapur Branch,SKU-3087,Diyas - Clay Set of 12,3
2023-02-05,Priya General Store - Kondapur Branch,SKU-1042,Umbrella - Standard 21in,8
2023-02-05,Priya General Store - Kondapur Branch,SKU-1043,Raincoat - Adult M,4
2023-02-05,Priya General Store - Kondapur Branch,SKU-2091,Sunscreen SPF50 100ml,0
2023-02-05,Priya General Store - Kondapur Branch,SKU-3087,Diyas - Clay Set of 12,5
2023-02-06,Priya General Store - Kondapur Branch,SKU-1042,Umbrella - Standard 21in,5
2023-02-06,Priya General Store - Kondapur Branch,SKU-1043,Raincoat - Adult M,3
2023-02-06,Priya General Store - Kondapur Branch,SKU-2091,Sunscreen SPF50 100ml,13
2023-02-06,Priya General Store - Kondapur Branch,SKU-3087,Diyas - Clay Set of 12,1
2023-02-07,Priya General Store - Kondapur Branch,SKU-1042,Umbrella - Standard 21in,7
2023-02-07,Priya General Store - Kondapur Branch,SKU-1043,Raincoat - Adult M,5
2023-02-07,Priya General Store - Kondapur Branch,SKU-2091,Sunscreen SPF50 100ml,15
2023-02-07,Priya General Store - Kondapur Branch,SKU-3087,Diyas - Clay Set of 12,0
2023-02-08,Priya General Store - Kondapur Branch,SKU-1042,Umbrella - Standard 21in,11
2023-02-08,Priya General Store - Kondapur Branch,SKU-1043,Raincoat - Adult M,2
2023-02-08,Priya General Store - Kondapur Branch,SKU-2091,Sunscreen SPF50 100ml,13
2023-02-08,Priya General Store - Kondapur Branch,SKU-3087,Diyas - Clay Set of 12,1
2023-02-09,Priya General Store - Kondapur Branch,SKU-1042,Umbrella - Standard 21in,6
2023-02-09,Priya General Store - Kondapur Branch,SKU-1043,Raincoat - Adult M,6
2023-02-09,Priya General Store - Kondapur Branch,SKU-2091,Sunscreen SPF50 100ml,16
2023-02-09,Priya General Store - Kondapur Branch,SKU-3087,Diyas - Clay Set of 12,3
2023-02-10,Priya General Store - Kondapur Branch,SKU-1042,Umbrella - Standard 21in,7
2023-02-10,Priya General Store - Kondapur Branch,SKU-1043,Raincoat - Adult M,2
2023-02-10,Priya General Store - Kondapur Branch,SKU-2091,Sunscreen SPF50 100ml,17
2023-02-10,Priya General Store - Kondapur Branch,SKU-3087,Diyas - Clay Set of 12,0
2023-02-11,Priya General Store - Kondapur Branch,SKU-1042,Umbrella - Standard 21in,11
2023-02-11,Priya General Store - Kondapur Branch,SKU-1043,Raincoat - Adult M,4
2023-02-11,Priya General Store - Kondapur Branch,SKU-2091,Sunscreen SPF50 100ml,18
2023-02-11,Priya General Store - Kondapur Branch,SKU-3087,Diyas - Clay Set of 12,4
2023-02-12,Priya General Store - Kondapur Branch,SKU-1042,Umbrella - Standard 21in,5
2023-02-12,Priya General Store - Kondapur Branch,SKU-1043,Raincoat - Adult M,3
2023-02-12,Priya General Store - Kondapur Branch,SKU-2091,Sunscreen SPF50 100ml,16
2023-02-12,Priya General Store - Kondapur Branch,SKU-3087,Diyas - Clay Set of 12,2
2023-02-13,Priya General Store - Kondapur Branch,SKU-1042,Umbrella - Standard 21in,5
2023-02-13,Priya General Store - Kondapur Branch,SKU-1043,Raincoat - Adult M,2
2023-02-13,Priya General Store - Kondapur Branch,SKU-2091,Sunscreen SPF50 100ml,14
2023-02-13,Priya General Store - Kondapur Branch,SKU-3087,Diyas - Clay Set of 12,1
2023-02-14,Priya General Store - Kondapur Branch,SKU-1042,Umbrella - Standard 21in,9
2023-02-14,Priya General Store - Kondapur Branch,SKU-1043,Raincoat - Adult M,5
2023-02-14,Priya General Store - Kondapur Branch,SKU-2091,Sunscreen SPF50 100ml,13
2023-02-14,Priya General Store - Kondapur Branch,SKU-3087,Diyas - Clay Set of 12,2
2023-02-15,Priya General Store - Kondapur Branch,SKU-1042,Umbrella - Standard 21in,11
2023-02-15,Priya General Store - Kondapur Branch,SKU-1043,Raincoat - Adult M,5
2023-02-15,Priya General Store - Kondapur Branch,SKU-2091,Sunscreen SPF50 100ml,16
2023-02-15,Priya General Store - Kondapur Branch,SKU-3087,Diyas - Clay Set of 12,4
2023-02-16,Priya General Store - Kondapur Branch,SKU-1042,Umbrella - Standard 21in,11
2023-02-16,Priya General Store - Kondapur Branch,SKU-1043,Raincoat - Adult M,3
2023-02-16,Priya General Store - Kondapur Branch,SKU-2091,Sunscreen SPF50 100ml,12
2023-02-16,Priya General Store - Kondapur Branch,SKU-3087,Diyas - Clay Set of 12,1
2023-02-17,Priya General Store - Kondapur Branch,SKU-1042,Umbrella - Standard 21in,6
2023-02-17,Priya General Store - Kondapur Branch,SKU-1043,Raincoat - Adult M,5
2023-02-17,Priya General Store - Kondapur Branch,SKU-2091,Sunscreen SPF50 100ml,14
2023-02-17,Priya General Store - Kondapur Branch,SKU-3087,Diyas - Clay Set of 12,2
2023-02-18,Priya General Store - Kondapur Branch,SKU-1042,Umbrella - Standard 21in,7
2023-02-18,Priya General Store - Kondapur Branch,SKU-1043,Raincoat - Adult M,4
2023-02-18,Priya General Store - Kondapur Branch,SKU-2091,Sunscreen SPF50 100ml,19
2023-02-18,Priya General Store - Kondapur Branch,SKU-3087,Diyas - Clay Set of 12,5
2023-02-19,Priya General Store - Kondapur Branch,SKU-1042,Umbrella - Standard 21in,5
2023-02-19,Priya General Store - Kondapur Branch,SKU-1043,Raincoat - Adult M,4
2023-02-19,Priya General Store - Kondapur Branch,SKU-2091,Sunscreen SPF50 100ml,15
2023-02-19,Priya General Store - Kondapur Branch,SKU-3087,Diyas - Clay Set of 12,5
2023-02-20,Priya General Store - Kondapur Branch,SKU-1042,Umbrella - Standard 21in,10
2023-02-20,Priya General Store - Kondapur Branch,SKU-1043,Raincoat - Adult M,5
2023-02-20,Priya General Store - Kondapur Branch,SKU-2091,Sunscreen SPF50 100ml,19
2023-02-20,Priya General Store - Kondapur Branch,SKU-3087,Diyas - Clay Set of 12,5
2023-02-21,Priya General Store - Kondapur Branch,SKU-1042,Umbrella - Standard 21in,5
2023-02-21,Priya General Store - Kondapur Branch,SKU-1043,Raincoat - Adult M,2
2023-02-21,Priya General Store - Kondapur Branch,SKU-2091,Sunscreen SPF50 100ml,19
2023-02-21,Priya General Store - Kondapur Branch,SKU-3087,Diyas - Clay Set of 12,2
2023-02-22,Priya General Store - Kondapur Branch,SKU-1042,Umbrella - Standard 21in,5
2023-02-22,Priya General Store - Kondapur Branch,SKU-1043,Raincoat - Adult M,4
2023-02-22,Priya General Store - Kondapur Branch,SKU-2091,Sunscreen SPF50 100ml,12
2023-02-22,Priya General Store - Kondapur Branch,SKU-3087,Diyas - Clay Set of 12,3
2023-02-23,Priya General Store - Kondapur Branch,SKU-1042,Umbrella - Standard 21in,10
2023-02-23,Priya General Store - Kondapur Branch,SKU-1043,Raincoat - Adult M,5
2023-02-23,Priya General Store - Kondapur Branch,SKU-2091,Sunscreen SPF50 100ml,19
2023-02-23,Priya General Store - Kondapur Branch,SKU-3087,Diyas - Clay Set of 12,4
2023-02-24,Priya General Store - Kondapur Branch,SKU-1042,Umbrella - Standard 21in,8
2023-02-24,Priya General Store - Kondapur Branch,SKU-1043,Raincoat - Adult M,3
2023-02-24,Priya General Store - Kondapur Branch,SKU-2091,Sunscreen SPF50 100ml,19
2023-02-24,Priya General Store - Kondapur Branch,SKU-3087,Diyas - Clay Set of 12,3
2023-02-25,Priya General Store - Kondapur Branch,SKU-1042,Umbrella - Standard 21in,8
2023-02-25,Priya General Store - Kondapur Branch,SKU-1043,Raincoat - Adult M,6
2023-02-25,Priya General Store - Kondapur Branch,SKU-2091,Sunscreen SPF50 100ml,23
2023-02-25,Priya General Store - Kondapur Branch,SKU-3087,Diyas - Clay Set of 12,5
2023-02-26,Priya General Store - Kondapur Branch,SKU-1042,Umbrella - Standard 21in,11
2023-02-26,Priya General Store - Kondapur Branch,SKU-1043,Raincoat - Adult M,2
2023-02-26,Priya General Store - Kondapur Branch,SKU-2091,Sunscreen SPF50 100ml,20
2023-02-26,Priya General Store - Kondapur Branch,SKU-3087,Diyas - Clay Set of 12,2
2023-02-27,Priya General Store - Kondapur Branch,SKU-1042,Umbrella - Standard 21in,6
2023-02-27,Priya General Store - Kondapur Branch,SKU-1043,Raincoat - Adult M,3
2023-02-27,Priya General Store - Kondapur Branch,SKU-2091,Sunscreen SPF50 100ml,14
2023-02-27,Priya General Store - Kondapur Branch,SKU-3087,Diyas - Clay Set of 12,1
2023-02-28,Priya General Store - Kondapur Branch,SKU-1042,Umbrella - Standard 21in,10
2023-02-28,Priya General Store - Kondapur Branch,SKU-1043,Raincoat - Adult M,5
2023-02-28,Priya General Store - Kondapur Branch,SKU-2091,Sunscreen SPF50 100ml,18
2023-02-28,Priya General Store - Kondapur Branch,SKU-3087,Diyas - Clay Set of 12,1
2023-03-01,Priya General Store - Kondapur Branch,SKU-1042,Umbrella - Standard 21in,6
2023-03-01,Priya General Store - Kondapur Branch,SKU-1043,Raincoat - Adult M,6
2023-03-01,Priya General Store - Kondapur Branch,SKU-2091,Sunscreen SPF50 100ml,30
2023-03-01,Priya General Store - Kondapur Branch,SKU-3087,Diyas - Clay Set of 12,1
2023-03-02,Priya General Store - Kondapur Branch,SKU-1042,Umbrella - Standard 21in,11
2023-03-02,Priya General Store - Kondapur Branch,SKU-1043,Raincoat - Adult M,6
2023-03-02,Priya General Store - Kondapur Branch,SKU-2091,Sunscreen SPF50 100ml,28
2023-03-02,Priya General Store - Kondapur Branch,SKU-3087,Diyas - Clay Set of 12,5
2023-03-03,Priya General Store - Kondapur Branch,SKU-1042,Umbrella - Standard 21in,9
2023-03-03,Priya General Store - Kondapur Branch,SKU-1043,Raincoat - Adult M,3
2023-03-03,Priya General Store - Kondapur Branch,SKU-2091,Sunscreen SPF50 100ml,32
2023-03-03,Priya General Store - Kondapur Branch,SKU-3087,Diyas - Clay Set of 12,2
2023-03-04,Priya General Store - Kondapur Branch,SKU-1042,Umbrella - Standard 21in,7
2023-03-04,Priya General Store - Kondapur Branch,SKU-1043,Raincoat - Adult M,6
2023-03-04,Priya General Store - Kondapur Branch,SKU-2091,Sunscreen SPF50 100ml,25
2023-03-04,Priya General Store - Kondapur Branch,SKU-3087,Diyas - Clay Set of 12,3
2023-03-05,Priya General Store - Kondapur Branch,SKU-1042,Umbrella - Standard 21in,7
2023-03-05,Priya General Store - Kondapur Branch,SKU-1043,Raincoat - Adult M,6
2023-03-05,Priya General Store - Kondapur Branch,SKU-2091,Sunscreen SPF50 100ml,22
2023-03-05,Priya General Store - Kondapur Branch,SKU-3087,Diyas - Clay Set of 12,2
2023-03-06,Priya General Store - Kondapur Branch,SKU-1042,Umbrella - Standard 21in,5
2023-03-06,Priya General Store - Kondapur Branch,SKU-1043,Raincoat - Adult M,4
2023-03-06,Priya General Store - Kondapur Branch,SKU-2091,Sunscreen SPF50 100ml,28
2023-03-06,Priya General Store - Kondapur Branch,SKU-3087,Diyas - Clay Set of 12,4
2023-03-07,Priya General Store - Kondapur Branch,SKU-1042,Umbrella - Standard 21in,11
2023-03-07,Priya General Store - Kondapur Branch,SKU-1043,Raincoat - Adult M,2
2023-03-07,Priya General Store - Kondapur Branch,SKU-2091,Sunscreen SPF50 100ml,0
2023-03-07,Priya General Store - Kondapur Branch,SKU-3087,Diyas - Clay Set of 12,3
2023-03-08,Priya General Store - Kondapur Branch,SKU-1042,Umbrella - Standard 21in,8
2023-03-08,Priya General Store - Kondapur Branch,SKU-1043,Raincoat - Adult M,5
2023-03-08,Priya General Store - Kondapur Branch,SKU-2091,Sunscreen SPF50 100ml,37
2023-03-08,Priya General Store - Kondapur Branch,SKU-3087,Diyas - Clay Set of 12,4
2023-03-09,Priya General Store - Kondapur Branch,SKU-1042,Umbrella - Standard 21in,8
2023-03-09,Priya General Store - Kondapur Branch,SKU-1043,Raincoat - Adult M,5
2023-03-09,Priya General Store - Kondapur Branch,SKU-2091,Sunscreen SPF50 100ml,30
2023-03-09,Priya General Store - Kondapur Branch,SKU-3087,Diyas - Clay Set of 12,2
2023-03-10,Priya General Store - Kondapur Branch,SKU-1042,Umbrella - Standard 21in,9
2023-03-10,Priya General Store - Kondapur Branch,SKU-1043,Raincoat - Adult M,5
2023-03-10,Priya General Store - Kondapur Branch,SKU-2091,Sunscreen SPF50 100ml,19
2023-03-10,Priya General Store - Kondapur Branch,SKU-3087,Diyas - Clay Set of 12,2
2023-03-11,Priya General Store - Kondapur Branch,SKU-1042,Umbrella - Standard 21in,6
2023-03-11,Priya General Store - Kondapur Branch,SKU-1043,Raincoat - Adult M,5
2023-03-11,Priya General Store - Kondapur Branch,SKU-2091,Sunscreen SPF50 100ml,34
2023-03-11,Priya General Store - Kondapur Branch,SKU-3087,Diyas - Clay Set of 12,4
2023-03-12,Priya General Store - Kondapur Branch,SKU-1042,Umbrella - Standard 21in,11
2023-03-12,Priya General Store - Kondapur Branch,SKU-1043,Raincoat - Adult M,2
2023-03-12,Priya General Store - Kondapur Branch,SKU-2091,Sunscreen SPF50 100ml,34
2023-03-12,Priya General Store - Kondapur Branch,SKU-3087,Diyas - Clay Set of 12,3
2023-03-13,Priya General Store - Kondapur Branch,SKU-1042,Umbrella - Standard 21in,5
2023-03-13,Priya General Store - Kondapur Branch,SKU-1043,Raincoat - Adult M,2
2023-03-13,Priya General Store - Kondapur Branch,SKU-2091,Sunscreen SPF50 100ml,27
2023-03-13,Priya General Store - Kondapur Branch,SKU-3087,Diyas - Clay Set of 12,5
2023-03-14,Priya General Store - Kondapur Branch,SKU-1042,Umbrella - Standard 21in,6
2023-03-14,Priya General Store - Kondapur Branch,SKU-1043,Raincoat - Adult M,2
2023-03-14,Priya General Store - Kondapur Branch,SKU-2091,Sunscreen SPF50 100ml,29
2023-03-14,Priya General Store - Kondapur Branch,SKU-3087,Diyas - Clay Set of 12,3
2023-03-15,Priya General Store - Kondapur Branch,SKU-1042,Umbrella - Standard 21in,9
2023-03-15,Priya General Store - Kondapur Branch,SKU-1043,Raincoat - Adult M,2
2023-03-15,Priya General Store - Kondapur Branch,SKU-2091,Sunscreen SPF50 100ml,26
2023-03-15,Priya General Store - Kondapur Branch,SKU-3087,Diyas - Clay Set of 12,1
2023-03-16,Priya General Store - Kondapur Branch,SKU-1042,Umbrella - Standard 21in,9
2023-03-16,Priya General Store - Kondapur Branch,SKU-1043,Raincoat - Adult M,5
2023-03-16,Priya General Store - Kondapur Branch,SKU-2091,Sunscreen SPF50 100ml,27
2023-03-16,Priya General Store - Kondapur Branch,SKU-3087,Diyas - Clay Set of 12,2
2023-03-17,Priya General Store - Kondapur Branch,SKU-1042,Umbrella - Standard 21in,11
2023-03-17,Priya General Store - Kondapur Branch,SKU-1043,Raincoat - Adult M,6
2023-03-17,Priya General Store - Kondapur Branch,SKU-2091,Sunscreen SPF50 100ml,23
2023-03-17,Priya General Store - Kondapur Branch,SKU-3087,Diyas - Clay Set of 12,3
2023-03-18,Priya General Store - Kondapur Branch,SKU-1042,Umbrella - Standard 21in,10
2023-03-18,Priya General Store - Kondapur Branch,SKU-1043,Raincoat - Adult M,5
2023-03-18,Priya General Store - Kondapur Branch,SKU-2091,Sunscreen SPF50 100ml,26
2023-03-18,Priya General Store - Kondapur Branch,SKU-3087,Diyas - Clay Set of 12,4
2023-03-19,Priya General Store - Kondapur Branch,SKU-1042,Umbrella - Standard 21in,8
2023-03-19,Priya General Store - Kondapur Branch,SKU-1043,Raincoat - Adult M,6
2023-03-19,Priya General Store - Kondapur Branch,SKU-2091,Sunscreen SPF50 100ml,34
2023-03-19,Priya General Store - Kondapur Branch,SKU-3087,Diyas - Clay Set of 12,5
2023-03-20,Priya General Store - Kondapur Branch,SKU-1042,Umbrella - Standard 21in,8
2023-03-20,Priya General Store - Kondapur Branch,SKU-1043,Raincoat - Adult M,6
2023-03-20,Priya General Store - Kondapur Branch,SKU-2091,Sunscreen SPF50 100ml,27
2023-03-20,Priya General Store - Kondapur Branch,SKU-3087,Diyas - Clay Set of 12,4
2023-03-21,Priya General Store - Kondapur Branch,SKU-1042,Umbrella - Standard 21in,8
2023-03-21,Priya General Store - Kondapur Branch,SKU-1043,Raincoat - Adult M,5
2023-03-21,Priya General Store - Kondapur Branch,SKU-2091,Sunscreen SPF50 100ml,37
2023-03-21,Priya General Store - Kondapur Branch,SKU-3087,Diyas - Clay Set of 12,2
2023-03-22,Priya General Store - Kondapur Branch,SKU-1042,Umbrella - Standard 21in,7
2023-03-22,Priya General Store - Kondapur Branch,SKU-1043,Raincoat - Adult M,6
2023-03-22,Priya General Store - Kondapur Branch,SKU-2091,Sunscreen SPF50 100ml,0
2023-03-22,Priya General Store - Kondapur Branch,SKU-3087,Diyas - Clay Set of 12,2
2023-03-23,Priya General Store - Kondapur Branch,SKU-1042,Umbrella - Standard 21in,10
2023-03-23,Priya General Store - Kondapur Branch,SKU-1043,Raincoat - Adult M,6
2023-03-23,Priya General Store - Kondapur Branch,SKU-2091,Sunscreen SPF50 100ml,37
2023-03-23,Priya General Store - Kondapur Branch,SKU-3087,Diyas - Clay Set of 12,1
2023-03-24,Priya General Store - Kondapur Branch,SKU-1042,Umbrella - Standard 21in,6
2023-03-24,Priya General Store - Kondapur Branch,SKU-1043,Raincoat - Adult M,3
2023-03-24,Priya General Store - Kondapur Branch,SKU-2091,Sunscreen SPF50 100ml,33
2023-03-24,Priya General Store - Kondapur Branch,SKU-3087,Diyas - Clay Set of 12,3
2023-03-25,Priya General Store - Kondapur Branch,SKU-1042,Umbrella - Standard 21in,10
2023-03-25,Priya General Store - Kondapur Branch,SKU-1043,Raincoat - Adult M,4
2023-03-25,Priya General Store - Kondapur Branch,SKU-2091,Sunscreen SPF50 100ml,29
2023-03-25,Priya General Store - Kondapur Branch,SKU-3087,Diyas - Clay Set of 12,1
2023-03-26,Priya General Store - Kondapur Branch,SKU-1042,Umbrella - Standard 21in,7
2023-03-26,Priya General Store - Kondapur Branch,SKU-1043,Raincoat - Adult M,6
2023-03-26,Priya General Store - Kondapur Branch,SKU-2091,Sunscreen SPF50 100ml,24
2023-03-26,Priya General Store - Kondapur Branch,SKU-3087,Diyas - Clay Set of 12,4
2023-03-27,Priya General Store - Kondapur Branch,SKU-1042,Umbrella - Standard 21in,9
2023-03-27,Priya General Store - Kondapur Branch,SKU-1043,Raincoat - Adult M,6
2023-03-27,Priya General Store - Kondapur Branch,SKU-2091,Sunscreen SPF50 100ml,22
2023-03-27,Priya General Store - Kondapur Branch,SKU-3087,Diyas - Clay Set of 12,3
2023-03-28,Priya General Store - Kondapur Branch,SKU-1042,Umbrella - Standard 21in,5
2023-03-28,Priya General Store - Kondapur Branch,SKU-1043,Raincoat - Adult M,3
2023-03-28,Priya General Store - Kondapur Branch,SKU-2091,Sunscreen SPF50 100ml,23
2023-03-28,Priya General Store - Kondapur Branch,SKU-3087,Diyas - Clay Set of 12,2
2023-03-29,Priya General Store - Kondapur Branch,SKU-1042,Umbrella - Standard 21in,11
2023-03-29,Priya General Store - Kondapur Branch,SKU-1043,Raincoat - Adult M,2
2023-03-29,Priya General Store - Kondapur Branch,SKU-2091,Sunscreen SPF50 100ml,34
2023-03-29,Priya General Store - Kondapur Branch,SKU-3087,Diyas - Clay Set of 12,2
2023-03-30,Priya General Store - Kondapur Branch,SKU-1042,Umbrella - Standard 21in,7
2023-03-30,Priya General Store - Kondapur Branch,SKU-1043,Raincoat - Adult M,5
2023-03-30,Priya General Store - Kondapur Branch,SKU-2091,Sunscreen SPF50 100ml,23
2023-03-30,Priya General Store - Kondapur Branch,SKU-3087,Diyas - Clay Set of 12,5
2023-03-31,Priya General Store - Kondapur Branch,SKU-1042,Umbrella - Standard 21in,5
2023-03-31,Priya General Store - Kondapur Branch,SKU-1043,Raincoat - Adult M,6
2023-03-31,Priya General Store - Kondapur Branch,SKU-2091,Sunscreen SPF50 100ml,21
2023-03-31,Priya General Store - Kondapur Branch,SKU-3087,Diyas - Clay Set of 12,4
2023-04-01,Priya General Store - Kondapur Branch,SKU-1042,Umbrella - Standard 21in,11
2023-04-01,Priya General Store - Kondapur Branch,SKU-1043,Raincoat - Adult M,6
2023-04-01,Priya General Store - Kondapur Branch,SKU-2091,Sunscreen SPF50 100ml,32
2023-04-01,Priya General Store - Kondapur Branch,SKU-3087,Diyas - Clay Set of 12,4
2023-04-02,Priya General Store - Kondapur Branch,SKU-1042,Umbrella - Standard 21in,9
2023-04-02,Priya General Store - Kondapur Branch,SKU-1043,Raincoat - Adult M,2
2023-04-02,Priya General Store - Kondapur Branch,SKU-2091,Sunscreen SPF50 100ml,24
2023-04-02,Priya General Store - Kondapur Branch,SKU-3087,Diyas - Clay Set of 12,1
2023-04-03,Priya General Store - Kondapur Branch,SKU-1042,Umbrella - Standard 21in,6
2023-04-03,Priya General Store - Kondapur Branch,SKU-1043,Raincoat - Adult M,0
2023-04-03,Priya General Store - Kondapur Branch,SKU-2091,Sunscreen SPF50 100ml,33
2023-04-03,Priya General Store - Kondapur Branch,SKU-3087,Diyas - Clay Set of 12,1
2023-04-04,Priya General Store - Kondapur Branch,SKU-1042,Umbrella - Standard 21in,10
2023-04-04,Priya General Store - Kondapur Branch,SKU-1043,Raincoat - Adult M,5
2023-04-04,Priya General Store - Kondapur Branch,SKU-2091,Sunscreen SPF50 100ml,24
2023-04-04,Priya General Store - Kondapur Branch,SKU-3087,Diyas - Clay Set of 12,5
2023-04-05,Priya General Store - Kondapur Branch,SKU-1042,Umbrella - Standard 21in,6
2023-04-05,Priya General Store - Kondapur Branch,SKU-1043,Raincoat - Adult M,6
2023-04-05,Priya General Store - Kondapur Branch,SKU-2091,Sunscreen SPF50 100ml,22
2023-04-05,Priya General Store - Kondapur Branch,SKU-3087,Diyas - Clay Set of 12,1
2023-04-06,Priya General Store - Kondapur Branch,SKU-1042,Umbrella - Standard 21in,11
2023-04-06,Priya General Store - Kondapur Branch,SKU-1043,Raincoat - Adult M,6
2023-04-06,Priya General Store - Kondapur Branch,SKU-2091,Sunscreen SPF50 100ml,28
2023-04-06,Priya General Store - Kondapur Branch,SKU-3087,Diyas - Clay Set of 12,3
2023-04-07,Priya General Store - Kondapur Branch,SKU-1042,Umbrella - Standard 21in,7
2023-04-07,Priya General Store - Kondapur Branch,SKU-1043,Raincoat - Adult M,5
2023-04-07,Priya General Store - Kondapur Branch,SKU-2091,Sunscreen SPF50 100ml,20
2023-04-07,Priya General Store - Kondapur Branch,SKU-3087,Diyas - Clay Set of 12,5
2023-04-08,Priya General Store - Kondapur Branch,SKU-1042,Umbrella - Standard 21in,5
2023-04-08,Priya General Store - Kondapur Branch,SKU-1043,Raincoat - Adult M,6
2023-04-08,Priya General Store - Kondapur Branch,SKU-2091,Sunscreen SPF50 100ml,18
2023-04-08,Priya General Store - Kondapur Branch,SKU-3087,Diyas - Clay Set of 12,2
2023-04-09,Priya General Store - Kondapur Branch,SKU-1042,Umbrella - Standard 21in,10
2023-04-09,Priya General Store - Kondapur Branch,SKU-1043,Raincoat - Adult M,4
2023-04-09,Priya General Store - Kondapur Branch,SKU-2091,Sunscreen SPF50 100ml,28
2023-04-09,Priya General Store - Kondapur Branch,SKU-3087,Diyas - Clay Set of 12,4
2023-04-10,Priya General Store - Kondapur Branch,SKU-1042,Umbrella - Standard 21in,7
2023-04-10,Priya General Store - Kondapur Branch,SKU-1043,Raincoat - Adult M,2
2023-04-10,Priya General Store - Kondapur Branch,SKU-2091,Sunscreen SPF50 100ml,26
2023-04-10,Priya General Store - Kondapur Branch,SKU-3087,Diyas - Clay Set of 12,3
2023-04-11,Priya General Store - Kondapur Branch,SKU-1042,Umbrella - Standard 21in,8
2023-04-11,Priya General Store - Kondapur Branch,SKU-1043,Raincoat - Adult M,6
2023-04-11,Priya General Store - Kondapur Branch,SKU-2091,Sunscreen SPF50 100ml,19
2023-04-11,Priya General Store - Kondapur Branch,SKU-3087,Diyas - Clay Set of 12,1
2023-04-12,Priya General Store - Kondapur Branch,SKU-1042,Umbrella - Standard 21in,8
2023-04-12,Priya General Store - Kondapur Branch,SKU-1043,Raincoat - Adult M,2
2023-04-12,Priya General Store - Kondapur Branch,SKU-2091,Sunscreen SPF50 100ml,30
2023-04-12,Priya General Store - Kondapur Branch,SKU-3087,Diyas - Clay Set of 12,2
2023-04-13,Priya General Store - Kondapur Branch,SKU-1042,Umbrella - Standard 21in,9
2023-04-13,Priya General Store - Kondapur Branch,SKU-1043,Raincoat - Adult M,5
2023-04-13,Priya General Store - Kondapur Branch,SKU-2091,Sunscreen SPF50 100ml,21
2023-04-13,Priya General Store - Kondapur Branch,SKU-3087,Diyas - Clay Set of 12,3
2023-04-14,Priya General Store - Kondapur Branch,SKU-1042,Umbrella - Standard 21in,10
2023-04-14,Priya General Store - Kondapur Branch,SKU-1043,Raincoat - Adult M,2
2023-04-14,Priya General Store - Kondapur Branch,SKU-2091,Sunscreen SPF50 100ml,20
2023-04-14,Priya General Store - Kondapur Branch,SKU-3087,Diyas - Clay Set of 12,1
2023-04-15,Priya General Store - Kondapur Branch,SKU-1042,Umbrella - Standard 21in,5
2023-04-15,Priya General Store - Kondapur Branch,SKU-1043,Raincoat - Adult M,2
2023-04-15,Priya General Store - Kondapur Branch,SKU-2091,Sunscreen SPF50 100ml,17
2023-04-15,Priya General Store - Kondapur Branch,SKU-3087,Diyas - Clay Set of 12,3
2023-04-16,Priya General Store - Kondapur Branch,SKU-1042,Umbrella - Standard 21in,7
2023-04-16,Priya General Store - Kondapur Branch,SKU-1043,Raincoat - Adult M,5
2023-04-16,Priya General Store - Kondapur Branch,SKU-2091,Sunscreen SPF50 100ml,22
2023-04-16,Priya General Store - Kondapur Branch,SKU-3087,Diyas - Clay Set of 12,4
2023-04-17,Priya General Store - Kondapur Branch,SKU-1042,Umbrella - Standard 21in,9
2023-04-17,Priya General Store - Kondapur Branch,SKU-1043,Raincoat - Adult M,3
2023-04-17,Priya General Store - Kondapur Branch,SKU-2091,Sunscreen SPF50 100ml,23
2023-04-17,Priya General Store - Kondapur Branch,SKU-3087,Diyas - Clay Set of 12,5
2023-04-18,Priya General Store - Kondapur Branch,SKU-1042,Umbrella - Standard 21in,5
2023-04-18,Priya General Store - Kondapur Branch,SKU-1043,Raincoat - Adult M,4
2023-04-18,Priya General Store - Kondapur Branch,SKU-2091,Sunscreen SPF50 100ml,25
2023-04-18,Priya General Store - Kondapur Branch,SKU-3087,Diyas - Clay Set of 12,4
2023-04-19,Priya General Store - Kondapur Branch,SKU-1042,Umbrella - Standard 21in,9
2023-04-19,Priya General Store - Kondapur Branch,SKU-1043,Raincoat - Adult M,5
2023-04-19,Priya General Store - Kondapur Branch,SKU-2091,Sunscreen SPF50 100ml,22
2023-04-19,Priya General Store - Kondapur Branch,SKU-3087,Diyas - Clay Set of 12,2
2023-04-20,Priya General Store - Kondapur Branch,SKU-1042,Umbrella - Standard 21in,6
2023-04-20,Priya General Store - Kondapur Branch,SKU-1043,Raincoat - Adult M,5
2023-04-20,Priya General Store - Kondapur Branch,SKU-2091,Sunscreen SPF50 100ml,27
2023-04-20,Priya General Store - Kondapur Branch,SKU-3087,Diyas - Clay Set of 12,2
2023-04-21,Priya General Store - Kondapur Branch,SKU-1042,Umbrella - Standard 21in,5
2023-04-21,Priya General Store - Kondapur Branch,SKU-1043,Raincoat - Adult M,6
2023-04-21,Priya General Store - Kondapur Branch,SKU-2091,Sunscreen SPF50 100ml,19
2023-04-21,Priya General Store - Kondapur Branch,SKU-3087,Diyas - Clay Set of 12,4
2023-04-22,Priya General Store - Kondapur Branch,SKU-1042,Umbrella - Standard 21in,6
2023-04-22,Priya General Store - Kondapur Branch,SKU-1043,Raincoat - Adult M,3
2023-04-22,Priya General Store - Kondapur Branch,SKU-2091,Sunscreen SPF50 100ml,22
2023-04-22,Priya General Store - Kondapur Branch,SKU-3087,Diyas - Clay Set of 12,4
2023-04-23,Priya General Store - Kondapur Branch,SKU-1042,Umbrella - Standard 21in,11
2023-04-23,Priya General Store - Kondapur Branch,SKU-1043,Raincoat - Adult M,6
2023-04-23,Priya General Store - Kondapur Branch,SKU-2091,Sunscreen SPF50 100ml,24
2023-04-23,Priya General Store - Kondapur Branch,SKU-3087,Diyas - Clay Set of 12,1
2023-04-24,Priya General Store - Kondapur Branch,SKU-1042,Umbrella - Standard 21in,6
2023-04-24,Priya General Store - Kondapur Branch,SKU-1043,Raincoat - Adult M,4
2023-04-24,Priya General Store - Kondapur Branch,SKU-2091,Sunscreen SPF50 100ml,19
2023-04-24,Priya General Store - Kondapur Branch,SKU-3087,Diyas - Clay Set of 12,1
2023-04-25,Priya General Store - Kondapur Branch,SKU-1042,Umbrella - Standard 21in,10
2023-04-25,Priya General Store - Kondapur Branch,SKU-1043,Raincoat - Adult M,2
2023-04-25,Priya General Store - Kondapur Branch,SKU-2091,Sunscreen SPF50 100ml,16
2023-04-25,Priya General Store - Kondapur Branch,SKU-3087,Diyas - Clay Set of 12,4
2023-04-26,Priya General Store - Kondapur Branch,SKU-1042,Umbrella - Standard 21in,9
2023-04-26,Priya General Store - Kondapur Branch,SKU-1043,Raincoat - Adult M,3
2023-04-26,Priya General Store - Kondapur Branch,SKU-2091,Sunscreen SPF50 100ml,19
2023-04-26,Priya General Store - Kondapur Branch,SKU-3087,Diyas - Clay Set of 12,5
2023-04-27,Priya General Store - Kondapur Branch,SKU-1042,Umbrella - Standard 21in,8
2023-04-27,Priya General Store - Kondapur Branch,SKU-1043,Raincoat - Adult M,3
2023-04-27,Priya General Store - Kondapur Branch,SKU-2091,Sunscreen SPF50 100ml,22
2023-04-27,Priya General Store - Kondapur Branch,SKU-3087,Diyas - Clay Set of 12,1
2023-04-28,Priya General Store - Kondapur Branch,SKU-1042,Umbrella - Standard 21in,8
2023-04-28,Priya General Store - Kondapur Branch,SKU-1043,Raincoat - Adult M,6
2023-04-28,Priya General Store - Kondapur Branch,SKU-2091,Sunscreen SPF50 100ml,25
2023-04-28,Priya General Store - Kondapur Branch,SKU-3087,Diyas - Clay Set of 12,3
2023-04-29,Priya General Store - Kondapur Branch,SKU-1042,Umbrella - Standard 21in,8
2023-04-29,Priya General Store - Kondapur Branch,SKU-1043,Raincoat - Adult M,5
2023-04-29,Priya General Store - Kondapur Branch,SKU-2091,Sunscreen SPF50 100ml,21
2023-04-29,Priya General Store - Kondapur Branch,SKU-3087,Diyas - Clay Set of 12,1
2023-04-30,Priya General Store - Kondapur Branch,SKU-1042,Umbrella - Standard 21in,9
2023-04-30,Priya General Store - Kondapur Branch,SKU-1043,Raincoat - Adult M,4
2023-04-30,Priya General Store - Kondapur Branch,SKU-2091,Sunscreen SPF50 100ml,19
2023-04-30,Priya General Store - Kondapur Branch,SKU-3087,Diyas - Clay Set of 12,4
2023-05-01,Priya General Store - Kondapur Branch,SKU-1042,Umbrella - Standard 21in,9
2023-05-01,Priya General Store - Kondapur Branch,SKU-1043,Raincoat - Adult M,2
2023-05-01,Priya General Store - Kondapur Branch,SKU-2091,Sunscreen SPF50 100ml,18
2023-05-01,Priya General Store - Kondapur Branch,SKU-3087,Diyas - Clay Set of 12,3
2023-05-02,Priya General Store - Kondapur Branch,SKU-1042,Umbrella - Standard 21in,6
2023-05-02,Priya General Store - Kondapur Branch,SKU-1043,Raincoat - Adult M,4
2023-05-02,Priya General Store - Kondapur Branch,SKU-2091,Sunscreen SPF50 100ml,14
2023-05-02,Priya General Store - Kondapur Branch,SKU-3087,Diyas - Clay Set of 12,2
2023-05-03,Priya General Store - Kondapur Branch,SKU-1042,Umbrella - Standard 21in,10
2023-05-03,Priya General Store - Kondapur Branch,SKU-1043,Raincoat - Adult M,4
2023-05-03,Priya General Store - Kondapur Branch,SKU-2091,Sunscreen SPF50 100ml,11
2023-05-03,Priya General Store - Kondapur Branch,SKU-3087,Diyas - Clay Set of 12,2
2023-05-04,Priya General Store - Kondapur Branch,SKU-1042,Umbrella - Standard 21in,7
2023-05-04,Priya General Store - Kondapur Branch,SKU-1043,Raincoat - Adult M,5
2023-05-04,Priya General Store - Kondapur Branch,SKU-2091,Sunscreen SPF50 100ml,13
2023-05-04,Priya General Store - Kondapur Branch,SKU-3087,Diyas - Clay Set of 12,3
2023-05-05,Priya General Store - Kondapur Branch,SKU-1042,Umbrella - Standard 21in,7
2023-05-05,Priya General Store - Kondapur Branch,SKU-1043,Raincoat - Adult M,4
2023-05-05,Priya General Store - Kondapur Branch,SKU-2091,Sunscreen SPF50 100ml,18
2023-05-05,Priya General Store - Kondapur Branch,SKU-3087,Diyas - Clay Set of 12,3
2023-05-06,Priya General Store - Kondapur Branch,SKU-1042,Umbrella - Standard 21in,7
2023-05-06,Priya General Store - Kondapur Branch,SKU-1043,Raincoat - Adult M,5
2023-05-06,Priya General Store - Kondapur Branch,SKU-2091,Sunscreen SPF50 100ml,13
2023-05-06,Priya General Store - Kondapur Branch,SKU-3087,Diyas - Clay Set of 12,2
2023-05-07,Priya General Store - Kondapur Branch,SKU-1042,Umbrella - Standard 21in,10
2023-05-07,Priya General Store - Kondapur Branch,SKU-1043,Raincoat - Adult M,5
2023-05-07,Priya General Store - Kondapur Branch,SKU-2091,Sunscreen SPF50 100ml,19
2023-05-07,Priya General Store - Kondapur Branch,SKU-3087,Diyas - Clay Set of 12,0
2023-05-08,Priya General Store - Kondapur Branch,SKU-1042,Umbrella - Standard 21in,9
2023-05-08,Priya General Store - Kondapur Branch,SKU-1043,Raincoat - Adult M,4
2023-05-08,Priya General Store - Kondapur Branch,SKU-2091,Sunscreen SPF50 100ml,15
2023-05-08,Priya General Store - Kondapur Branch,SKU-3087,Diyas - Clay Set of 12,3
2023-05-09,Priya General Store - Kondapur Branch,SKU-1042,Umbrella - Standard 21in,6
2023-05-09,Priya General Store - Kondapur Branch,SKU-1043,Raincoat - Adult M,6
2023-05-09,Priya General Store - Kondapur Branch,SKU-2091,Sunscreen SPF50 100ml,19
2023-05-09,Priya General Store - Kondapur Branch,SKU-3087,Diyas - Clay Set of 12,5
2023-05-10,Priya General Store - Kondapur Branch,SKU-1042,Umbrella - Standard 21in,5
2023-05-10,Priya General Store - Kondapur Branch,SKU-1043,Raincoat - Adult M,5
2023-05-10,Priya General Store - Kondapur Branch,SKU-2091,Sunscreen SPF50 100ml,15
2023-05-10,Priya General Store - Kondapur Branch,SKU-3087,Diyas - Clay Set of 12,1
2023-05-11,Priya General Store - Kondapur Branch,SKU-1042,Umbrella - Standard 21in,5
2023-05-11,Priya General Store - Kondapur Branch,SKU-1043,Raincoat - Adult M,5
2023-05-11,Priya General Store - Kondapur Branch,SKU-2091,Sunscreen SPF50 100ml,14
2023-05-11,Priya General Store - Kondapur Branch,SKU-3087,Diyas - Clay Set of 12,2
2023-05-12,Priya General Store - Kondapur Branch,SKU-1042,Umbrella - Standard 21in,7
2023-05-12,Priya General Store - Kondapur Branch,SKU-1043,Raincoat - Adult M,6
2023-05-12,Priya General Store - Kondapur Branch,SKU-2091,Sunscreen SPF50 100ml,13
2023-05-12,Priya General Store - Kondapur Branch,SKU-3087,Diyas - Clay Set of 12,1
2023-05-13,Priya General Store - Kondapur Branch,SKU-1042,Umbrella - Standard 21in,9
2023-05-13,Priya General Store - Kondapur Branch,SKU-1043,Raincoat - Adult M,4
2023-05-13,Priya General Store - Kondapur Branch,SKU-2091,Sunscreen SPF50 100ml,16
2023-05-13,Priya General Store - Kondapur Branch,SKU-3087,Diyas - Clay Set of 12,4
2023-05-14,Priya General Store - Kondapur Branch,SKU-1042,Umbrella - Standard 21in,11
2023-05-14,Priya General Store - Kondapur Branch,SKU-1043,Raincoat - Adult M,4
2023-05-14,Priya General Store - Kondapur Branch,SKU-2091,Sunscreen SPF50 100ml,16
2023-05-14,Priya General Store - Kondapur Branch,SKU-3087,Diyas - Clay Set of 12,3
2023-05-15,Priya General Store - Kondapur Branch,SKU-1042,Umbrella - Standard 21in,5
2023-05-15,Priya General Store - Kondapur Branch,SKU-1043,Raincoat - Adult M,5
2023-05-15,Priya General Store - Kondapur Branch,SKU-2091,Sunscreen SPF50 100ml,14
2023-05-15,Priya General Store - Kondapur Branch,SKU-3087,Diyas - Clay Set of 12,5
2023-05-16,Priya General Store - Kondapur Branch,SKU-1042,Umbrella - Standard 21in,5
2023-05-16,Priya General Store - Kondapur Branch,SKU-1043,Raincoat - Adult M,3
2023-05-16,Priya General Store - Kondapur Branch,SKU-2091,Sunscreen SPF50 100ml,14
2023-05-16,Priya General Store - Kondapur Branch,SKU-3087,Diyas - Clay Set of 12,5
2023-05-17,Priya General Store - Kondapur Branch,SKU-1042,Umbrella - Standard 21in,6
2023-05-17,Priya General Store - Kondapur Branch,SKU-1043,Raincoat - Adult M,3
2023-05-17,Priya General Store - Kondapur Branch,SKU-2091,Sunscreen SPF50 100ml,13
2023-05-17,Priya General Store - Kondapur Branch,SKU-3087,Diyas - Clay Set of 12,0
2023-05-18,Priya General Store - Kondapur Branch,SKU-1042,Umbrella - Standard 21in,11
2023-05-18,Priya General Store - Kondapur Branch,SKU-1043,Raincoat - Adult M,6
2023-05-18,Priya General Store - Kondapur Branch,SKU-2091,Sunscreen SPF50 100ml,13
2023-05-18,Priya General Store - Kondapur Branch,SKU-3087,Diyas - Clay Set of 12,1
2023-05-19,Priya General Store - Kondapur Branch,SKU-1042,Umbrella - Standard 21in,7
2023-05-19,Priya General Store - Kondapur Branch,SKU-1043,Raincoat - Adult M,4
2023-05-19,Priya General Store - Kondapur Branch,SKU-2091,Sunscreen SPF50 100ml,15
2023-05-19,Priya General Store - Kondapur Branch,SKU-3087,Diyas - Clay Set of 12,4
2023-05-20,Priya General Store - Kondapur Branch,SKU-1042,Umbrella - Standard 21in,13
2023-05-20,Priya General Store - Kondapur Branch,SKU-1043,Raincoat - Adult M,5
2023-05-20,Priya General Store - Kondapur Branch,SKU-2091,Sunscreen SPF50 100ml,19
2023-05-20,Priya General Store - Kondapur Branch,SKU-3087,Diyas - Clay Set of 12,5
2023-05-21,Priya General Store - Kondapur Branch,SKU-1042,Umbrella - Standard 21in,11
2023-05-21,Priya General Store - Kondapur Branch,SKU-1043,Raincoat - Adult M,5
2023-05-21,Priya General Store - Kondapur Branch,SKU-2091,Sunscreen SPF50 100ml,11
2023-05-21,Priya General Store - Kondapur Branch,SKU-3087,Diyas - Clay Set of 12,4
2023-05-22,Priya General Store - Kondapur Branch,SKU-1042,Umbrella - Standard 21in,6
2023-05-22,Priya General Store - Kondapur Branch,SKU-1043,Raincoat - Adult M,2
2023-05-22,Priya General Store - Kondapur Branch,SKU-2091,Sunscreen SPF50 100ml,13
2023-05-22,Priya General Store - Kondapur Branch,SKU-3087,Diyas - Clay Set of 12,3
2023-05-23,Priya General Store - Kondapur Branch,SKU-1042,Umbrella - Standard 21in,52
2023-05-23,Priya General Store - Kondapur Branch,SKU-1043,Raincoat - Adult M,7
2023-05-23,Priya General Store - Kondapur Branch,SKU-2091,Sunscreen SPF50 100ml,17
2023-05-23,Priya General Store - Kondapur Branch,SKU-3087,Diyas - Clay Set of 12,1
2023-05-24,Priya General Store - Kondapur Branch,SKU-1042,Umbrella - Standard 21in,63
2023-05-24,Priya General Store - Kondapur Branch,SKU-1043,Raincoat - Adult M,3
2023-05-24,Priya General Store - Kondapur Branch,SKU-2091,Sunscreen SPF50 100ml,17
2023-05-24,Priya General Store - Kondapur Branch,SKU-3087,Diyas - Clay Set of 12,1
2023-05-25,Priya General Store - Kondapur Branch,SKU-1042,Umbrella - Standard 21in,49
2023-05-25,Priya General Store - Kondapur Branch,SKU-1043,Raincoat - Adult M,15
2023-05-25,Priya General Store - Kondapur Branch,SKU-2091,Sunscreen SPF50 100ml,12
2023-05-25,Priya General Store - Kondapur Branch,SKU-3087,Diyas - Clay Set of 12,1
2023-05-26,Priya General Store - Kondapur Branch,SKU-1042,Umbrella - Standard 21in,39
2023-05-26,Priya General Store - Kondapur Branch,SKU-1043,Raincoat - Adult M,30
2023-05-26,Priya General Store - Kondapur Branch,SKU-2091,Sunscreen SPF50 100ml,19
2023-05-26,Priya General Store - Kondapur Branch,SKU-3087,Diyas - Clay Set of 12,1
2023-05-27,Priya General Store - Kondapur Branch,SKU-1042,Umbrella - Standard 21in,92
2023-05-27,Priya General Store - Kondapur Branch,SKU-1043,Raincoat - Adult M,12
2023-05-27,Priya General Store - Kondapur Branch,SKU-2091,Sunscreen SPF50 100ml,16
2023-05-27,Priya General Store - Kondapur Branch,SKU-3087,Diyas - Clay Set of 12,5
2023-05-28,Priya General Store - Kondapur Branch,SKU-1042,Umbrella - Standard 21in,90
2023-05-28,Priya General Store - Kondapur Branch,SKU-1043,Raincoat - Adult M,13
2023-05-28,Priya General Store - Kondapur Branch,SKU-2091,Sunscreen SPF50 100ml,16
2023-05-28,Priya General Store - Kondapur Branch,SKU-3087,Diyas - Clay Set of 12,3
2023-05-29,Priya General Store - Kondapur Branch,SKU-1042,Umbrella - Standard 21in,97
2023-05-29,Priya General Store - Kondapur Branch,SKU-1043,Raincoat - Adult M,42
2023-05-29,Priya General Store - Kondapur Branch,SKU-2091,Sunscreen SPF50 100ml,19
2023-05-29,Priya General Store - Kondapur Branch,SKU-3087,Diyas - Clay Set of 12,3
2023-05-30,Priya General Store - Kondapur Branch,SKU-1042,Umbrella - Standard 21in,57
2023-05-30,Priya General Store - Kondapur Branch,SKU-1043,Raincoat - Adult M,26
2023-05-30,Priya General Store - Kondapur Branch,SKU-2091,Sunscreen SPF50 100ml,13
2023-05-30,Priya General Store - Kondapur Branch,SKU-3087,Diyas - Clay Set of 12,4
2023-05-31,Priya General Store - Kondapur Branch,SKU-1042,Umbrella - Standard 21in,73
2023-05-31,Priya General Store - Kondapur Branch,SKU-1043,Raincoat - Adult M,36
2023-05-31,Priya General Store - Kondapur Branch,SKU-2091,Sunscreen SPF50 100ml,18
2023-05-31,Priya General Store - Kondapur Branch,SKU-3087,Diyas - Clay Set of 12,3
2023-06-01,Priya General Store - Kondapur Branch,SKU-1042,Umbrella - Standard 21in,46
2023-06-01,Priya General Store - Kondapur Branch,SKU-1043,Raincoat - Adult M,16
2023-06-01,Priya General Store - Kondapur Branch,SKU-2091,Sunscreen SPF50 100ml,11
2023-06-01,Priya General Store - Kondapur Branch,SKU-3087,Diyas - Clay Set of 12,3
2023-06-02,Priya General Store - Kondapur Branch,SKU-1042,Umbrella - Standard 21in,51
2023-06-02,Priya General Store - Kondapur Branch,SKU-1043,Raincoat - Adult M,26
2023-06-02,Priya General Store - Kondapur Branch,SKU-2091,Sunscreen SPF50 100ml,19
2023-06-02,Priya General Store - Kondapur Branch,SKU-3087,Diyas - Clay Set of 12,4
2023-06-03,Priya General Store - Kondapur Branch,SKU-1042,Umbrella - Standard 21in,57
2023-06-03,Priya General Store - Kondapur Branch,SKU-1043,Raincoat - Adult M,17
2023-06-03,Priya General Store - Kondapur Branch,SKU-2091,Sunscreen SPF50 100ml,0
2023-06-03,Priya General Store - Kondapur Branch,SKU-3087,Diyas - Clay Set of 12,3
2023-06-04,Priya General Store - Kondapur Branch,SKU-1042,Umbrella - Standard 21in,53
2023-06-04,Priya General Store - Kondapur Branch,SKU-1043,Raincoat - Adult M,16
2023-06-04,Priya General Store - Kondapur Branch,SKU-2091,Sunscreen SPF50 100ml,18
2023-06-04,Priya General Store - Kondapur Branch,SKU-3087,Diyas - Clay Set of 12,2
2023-06-05,Priya General Store - Kondapur Branch,SKU-1042,Umbrella - Standard 21in,39
2023-06-05,Priya General Store - Kondapur Branch,SKU-1043,Raincoat - Adult M,13
2023-06-05,Priya General Store - Kondapur Branch,SKU-2091,Sunscreen SPF50 100ml,11
2023-06-05,Priya General Store - Kondapur Branch,SKU-3087,Diyas - Clay Set of 12,4
2023-06-06,Priya General Store - Kondapur Branch,SKU-1042,Umbrella - Standard 21in,46
2023-06-06,Priya General Store - Kondapur Branch,SKU-1043,Raincoat - Adult M,20
2023-06-06,Priya General Store - Kondapur Branch,SKU-2091,Sunscreen SPF50 100ml,17
2023-06-06,Priya General Store - Kondapur Branch,SKU-3087,Diyas - Clay Set of 12,4
2023-06-07,Priya General Store - Kondapur Branch,SKU-1042,Umbrella - Standard 21in,28
2023-06-07,Priya General Store - Kondapur Branch,SKU-1043,Raincoat - Adult M,19
2023-06-07,Priya General Store - Kondapur Branch,SKU-2091,Sunscreen SPF50 100ml,16
2023-06-07,Priya General Store - Kondapur Branch,SKU-3087,Diyas - Clay Set of 12,1
2023-06-08,Priya General Store - Kondapur Branch,SKU-1042,Umbrella - Standard 21in,36
2023-06-08,Priya General Store - Kondapur Branch,SKU-1043,Raincoat - Adult M,15
2023-06-08,Priya General Store - Kondapur Branch,SKU-2091,Sunscreen SPF50 100ml,14
2023-06-08,Priya General Store - Kondapur Branch,SKU-3087,Diyas - Clay Set of 12,2
2023-06-09,Priya General Store - Kondapur Branch,SKU-1042,Umbrella - Standard 21in,35
2023-06-09,Priya General Store - Kondapur Branch,SKU-1043,Raincoat - Adult M,9
2023-06-09,Priya General Store - Kondapur Branch,SKU-2091,Sunscreen SPF50 100ml,13
2023-06-09,Priya General Store - Kondapur Branch,SKU-3087,Diyas - Clay Set of 12,2
2023-06-10,Priya General Store - Kondapur Branch,SKU-1042,Umbrella - Standard 21in,21
2023-06-10,Priya General Store - Kondapur Branch,SKU-1043,Raincoat - Adult M,2
2023-06-10,Priya General Store - Kondapur Branch,SKU-2091,Sunscreen SPF50 100ml,18
2023-06-10,Priya General Store - Kondapur Branch,SKU-3087,Diyas - Clay Set of 12,5
2023-06-11,Priya General Store - Kondapur Branch,SKU-1042,Umbrella - Standard 21in,8
2023-06-11,Priya General Store - Kondapur Branch,SKU-1043,Raincoat - Adult M,6
2023-06-11,Priya General Store - Kondapur Branch,SKU-2091,Sunscreen SPF50 100ml,16
2023-06-11,Priya General Store - Kondapur Branch,SKU-3087,Diyas - Clay Set of 12,3
2023-06-12,Priya General Store - Kondapur Branch,SKU-1042,Umbrella - Standard 21in,5
2023-06-12,Priya General Store - Kondapur Branch,SKU-1043,Raincoat - Adult M,4
2023-06-12,Priya General Store - Kondapur Branch,SKU-2091,Sunscreen SPF50 100ml,11
2023-06-12,Priya General Store - Kondapur Branch,SKU-3087,Diyas - Clay Set of 12,1
2023-06-13,Priya General Store - Kondapur Branch,SKU-1042,Umbrella - Standard 21in,8
2023-06-13,Priya General Store - Kondapur Branch,SKU-1043,Raincoat - Adult M,4
2023-06-13,Priya General Store - Kondapur Branch,SKU-2091,Sunscreen SPF50 100ml,12
2023-06-13,Priya General Store - Kondapur Branch,SKU-3087,Diyas - Clay Set of 12,1
2023-06-14,Priya General Store - Kondapur Branch,SKU-1042,Umbrella - Standard 21in,9
2023-06-14,Priya General Store - Kondapur Branch,SKU-1043,Raincoat - Adult M,6
2023-06-14,Priya General Store - Kondapur Branch,SKU-2091,Sunscreen SPF50 100ml,11
2023-06-14,Priya General Store - Kondapur Branch,SKU-3087,Diyas - Clay Set of 12,5
2023-06-15,Priya General Store - Kondapur Branch,SKU-1042,Umbrella - Standard 21in,7
2023-06-15,Priya General Store - Kondapur Branch,SKU-1043,Raincoat - Adult M,6
2023-06-15,Priya General Store - Kondapur Branch,SKU-2091,Sunscreen SPF50 100ml,11
2023-06-15,Priya General Store - Kondapur Branch,SKU-3087,Diyas - Clay Set of 12,3
2023-06-16,Priya General Store - Kondapur Branch,SKU-1042,Umbrella - Standard 21in,5
2023-06-16,Priya General Store - Kondapur Branch,SKU-1043,Raincoat - Adult M,3
2023-06-16,Priya General Store - Kondapur Branch,SKU-2091,Sunscreen SPF50 100ml,18
2023-06-16,Priya General Store - Kondapur Branch,SKU-3087,Diyas - Clay Set of 12,5
2023-06-17,Priya General Store - Kondapur Branch,SKU-1042,Umbrella - Standard 21in,6
2023-06-17,Priya General Store - Kondapur Branch,SKU-1043,Raincoat - Adult M,4
2023-06-17,Priya General Store - Kondapur Branch,SKU-2091,Sunscreen SPF50 100ml,16
2023-06-17,Priya General Store - Kondapur Branch,SKU-3087,Diyas - Clay Set of 12,1
2023-06-18,Priya General Store - Kondapur Branch,SKU-1042,Umbrella - Standard 21in,10
2023-06-18,Priya General Store - Kondapur Branch,SKU-1043,Raincoat - Adult M,4
2023-06-18,Priya General Store - Kondapur Branch,SKU-2091,Sunscreen SPF50 100ml,17
2023-06-18,Priya General Store - Kondapur Branch,SKU-3087,Diyas - Clay Set of 12,5
2023-06-19,Priya General Store - Kondapur Branch,SKU-1042,Umbrella - Standard 21in,7
2023-06-19,Priya General Store - Kondapur Branch,SKU-1043,Raincoat - Adult M,3
2023-06-19,Priya General Store - Kondapur Branch,SKU-2091,Sunscreen SPF50 100ml,15
2023-06-19,Priya General Store - Kondapur Branch,SKU-3087,Diyas - Clay Set of 12,4
2023-06-20,Priya General Store - Kondapur Branch,SKU-1042,Umbrella - Standard 21in,10
2023-06-20,Priya General Store - Kondapur Branch,SKU-1043,Raincoat - Adult M,4
2023-06-20,Priya General Store - Kondapur Branch,SKU-2091,Sunscreen SPF50 100ml,16
2023-06-20,Priya General Store - Kondapur Branch,SKU-3087,Diyas - Clay Set of 12,5
2023-06-21,Priya General Store - Kondapur Branch,SKU-1042,Umbrella - Standard 21in,10
2023-06-21,Priya General Store - Kondapur Branch,SKU-1043,Raincoat - Adult M,4
2023-06-21,Priya General Store - Kondapur Branch,SKU-2091,Sunscreen SPF50 100ml,15
2023-06-21,Priya General Store - Kondapur Branch,SKU-3087,Diyas - Clay Set of 12,2
2023-06-22,Priya General Store - Kondapur Branch,SKU-1042,Umbrella - Standard 21in,11
2023-06-22,Priya General Store - Kondapur Branch,SKU-1043,Raincoat - Adult M,3
2023-06-22,Priya General Store - Kondapur Branch,SKU-2091,Sunscreen SPF50 100ml,13
2023-06-22,Priya General Store - Kondapur Branch,SKU-3087,Diyas - Clay Set of 12,1
2023-06-23,Priya General Store - Kondapur Branch,SKU-1042,Umbrella - Standard 21in,9
2023-06-23,Priya General Store - Kondapur Branch,SKU-1043,Raincoat - Adult M,6
2023-06-23,Priya General Store - Kondapur Branch,SKU-2091,Sunscreen SPF50 100ml,16
2023-06-23,Priya General Store - Kondapur Branch,SKU-3087,Diyas - Clay Set of 12,5
2023-06-24,Priya General Store - Kondapur Branch,SKU-1042,Umbrella - Standard 21in,8
2023-06-24,Priya General Store - Kondapur Branch,SKU-1043,Raincoat - Adult M,3
2023-06-24,Priya General Store - Kondapur Branch,SKU-2091,Sunscreen SPF50 100ml,13
2023-06-24,Priya General Store - Kondapur Branch,SKU-3087,Diyas - Clay Set of 12,1
2023-06-25,Priya General Store - Kondapur Branch,SKU-1042,Umbrella - Standard 21in,10
2023-06-25,Priya General Store - Kondapur Branch,SKU-1043,Raincoat - Adult M,5
2023-06-25,Priya General Store - Kondapur Branch,SKU-2091,Sunscreen SPF50 100ml,18
2023-06-25,Priya General Store - Kondapur Branch,SKU-3087,Diyas - Clay Set of 12,2
2023-06-26,Priya General Store - Kondapur Branch,SKU-1042,Umbrella - Standard 21in,11
2023-06-26,Priya General Store - Kondapur Branch,SKU-1043,Raincoat - Adult M,3
2023-06-26,Priya General Store - Kondapur Branch,SKU-2091,Sunscreen SPF50 100ml,18
2023-06-26,Priya General Store - Kondapur Branch,SKU-3087,Diyas - Clay Set of 12,3
2023-06-27,Priya General Store - Kondapur Branch,SKU-1042,Umbrella - Standard 21in,9
2023-06-27,Priya General Store - Kondapur Branch,SKU-1043,Raincoat - Adult M,3
2023-06-27,Priya General Store - Kondapur Branch,SKU-2091,Sunscreen SPF50 100ml,13
2023-06-27,Priya General Store - Kondapur Branch,SKU-3087,Diyas - Clay Set of 12,1
2023-06-28,Priya General Store - Kondapur Branch,SKU-1042,Umbrella - Standard 21in,11
2023-06-28,Priya General Store - Kondapur Branch,SKU-1043,Raincoat - Adult M,2
2023-06-28,Priya General Store - Kondapur Branch,SKU-2091,Sunscreen SPF50 100ml,19
2023-06-28,Priya General Store - Kondapur Branch,SKU-3087,Diyas - Clay Set of 12,3
2023-06-29,Priya General Store - Kondapur Branch,SKU-1042,Umbrella - Standard 21in,6
2023-06-29,Priya General Store - Kondapur Branch,SKU-1043,Raincoat - Adult M,6
2023-06-29,Priya General Store - Kondapur Branch,SKU-2091,Sunscreen SPF50 100ml,17
2023-06-29,Priya General Store - Kondapur Branch,SKU-3087,Diyas - Clay Set of 12,2
2023-06-30,Priya General Store - Kondapur Branch,SKU-1042,Umbrella - Standard 21in,7
2023-06-30,Priya General Store - Kondapur Branch,SKU-1043,Raincoat - Adult M,5
2023-06-30,Priya General Store - Kondapur Branch,SKU-2091,Sunscreen SPF50 100ml,19
2023-06-30,Priya General Store - Kondapur Branch,SKU-3087,Diyas - Clay Set of 12,4
2023-07-01,Priya General Store - Kondapur Branch,SKU-1042,Umbrella - Standard 21in,7
2023-07-01,Priya General Store - Kondapur Branch,SKU-1043,Raincoat - Adult M,4
2023-07-01,Priya General Store - Kondapur Branch,SKU-2091,Sunscreen SPF50 100ml,16
2023-07-01,Priya General Store - Kondapur Branch,SKU-3087,Diyas - Clay Set of 12,2
2023-07-02,Priya General Store - Kondapur Branch,SKU-1042,Umbrella - Standard 21in,11
2023-07-02,Priya General Store - Kondapur Branch,SKU-1043,Raincoat - Adult M,3
2023-07-02,Priya General Store - Kondapur Branch,SKU-2091,Sunscreen SPF50 100ml,18
2023-07-02,Priya General Store - Kondapur Branch,SKU-3087,Diyas - Clay Set of 12,1
2023-07-03,Priya General Store - Kondapur Branch,SKU-1042,Umbrella - Standard 21in,5
2023-07-03,Priya General Store - Kondapur Branch,SKU-1043,Raincoat - Adult M,3
2023-07-03,Priya General Store - Kondapur Branch,SKU-2091,Sunscreen SPF50 100ml,19
2023-07-03,Priya General Store - Kondapur Branch,SKU-3087,Diyas - Clay Set of 12,3
2023-07-04,Priya General Store - Kondapur Branch,SKU-1042,Umbrella - Standard 21in,5
2023-07-04,Priya General Store - Kondapur Branch,SKU-1043,Raincoat - Adult M,5
2023-07-04,Priya General Store - Kondapur Branch,SKU-2091,Sunscreen SPF50 100ml,18
2023-07-04,Priya General Store - Kondapur Branch,SKU-3087,Diyas - Clay Set of 12,4
2023-07-05,Priya General Store - Kondapur Branch,SKU-1042,Umbrella - Standard 21in,5
2023-07-05,Priya General Store - Kondapur Branch,SKU-1043,Raincoat - Adult M,6
2023-07-05,Priya General Store - Kondapur Branch,SKU-2091,Sunscreen SPF50 100ml,13
2023-07-05,Priya General Store - Kondapur Branch,SKU-3087,Diyas - Clay Set of 12,1
2023-07-06,Priya General Store - Kondapur Branch,SKU-1042,Umbrella - Standard 21in,6
2023-07-06,Priya General Store - Kondapur Branch,SKU-1043,Raincoat - Adult M,3
2023-07-06,Priya General Store - Kondapur Branch,SKU-2091,Sunscreen SPF50 100ml,12
2023-07-06,Priya General Store - Kondapur Branch,SKU-3087,Diyas - Clay Set of 12,3
2023-07-07,Priya General Store - Kondapur Branch,SKU-1042,Umbrella - Standard 21in,9
2023-07-07,Priya General Store - Kondapur Branch,SKU-1043,Raincoat - Adult M,6
2023-07-07,Priya General Store - Kondapur Branch,SKU-2091,Sunscreen SPF50 100ml,17
2023-07-07,Priya General Store - Kondapur Branch,SKU-3087,Diyas - Clay Set of 12,1
2023-07-08,Priya General Store - Kondapur Branch,SKU-1042,Umbrella - Standard 21in,7
2023-07-08,Priya General Store - Kondapur Branch,SKU-1043,Raincoat - Adult M,2
2023-07-08,Priya General Store - Kondapur Branch,SKU-2091,Sunscreen SPF50 100ml,12
2023-07-08,Priya General Store - Kondapur Branch,SKU-3087,Diyas - Clay Set of 12,1
2023-07-09,Priya General Store - Kondapur Branch,SKU-1042,Umbrella - Standard 21in,10
2023-07-09,Priya General Store - Kondapur Branch,SKU-1043,Raincoat - Adult M,3
2023-07-09,Priya General Store - Kondapur Branch,SKU-2091,Sunscreen SPF50 100ml,19
2023-07-09,Priya General Store - Kondapur Branch,SKU-3087,Diyas - Clay Set of 12,2
2023-07-10,Priya General Store - Kondapur Branch,SKU-1042,Umbrella - Standard 21in,10
2023-07-10,Priya General Store - Kondapur Branch,SKU-1043,Raincoat - Adult M,5
2023-07-10,Priya General Store - Kondapur Branch,SKU-2091,Sunscreen SPF50 100ml,13
2023-07-10,Priya General Store - Kondapur Branch,SKU-3087,Diyas - Clay Set of 12,4
2023-07-11,Priya General Store - Kondapur Branch,SKU-1042,Umbrella - Standard 21in,6
2023-07-11,Priya General Store - Kondapur Branch,SKU-1043,Raincoat - Adult M,3
2023-07-11,Priya General Store - Kondapur Branch,SKU-2091,Sunscreen SPF50 100ml,16
2023-07-11,Priya General Store - Kondapur Branch,SKU-3087,Diyas - Clay Set of 12,5
2023-07-12,Priya General Store - Kondapur Branch,SKU-1042,Umbrella - Standard 21in,11
2023-07-12,Priya General Store - Kondapur Branch,SKU-1043,Raincoat - Adult M,4
2023-07-12,Priya General Store - Kondapur Branch,SKU-2091,Sunscreen SPF50 100ml,14
2023-07-12,Priya General Store - Kondapur Branch,SKU-3087,Diyas - Clay Set of 12,1
2023-07-13,Priya General Store - Kondapur Branch,SKU-1042,Umbrella - Standard 21in,7
2023-07-13,Priya General Store - Kondapur Branch,SKU-1043,Raincoat - Adult M,4
2023-07-13,Priya General Store - Kondapur Branch,SKU-2091,Sunscreen SPF50 100ml,17
2023-07-13,Priya General Store - Kondapur Branch,SKU-3087,Diyas - Clay Set of 12,4
2023-07-14,Priya General Store - Kondapur Branch,SKU-1042,Umbrella - Standard 21in,6
2023-07-14,Priya General Store - Kondapur Branch,SKU-1043,Raincoat - Adult M,5
2023-07-14,Priya General Store - Kondapur Branch,SKU-2091,Sunscreen SPF50 100ml,19
2023-07-14,Priya General Store - Kondapur Branch,SKU-3087,Diyas - Clay Set of 12,1
2023-07-15,Priya General Store - Kondapur Branch,SKU-1042,Umbrella - Standard 21in,5
2023-07-15,Priya General Store - Kondapur Branch,SKU-1043,Raincoat - Adult M,3
2023-07-15,Priya General Store - Kondapur Branch,SKU-2091,Sunscreen SPF50 100ml,16
2023-07-15,Priya General Store - Kondapur Branch,SKU-3087,Diyas - Clay Set of 12,3
2023-07-16,Priya General Store - Kondapur Branch,SKU-1042,Umbrella - Standard 21in,7
2023-07-16,Priya General Store - Kondapur Branch,SKU-1043,Raincoat - Adult M,5
2023-07-16,Priya General Store - Kondapur Branch,SKU-2091,Sunscreen SPF50 100ml,18
2023-07-16,Priya General Store - Kondapur Branch,SKU-3087,Diyas - Clay Set of 12,1
2023-07-17,Priya General Store - Kondapur Branch,SKU-1042,Umbrella - Standard 21in,7
2023-07-17,Priya General Store - Kondapur Branch,SKU-1043,Raincoat - Adult M,5
2023-07-17,Priya General Store - Kondapur Branch,SKU-2091,Sunscreen SPF50 100ml,11
2023-07-17,Priya General Store - Kondapur Branch,SKU-3087,Diyas - Clay Set of 12,4
2023-07-18,Priya General Store - Kondapur Branch,SKU-1042,Umbrella - Standard 21in,11
2023-07-18,Priya General Store - Kondapur Branch,SKU-1043,Raincoat - Adult M,3
2023-07-18,Priya General Store - Kondapur Branch,SKU-2091,Sunscreen SPF50 100ml,13
2023-07-18,Priya General Store - Kondapur Branch,SKU-3087,Diyas - Clay Set of 12,4
2023-07-19,Priya General Store - Kondapur Branch,SKU-1042,Umbrella - Standard 21in,5
2023-07-19,Priya General Store - Kondapur Branch,SKU-1043,Raincoat - Adult M,4
2023-07-19,Priya General Store - Kondapur Branch,SKU-2091,Sunscreen SPF50 100ml,11
2023-07-19,Priya General Store - Kondapur Branch,SKU-3087,Diyas - Clay Set of 12,4
2023-07-20,Priya General Store - Kondapur Branch,SKU-1042,Umbrella - Standard 21in,7
2023-07-20,Priya General Store - Kondapur Branch,SKU-1043,Raincoat - Adult M,2
2023-07-20,Priya General Store - Kondapur Branch,SKU-2091,Sunscreen SPF50 100ml,19
2023-07-20,Priya General Store - Kondapur Branch,SKU-3087,Diyas - Clay Set of 12,3
2023-07-21,Priya General Store - Kondapur Branch,SKU-1042,Umbrella - Standard 21in,6
2023-07-21,Priya General Store - Kondapur Branch,SKU-1043,Raincoat - Adult M,2
2023-07-21,Priya General Store - Kondapur Branch,SKU-2091,Sunscreen SPF50 100ml,18
2023-07-21,Priya General Store - Kondapur Branch,SKU-3087,Diyas - Clay Set of 12,5
2023-07-22,Priya General Store - Kondapur Branch,SKU-1042,Umbrella - Standard 21in,11
2023-07-22,Priya General Store - Kondapur Branch,SKU-1043,Raincoat - Adult M,5
2023-07-22,Priya General Store - Kondapur Branch,SKU-2091,Sunscreen SPF50 100ml,15
2023-07-22,Priya General Store - Kondapur Branch,SKU-3087,Diyas - Clay Set of 12,4
2023-07-23,Priya General Store - Kondapur Branch,SKU-1042,Umbrella - Standard 21in,6
2023-07-23,Priya General Store - Kondapur Branch,SKU-1043,Raincoat - Adult M,5
2023-07-23,Priya General Store - Kondapur Branch,SKU-2091,Sunscreen SPF50 100ml,18
2023-07-23,Priya General Store - Kondapur Branch,SKU-3087,Diyas - Clay Set of 12,3
2023-07-24,Priya General Store - Kondapur Branch,SKU-1042,Umbrella - Standard 21in,10
2023-07-24,Priya General Store - Kondapur Branch,SKU-1043,Raincoat - Adult M,6
2023-07-24,Priya General Store - Kondapur Branch,SKU-2091,Sunscreen SPF50 100ml,15
2023-07-24,Priya General Store - Kondapur Branch,SKU-3087,Diyas - Clay Set of 12,2
2023-07-25,Priya General Store - Kondapur Branch,SKU-1042,Umbrella - Standard 21in,9
2023-07-25,Priya General Store - Kondapur Branch,SKU-1043,Raincoat - Adult M,3
2023-07-25,Priya General Store - Kondapur Branch,SKU-2091,Sunscreen SPF50 100ml,14
2023-07-25,Priya General Store - Kondapur Branch,SKU-3087,Diyas - Clay Set of 12,1
2023-07-26,Priya General Store - Kondapur Branch,SKU-1042,Umbrella - Standard 21in,9
2023-07-26,Priya General Store - Kondapur Branch,SKU-1043,Raincoat - Adult M,6
2023-07-26,Priya General Store - Kondapur Branch,SKU-2091,Sunscreen SPF50 100ml,12
2023-07-26,Priya General Store - Kondapur Branch,SKU-3087,Diyas - Clay Set of 12,4
2023-07-27,Priya General Store - Kondapur Branch,SKU-1042,Umbrella - Standard 21in,10
2023-07-27,Priya General Store - Kondapur Branch,SKU-1043,Raincoat - Adult M,5
2023-07-27,Priya General Store - Kondapur Branch,SKU-2091,Sunscreen SPF50 100ml,12
2023-07-27,Priya General Store - Kondapur Branch,SKU-3087,Diyas - Clay Set of 12,3
2023-07-28,Priya General Store - Kondapur Branch,SKU-1042,Umbrella - Standard 21in,8
2023-07-28,Priya General Store - Kondapur Branch,SKU-1043,Raincoat - Adult M,6
2023-07-28,Priya General Store - Kondapur Branch,SKU-2091,Sunscreen SPF50 100ml,19
2023-07-28,Priya General Store - Kondapur Branch,SKU-3087,Diyas - Clay Set of 12,2
2023-07-29,Priya General Store - Kondapur Branch,SKU-1042,Umbrella - Standard 21in,6
2023-07-29,Priya General Store - Kondapur Branch,SKU-1043,Raincoat - Adult M,2
2023-07-29,Priya General Store - Kondapur Branch,SKU-2091,Sunscreen SPF50 100ml,19
2023-07-29,Priya General Store - Kondapur Branch,SKU-3087,Diyas - Clay Set of 12,2
2023-07-30,Priya General Store - Kondapur Branch,SKU-1042,Umbrella - Standard 21in,10
2023-07-30,Priya General Store - Kondapur Branch,SKU-1043,Raincoat - Adult M,6
2023-07-30,Priya General Store - Kondapur Branch,SKU-2091,Sunscreen SPF50 100ml,12
2023-07-30,Priya General Store - Kondapur Branch,SKU-3087,Diyas - Clay Set of 12,5
2023-07-31,Priya General Store - Kondapur Branch,SKU-1042,Umbrella - Standard 21in,10
2023-07-31,Priya General Store - Kondapur Branch,SKU-1043,Raincoat - Adult M,6
2023-07-31,Priya General Store - Kondapur Branch,SKU-2091,Sunscreen SPF50 100ml,13
2023-07-31,Priya General Store - Kondapur Branch,SKU-3087,Diyas - Clay Set of 12,5
2023-08-01,Priya General Store - Kondapur Branch,SKU-1042,Umbrella - Standard 21in,10
2023-08-01,Priya General Store - Kondapur Branch,SKU-1043,Raincoat - Adult M,6
2023-08-01,Priya General Store - Kondapur Branch,SKU-2091,Sunscreen SPF50 100ml,11
2023-08-01,Priya General Store - Kondapur Branch,SKU-3087,Diyas - Clay Set of 12,1
2023-08-02,Priya General Store - Kondapur Branch,SKU-1042,Umbrella - Standard 21in,10
2023-08-02,Priya General Store - Kondapur Branch,SKU-1043,Raincoat - Adult M,4
2023-08-02,Priya General Store - Kondapur Branch,SKU-2091,Sunscreen SPF50 100ml,17
2023-08-02,Priya General Store - Kondapur Branch,SKU-3087,Diyas - Clay Set of 12,1
2023-08-03,Priya General Store - Kondapur Branch,SKU-1042,Umbrella - Standard 21in,10
2023-08-03,Priya General Store - Kondapur Branch,SKU-1043,Raincoat - Adult M,4
2023-08-03,Priya General Store - Kondapur Branch,SKU-2091,Sunscreen SPF50 100ml,17
2023-08-03,Priya General Store - Kondapur Branch,SKU-3087,Diyas - Clay Set of 12,1
2023-08-04,Priya General Store - Kondapur Branch,SKU-1042,Umbrella - Standard 21in,6
2023-08-04,Priya General Store - Kondapur Branch,SKU-1043,Raincoat - Adult M,5
2023-08-04,Priya General Store - Kondapur Branch,SKU-2091,Sunscreen SPF50 100ml,16
2023-08-04,Priya General Store - Kondapur Branch,SKU-3087,Diyas - Clay Set of 12,3
2023-08-05,Priya General Store - Kondapur Branch,SKU-1042,Umbrella - Standard 21in,7
2023-08-05,Priya General Store - Kondapur Branch,SKU-1043,Raincoat - Adult M,4
2023-08-05,Priya General Store - Kondapur Branch,SKU-2091,Sunscreen SPF50 100ml,13
2023-08-05,Priya General Store - Kondapur Branch,SKU-3087,Diyas - Clay Set of 12,5
2023-08-06,Priya General Store - Kondapur Branch,SKU-1042,Umbrella - Standard 21in,7
2023-08-06,Priya General Store - Kondapur Branch,SKU-1043,Raincoat - Adult M,2
2023-08-06,Priya General Store - Kondapur Branch,SKU-2091,Sunscreen SPF50 100ml,14
2023-08-06,Priya General Store - Kondapur Branch,SKU-3087,Diyas - Clay Set of 12,1
2023-08-07,Priya General Store - Kondapur Branch,SKU-1042,Umbrella - Standard 21in,8
2023-08-07,Priya General Store - Kondapur Branch,SKU-1043,Raincoat - Adult M,5
2023-08-07,Priya General Store - Kondapur Branch,SKU-2091,Sunscreen SPF50 100ml,13
2023-08-07,Priya General Store - Kondapur Branch,SKU-3087,Diyas - Clay Set of 12,5
2023-08-08,Priya General Store - Kondapur Branch,SKU-1042,Umbrella - Standard 21in,6
2023-08-08,Priya General Store - Kondapur Branch,SKU-1043,Raincoat - Adult M,5
2023-08-08,Priya General Store - Kondapur Branch,SKU-2091,Sunscreen SPF50 100ml,18
2023-08-08,Priya General Store - Kondapur Branch,SKU-3087,Diyas - Clay Set of 12,3
2023-08-09,Priya General Store - Kondapur Branch,SKU-1042,Umbrella - Standard 21in,5
2023-08-09,Priya General Store - Kondapur Branch,SKU-1043,Raincoat - Adult M,6
2023-08-09,Priya General Store - Kondapur Branch,SKU-2091,Sunscreen SPF50 100ml,14
2023-08-09,Priya General Store - Kondapur Branch,SKU-3087,Diyas - Clay Set of 12,3
2023-08-10,Priya General Store - Kondapur Branch,SKU-1042,Umbrella - Standard 21in,7
2023-08-10,Priya General Store - Kondapur Branch,SKU-1043,Raincoat - Adult M,5
2023-08-10,Priya General Store - Kondapur Branch,SKU-2091,Sunscreen SPF50 100ml,11
2023-08-10,Priya General Store - Kondapur Branch,SKU-3087,Diyas - Clay Set of 12,4
2023-08-11,Priya General Store - Kondapur Branch,SKU-1042,Umbrella - Standard 21in,7
2023-08-11,Priya General Store - Kondapur Branch,SKU-1043,Raincoat - Adult M,5
2023-08-11,Priya General Store - Kondapur Branch,SKU-2091,Sunscreen SPF50 100ml,17
2023-08-11,Priya General Store - Kondapur Branch,SKU-3087,Diyas - Clay Set of 12,5
2023-08-12,Priya General Store - Kondapur Branch,SKU-1042,Umbrella - Standard 21in,9
2023-08-12,Priya General Store - Kondapur Branch,SKU-1043,Raincoat - Adult M,5
2023-08-12,Priya General Store - Kondapur Branch,SKU-2091,Sunscreen SPF50 100ml,19
2023-08-12,Priya General Store - Kondapur Branch,SKU-3087,Diyas - Clay Set of 12,5
2023-08-13,Priya General Store - Kondapur Branch,SKU-1042,Umbrella - Standard 21in,5
2023-08-13,Priya General Store - Kondapur Branch,SKU-1043,Raincoat - Adult M,2
2023-08-13,Priya General Store - Kondapur Branch,SKU-2091,Sunscreen SPF50 100ml,16
2023-08-13,Priya General Store - Kondapur Branch,SKU-3087,Diyas - Clay Set of 12,3
2023-08-14,Priya General Store - Kondapur Branch,SKU-1042,Umbrella - Standard 21in,6
2023-08-14,Priya General Store - Kondapur Branch,SKU-1043,Raincoat - Adult M,5
2023-08-14,Priya General Store - Kondapur Branch,SKU-2091,Sunscreen SPF50 100ml,11
2023-08-14,Priya General Store - Kondapur Branch,SKU-3087,Diyas - Clay Set of 12,3
2023-08-15,Priya General Store - Kondapur Branch,SKU-1042,Umbrella - Standard 21in,9
2023-08-15,Priya General Store - Kondapur Branch,SKU-1043,Raincoat - Adult M,6
2023-08-15,Priya General Store - Kondapur Branch,SKU-2091,Sunscreen SPF50 100ml,13
2023-08-15,Priya General Store - Kondapur Branch,SKU-3087,Diyas - Clay Set of 12,5
2023-08-16,Priya General Store - Kondapur Branch,SKU-1042,Umbrella - Standard 21in,8
2023-08-16,Priya General Store - Kondapur Branch,SKU-1043,Raincoat - Adult M,4
2023-08-16,Priya General Store - Kondapur Branch,SKU-2091,Sunscreen SPF50 100ml,19
2023-08-16,Priya General Store - Kondapur Branch,SKU-3087,Diyas - Clay Set of 12,5
2023-08-17,Priya General Store - Kondapur Branch,SKU-1042,Umbrella - Standard 21in,9
2023-08-17,Priya General Store - Kondapur Branch,SKU-1043,Raincoat - Adult M,2
2023-08-17,Priya General Store - Kondapur Branch,SKU-2091,Sunscreen SPF50 100ml,12
2023-08-17,Priya General Store - Kondapur Branch,SKU-3087,Diyas - Clay Set of 12,5
2023-08-18,Priya General Store - Kondapur Branch,SKU-1042,Umbrella - Standard 21in,10
2023-08-18,Priya General Store - Kondapur Branch,SKU-1043,Raincoat - Adult M,2
2023-08-18,Priya General Store - Kondapur Branch,SKU-2091,Sunscreen SPF50 100ml,15
2023-08-18,Priya General Store - Kondapur Branch,SKU-3087,Diyas - Clay Set of 12,5
2023-08-19,Priya General Store - Kondapur Branch,SKU-1042,Umbrella - Standard 21in,10
2023-08-19,Priya General Store - Kondapur Branch,SKU-1043,Raincoat - Adult M,5
2023-08-19,Priya General Store - Kondapur Branch,SKU-2091,Sunscreen SPF50 100ml,17
2023-08-19,Priya General Store - Kondapur Branch,SKU-3087,Diyas - Clay Set of 12,2
2023-08-20,Priya General Store - Kondapur Branch,SKU-1042,Umbrella - Standard 21in,10
2023-08-20,Priya General Store - Kondapur Branch,SKU-1043,Raincoat - Adult M,2
2023-08-20,Priya General Store - Kondapur Branch,SKU-2091,Sunscreen SPF50 100ml,17
2023-08-20,Priya General Store - Kondapur Branch,SKU-3087,Diyas - Clay Set of 12,2
2023-08-21,Priya General Store - Kondapur Branch,SKU-1042,Umbrella - Standard 21in,11
2023-08-21,Priya General Store - Kondapur Branch,SKU-1043,Raincoat - Adult M,5
2023-08-21,Priya General Store - Kondapur Branch,SKU-2091,Sunscreen SPF50 100ml,11
2023-08-21,Priya General Store - Kondapur Branch,SKU-3087,Diyas - Clay Set of 12,5
2023-08-22,Priya General Store - Kondapur Branch,SKU-1042,Umbrella - Standard 21in,7
2023-08-22,Priya General Store - Kondapur Branch,SKU-1043,Raincoat - Adult M,5
2023-08-22,Priya General Store - Kondapur Branch,SKU-2091,Sunscreen SPF50 100ml,16
2023-08-22,Priya General Store - Kondapur Branch,SKU-3087,Diyas - Clay Set of 12,4
2023-08-23,Priya General Store - Kondapur Branch,SKU-1042,Umbrella - Standard 21in,7
2023-08-23,Priya General Store - Kondapur Branch,SKU-1043,Raincoat - Adult M,4
2023-08-23,Priya General Store - Kondapur Branch,SKU-2091,Sunscreen SPF50 100ml,14
2023-08-23,Priya General Store - Kondapur Branch,SKU-3087,Diyas - Clay Set of 12,3
2023-08-24,Priya General Store - Kondapur Branch,SKU-1042,Umbrella - Standard 21in,6
2023-08-24,Priya General Store - Kondapur Branch,SKU-1043,Raincoat - Adult M,4
2023-08-24,Priya General Store - Kondapur Branch,SKU-2091,Sunscreen SPF50 100ml,14
2023-08-24,Priya General Store - Kondapur Branch,SKU-3087,Diyas - Clay Set of 12,4
2023-08-25,Priya General Store - Kondapur Branch,SKU-1042,Umbrella - Standard 21in,7
2023-08-25,Priya General Store - Kondapur Branch,SKU-1043,Raincoat - Adult M,4
2023-08-25,Priya General Store - Kondapur Branch,SKU-2091,Sunscreen SPF50 100ml,19
2023-08-25,Priya General Store - Kondapur Branch,SKU-3087,Diyas - Clay Set of 12,4
2023-08-26,Priya General Store - Kondapur Branch,SKU-1042,Umbrella - Standard 21in,11
2023-08-26,Priya General Store - Kondapur Branch,SKU-1043,Raincoat - Adult M,4
2023-08-26,Priya General Store - Kondapur Branch,SKU-2091,Sunscreen SPF50 100ml,12
2023-08-26,Priya General Store - Kondapur Branch,SKU-3087,Diyas - Clay Set of 12,4
2023-08-27,Priya General Store - Kondapur Branch,SKU-1042,Umbrella - Standard 21in,10
2023-08-27,Priya General Store - Kondapur Branch,SKU-1043,Raincoat - Adult M,3
2023-08-27,Priya General Store - Kondapur Branch,SKU-2091,Sunscreen SPF50 100ml,15
2023-08-27,Priya General Store - Kondapur Branch,SKU-3087,Diyas - Clay Set of 12,3
2023-08-28,Priya General Store - Kondapur Branch,SKU-1042,Umbrella - Standard 21in,9
2023-08-28,Priya General Store - Kondapur Branch,SKU-1043,Raincoat - Adult M,3
2023-08-28,Priya General Store - Kondapur Branch,SKU-2091,Sunscreen SPF50 100ml,19
2023-08-28,Priya General Store - Kondapur Branch,SKU-3087,Diyas - Clay Set of 12,2
2023-08-29,Priya General Store - Kondapur Branch,SKU-1042,Umbrella - Standard 21in,8
2023-08-29,Priya General Store - Kondapur Branch,SKU-1043,Raincoat - Adult M,5
2023-08-29,Priya General Store - Kondapur Branch,SKU-2091,Sunscreen SPF50 100ml,0
2023-08-29,Priya General Store - Kondapur Branch,SKU-3087,Diyas - Clay Set of 12,5
2023-08-30,Priya General Store - Kondapur Branch,SKU-1042,Umbrella - Standard 21in,6
2023-08-30,Priya General Store - Kondapur Branch,SKU-1043,Raincoat - Adult M,5
2023-08-30,Priya General Store - Kondapur Branch,SKU-2091,Sunscreen SPF50 100ml,14
2023-08-30,Priya General Store - Kondapur Branch,SKU-3087,Diyas - Clay Set of 12,3
2023-08-31,Priya General Store - Kondapur Branch,SKU-1042,Umbrella - Standard 21in,10
2023-08-31,Priya General Store - Kondapur Branch,SKU-1043,Raincoat - Adult M,2
2023-08-31,Priya General Store - Kondapur Branch,SKU-2091,Sunscreen SPF50 100ml,14
2023-08-31,Priya General Store - Kondapur Branch,SKU-3087,Diyas - Clay Set of 12,1
2023-09-01,Priya General Store - Kondapur Branch,SKU-1042,Umbrella - Standard 21in,6
2023-09-01,Priya General Store - Kondapur Branch,SKU-1043,Raincoat - Adult M,3
2023-09-01,Priya General Store - Kondapur Branch,SKU-2091,Sunscreen SPF50 100ml,11
2023-09-01,Priya General Store - Kondapur Branch,SKU-3087,Diyas - Clay Set of 12,4
2023-09-02,Priya General Store - Kondapur Branch,SKU-1042,Umbrella - Standard 21in,6
2023-09-02,Priya General Store - Kondapur Branch,SKU-1043,Raincoat - Adult M,4
2023-09-02,Priya General Store - Kondapur Branch,SKU-2091,Sunscreen SPF50 100ml,11
2023-09-02,Priya General Store - Kondapur Branch,SKU-3087,Diyas - Clay Set of 12,5
2023-09-03,Priya General Store - Kondapur Branch,SKU-1042,Umbrella - Standard 21in,7
2023-09-03,Priya General Store - Kondapur Branch,SKU-1043,Raincoat - Adult M,6
2023-09-03,Priya General Store - Kondapur Branch,SKU-2091,Sunscreen SPF50 100ml,13
2023-09-03,Priya General Store - Kondapur Branch,SKU-3087,Diyas - Clay Set of 12,4
2023-09-04,Priya General Store - Kondapur Branch,SKU-1042,Umbrella - Standard 21in,11
2023-09-04,Priya General Store - Kondapur Branch,SKU-1043,Raincoat - Adult M,3
2023-09-04,Priya General Store - Kondapur Branch,SKU-2091,Sunscreen SPF50 100ml,15
2023-09-04,Priya General Store - Kondapur Branch,SKU-3087,Diyas - Clay Set of 12,1
2023-09-05,Priya General Store - Kondapur Branch,SKU-1042,Umbrella - Standard 21in,11
2023-09-05,Priya General Store - Kondapur Branch,SKU-1043,Raincoat - Adult M,3
2023-09-05,Priya General Store - Kondapur Branch,SKU-2091,Sunscreen SPF50 100ml,17
2023-09-05,Priya General Store - Kondapur Branch,SKU-3087,Diyas - Clay Set of 12,5
2023-09-06,Priya General Store - Kondapur Branch,SKU-1042,Umbrella - Standard 21in,8
2023-09-06,Priya General Store - Kondapur Branch,SKU-1043,Raincoat - Adult M,3
2023-09-06,Priya General Store - Kondapur Branch,SKU-2091,Sunscreen SPF50 100ml,18
2023-09-06,Priya General Store - Kondapur Branch,SKU-3087,Diyas - Clay Set of 12,0
2023-09-07,Priya General Store - Kondapur Branch,SKU-1042,Umbrella - Standard 21in,8
2023-09-07,Priya General Store - Kondapur Branch,SKU-1043,Raincoat - Adult M,4
2023-09-07,Priya General Store - Kondapur Branch,SKU-2091,Sunscreen SPF50 100ml,15
2023-09-07,Priya General Store - Kondapur Branch,SKU-3087,Diyas - Clay Set of 12,0
2023-09-08,Priya General Store - Kondapur Branch,SKU-1042,Umbrella - Standard 21in,10
2023-09-08,Priya General Store - Kondapur Branch,SKU-1043,Raincoat - Adult M,3
2023-09-08,Priya General Store - Kondapur Branch,SKU-2091,Sunscreen SPF50 100ml,12
2023-09-08,Priya General Store - Kondapur Branch,SKU-3087,Diyas - Clay Set of 12,2
2023-09-09,Priya General Store - Kondapur Branch,SKU-1042,Umbrella - Standard 21in,9
2023-09-09,Priya General Store - Kondapur Branch,SKU-1043,Raincoat - Adult M,4
2023-09-09,Priya General Store - Kondapur Branch,SKU-2091,Sunscreen SPF50 100ml,15
2023-09-09,Priya General Store - Kondapur Branch,SKU-3087,Diyas - Clay Set of 12,2
2023-09-10,Priya General Store - Kondapur Branch,SKU-1042,Umbrella - Standard 21in,6
2023-09-10,Priya General Store - Kondapur Branch,SKU-1043,Raincoat - Adult M,5
2023-09-10,Priya General Store - Kondapur Branch,SKU-2091,Sunscreen SPF50 100ml,16
2023-09-10,Priya General Store - Kondapur Branch,SKU-3087,Diyas - Clay Set of 12,5
2023-09-11,Priya General Store - Kondapur Branch,SKU-1042,Umbrella - Standard 21in,11
2023-09-11,Priya General Store - Kondapur Branch,SKU-1043,Raincoat - Adult M,3
2023-09-11,Priya General Store - Kondapur Branch,SKU-2091,Sunscreen SPF50 100ml,12
2023-09-11,Priya General Store - Kondapur Branch,SKU-3087,Diyas - Clay Set of 12,5
2023-09-12,Priya General Store - Kondapur Branch,SKU-1042,Umbrella - Standard 21in,5
2023-09-12,Priya General Store - Kondapur Branch,SKU-1043,Raincoat - Adult M,2
2023-09-12,Priya General Store - Kondapur Branch,SKU-2091,Sunscreen SPF50 100ml,19
2023-09-12,Priya General Store - Kondapur Branch,SKU-3087,Diyas - Clay Set of 12,2
2023-09-13,Priya General Store - Kondapur Branch,SKU-1042,Umbrella - Standard 21in,6
2023-09-13,Priya General Store - Kondapur Branch,SKU-1043,Raincoat - Adult M,6
2023-09-13,Priya General Store - Kondapur Branch,SKU-2091,Sunscreen SPF50 100ml,14
2023-09-13,Priya General Store - Kondapur Branch,SKU-3087,Diyas - Clay Set of 12,4
2023-09-14,Priya General Store - Kondapur Branch,SKU-1042,Umbrella - Standard 21in,9
2023-09-14,Priya General Store - Kondapur Branch,SKU-1043,Raincoat - Adult M,2
2023-09-14,Priya General Store - Kondapur Branch,SKU-2091,Sunscreen SPF50 100ml,19
2023-09-14,Priya General Store - Kondapur Branch,SKU-3087,Diyas - Clay Set of 12,5
2023-09-15,Priya General Store - Kondapur Branch,SKU-1042,Umbrella - Standard 21in,8
2023-09-15,Priya General Store - Kondapur Branch,SKU-1043,Raincoat - Adult M,4
2023-09-15,Priya General Store - Kondapur Branch,SKU-2091,Sunscreen SPF50 100ml,17
2023-09-15,Priya General Store - Kondapur Branch,SKU-3087,Diyas - Clay Set of 12,1
2023-09-16,Priya General Store - Kondapur Branch,SKU-1042,Umbrella - Standard 21in,9
2023-09-16,Priya General Store - Kondapur Branch,SKU-1043,Raincoat - Adult M,5
2023-09-16,Priya General Store - Kondapur Branch,SKU-2091,Sunscreen SPF50 100ml,12
2023-09-16,Priya General Store - Kondapur Branch,SKU-3087,Diyas - Clay Set of 12,1
2023-09-17,Priya General Store - Kondapur Branch,SKU-1042,Umbrella - Standard 21in,5
2023-09-17,Priya General Store - Kondapur Branch,SKU-1043,Raincoat - Adult M,5
2023-09-17,Priya General Store - Kondapur Branch,SKU-2091,Sunscreen SPF50 100ml,17
2023-09-17,Priya General Store - Kondapur Branch,SKU-3087,Diyas - Clay Set of 12,2
2023-09-18,Priya General Store - Kondapur Branch,SKU-1042,Umbrella - Standard 21in,10
2023-09-18,Priya General Store - Kondapur Branch,SKU-1043,Raincoat - Adult M,5
2023-09-18,Priya General Store - Kondapur Branch,SKU-2091,Sunscreen SPF50 100ml,17
2023-09-18,Priya General Store - Kondapur Branch,SKU-3087,Diyas - Clay Set of 12,4
2023-09-19,Priya General Store - Kondapur Branch,SKU-1042,Umbrella - Standard 21in,10
2023-09-19,Priya General Store - Kondapur Branch,SKU-1043,Raincoat - Adult M,6
2023-09-19,Priya General Store - Kondapur Branch,SKU-2091,Sunscreen SPF50 100ml,16
2023-09-19,Priya General Store - Kondapur Branch,SKU-3087,Diyas - Clay Set of 12,5
2023-09-20,Priya General Store - Kondapur Branch,SKU-1042,Umbrella - Standard 21in,6
2023-09-20,Priya General Store - Kondapur Branch,SKU-1043,Raincoat - Adult M,3
2023-09-20,Priya General Store - Kondapur Branch,SKU-2091,Sunscreen SPF50 100ml,11
2023-09-20,Priya General Store - Kondapur Branch,SKU-3087,Diyas - Clay Set of 12,4
2023-09-21,Priya General Store - Kondapur Branch,SKU-1042,Umbrella - Standard 21in,9
2023-09-21,Priya General Store - Kondapur Branch,SKU-1043,Raincoat - Adult M,5
2023-09-21,Priya General Store - Kondapur Branch,SKU-2091,Sunscreen SPF50 100ml,14
2023-09-21,Priya General Store - Kondapur Branch,SKU-3087,Diyas - Clay Set of 12,2
2023-09-22,Priya General Store - Kondapur Branch,SKU-1042,Umbrella - Standard 21in,10
2023-09-22,Priya General Store - Kondapur Branch,SKU-1043,Raincoat - Adult M,2
2023-09-22,Priya General Store - Kondapur Branch,SKU-2091,Sunscreen SPF50 100ml,17
2023-09-22,Priya General Store - Kondapur Branch,SKU-3087,Diyas - Clay Set of 12,1
2023-09-23,Priya General Store - Kondapur Branch,SKU-1042,Umbrella - Standard 21in,5
2023-09-23,Priya General Store - Kondapur Branch,SKU-1043,Raincoat - Adult M,2
2023-09-23,Priya General Store - Kondapur Branch,SKU-2091,Sunscreen SPF50 100ml,11
2023-09-23,Priya General Store - Kondapur Branch,SKU-3087,Diyas - Clay Set of 12,1
2023-09-24,Priya General Store - Kondapur Branch,SKU-1042,Umbrella - Standard 21in,6
2023-09-24,Priya General Store - Kondapur Branch,SKU-1043,Raincoat - Adult M,2
2023-09-24,Priya General Store - Kondapur Branch,SKU-2091,Sunscreen SPF50 100ml,15
2023-09-24,Priya General Store - Kondapur Branch,SKU-3087,Diyas - Clay Set of 12,5
2023-09-25,Priya General Store - Kondapur Branch,SKU-1042,Umbrella - Standard 21in,9
2023-09-25,Priya General Store - Kondapur Branch,SKU-1043,Raincoat - Adult M,4
2023-09-25,Priya General Store - Kondapur Branch,SKU-2091,Sunscreen SPF50 100ml,13
2023-09-25,Priya General Store - Kondapur Branch,SKU-3087,Diyas - Clay Set of 12,5
2023-09-26,Priya General Store - Kondapur Branch,SKU-1042,Umbrella - Standard 21in,7
2023-09-26,Priya General Store - Kondapur Branch,SKU-1043,Raincoat - Adult M,6
2023-09-26,Priya General Store - Kondapur Branch,SKU-2091,Sunscreen SPF50 100ml,13
2023-09-26,Priya General Store - Kondapur Branch,SKU-3087,Diyas - Clay Set of 12,4
2023-09-27,Priya General Store - Kondapur Branch,SKU-1042,Umbrella - Standard 21in,5
2023-09-27,Priya General Store - Kondapur Branch,SKU-1043,Raincoat - Adult M,5
2023-09-27,Priya General Store - Kondapur Branch,SKU-2091,Sunscreen SPF50 100ml,16
2023-09-27,Priya General Store - Kondapur Branch,SKU-3087,Diyas - Clay Set of 12,4
2023-09-28,Priya General Store - Kondapur Branch,SKU-1042,Umbrella - Standard 21in,8
2023-09-28,Priya General Store - Kondapur Branch,SKU-1043,Raincoat - Adult M,6
2023-09-28,Priya General Store - Kondapur Branch,SKU-2091,Sunscreen SPF50 100ml,14
2023-09-28,Priya General Store - Kondapur Branch,SKU-3087,Diyas - Clay Set of 12,2
2023-09-29,Priya General Store - Kondapur Branch,SKU-1042,Umbrella - Standard 21in,5
2023-09-29,Priya General Store - Kondapur Branch,SKU-1043,Raincoat - Adult M,5
2023-09-29,Priya General Store - Kondapur Branch,SKU-2091,Sunscreen SPF50 100ml,13
2023-09-29,Priya General Store - Kondapur Branch,SKU-3087,Diyas - Clay Set of 12,3
2023-09-30,Priya General Store - Kondapur Branch,SKU-1042,Umbrella - Standard 21in,10
2023-09-30,Priya General Store - Kondapur Branch,SKU-1043,Raincoat - Adult M,5
2023-09-30,Priya General Store - Kondapur Branch,SKU-2091,Sunscreen SPF50 100ml,12
2023-09-30,Priya General Store - Kondapur Branch,SKU-3087,Diyas - Clay Set of 12,2
2023-10-01,Priya General Store - Kondapur Branch,SKU-1042,Umbrella - Standard 21in,8
2023-10-01,Priya General Store - Kondapur Branch,SKU-1043,Raincoat - Adult M,6
2023-10-01,Priya General Store - Kondapur Branch,SKU-2091,Sunscreen SPF50 100ml,12
2023-10-01,Priya General Store - Kondapur Branch,SKU-3087,Diyas - Clay Set of 12,5
2023-10-02,Priya General Store - Kondapur Branch,SKU-1042,Umbrella - Standard 21in,9
2023-10-02,Priya General Store - Kondapur Branch,SKU-1043,Raincoat - Adult M,3
2023-10-02,Priya General Store - Kondapur Branch,SKU-2091,Sunscreen SPF50 100ml,16
2023-10-02,Priya General Store - Kondapur Branch,SKU-3087,Diyas - Clay Set of 12,1
2023-10-03,Priya General Store - Kondapur Branch,SKU-1042,Umbrella - Standard 21in,6
2023-10-03,Priya General Store - Kondapur Branch,SKU-1043,Raincoat - Adult M,2
2023-10-03,Priya General Store - Kondapur Branch,SKU-2091,Sunscreen SPF50 100ml,18
2023-10-03,Priya General Store - Kondapur Branch,SKU-3087,Diyas - Clay Set of 12,5
2023-10-04,Priya General Store - Kondapur Branch,SKU-1042,Umbrella - Standard 21in,8
2023-10-04,Priya General Store - Kondapur Branch,SKU-1043,Raincoat - Adult M,6
2023-10-04,Priya General Store - Kondapur Branch,SKU-2091,Sunscreen SPF50 100ml,15
2023-10-04,Priya General Store - Kondapur Branch,SKU-3087,Diyas - Clay Set of 12,5
2023-10-05,Priya General Store - Kondapur Branch,SKU-1042,Umbrella - Standard 21in,7
2023-10-05,Priya General Store - Kondapur Branch,SKU-1043,Raincoat - Adult M,6
2023-10-05,Priya General Store - Kondapur Branch,SKU-2091,Sunscreen SPF50 100ml,18
2023-10-05,Priya General Store - Kondapur Branch,SKU-3087,Diyas - Clay Set of 12,4
2023-10-06,Priya General Store - Kondapur Branch,SKU-1042,Umbrella - Standard 21in,7
2023-10-06,Priya General Store - Kondapur Branch,SKU-1043,Raincoat - Adult M,4
2023-10-06,Priya General Store - Kondapur Branch,SKU-2091,Sunscreen SPF50 100ml,11
2023-10-06,Priya General Store - Kondapur Branch,SKU-3087,Diyas - Clay Set of 12,2
2023-10-07,Priya General Store - Kondapur Branch,SKU-1042,Umbrella - Standard 21in,5
2023-10-07,Priya General Store - Kondapur Branch,SKU-1043,Raincoat - Adult M,6
2023-10-07,Priya General Store - Kondapur Branch,SKU-2091,Sunscreen SPF50 100ml,17
2023-10-07,Priya General Store - Kondapur Branch,SKU-3087,Diyas - Clay Set of 12,2
2023-10-08,Priya General Store - Kondapur Branch,SKU-1042,Umbrella - Standard 21in,8
2023-10-08,Priya General Store - Kondapur Branch,SKU-1043,Raincoat - Adult M,3
2023-10-08,Priya General Store - Kondapur Branch,SKU-2091,Sunscreen SPF50 100ml,16
2023-10-08,Priya General Store - Kondapur Branch,SKU-3087,Diyas - Clay Set of 12,4
2023-10-09,Priya General Store - Kondapur Branch,SKU-1042,Umbrella - Standard 21in,10
2023-10-09,Priya General Store - Kondapur Branch,SKU-1043,Raincoat - Adult M,5
2023-10-09,Priya General Store - Kondapur Branch,SKU-2091,Sunscreen SPF50 100ml,16
2023-10-09,Priya General Store - Kondapur Branch,SKU-3087,Diyas - Clay Set of 12,5
2023-10-10,Priya General Store - Kondapur Branch,SKU-1042,Umbrella - Standard 21in,9
2023-10-10,Priya General Store - Kondapur Branch,SKU-1043,Raincoat - Adult M,2
2023-10-10,Priya General Store - Kondapur Branch,SKU-2091,Sunscreen SPF50 100ml,12
2023-10-10,Priya General Store - Kondapur Branch,SKU-3087,Diyas - Clay Set of 12,1
2023-10-11,Priya General Store - Kondapur Branch,SKU-1042,Umbrella - Standard 21in,8
2023-10-11,Priya General Store - Kondapur Branch,SKU-1043,Raincoat - Adult M,3
2023-10-11,Priya General Store - Kondapur Branch,SKU-2091,Sunscreen SPF50 100ml,0
2023-10-11,Priya General Store - Kondapur Branch,SKU-3087,Diyas - Clay Set of 12,5
2023-10-12,Priya General Store - Kondapur Branch,SKU-1042,Umbrella - Standard 21in,5
2023-10-12,Priya General Store - Kondapur Branch,SKU-1043,Raincoat - Adult M,6
2023-10-12,Priya General Store - Kondapur Branch,SKU-2091,Sunscreen SPF50 100ml,18
2023-10-12,Priya General Store - Kondapur Branch,SKU-3087,Diyas - Clay Set of 12,5
2023-10-13,Priya General Store - Kondapur Branch,SKU-1042,Umbrella - Standard 21in,5
2023-10-13,Priya General Store - Kondapur Branch,SKU-1043,Raincoat - Adult M,4
2023-10-13,Priya General Store - Kondapur Branch,SKU-2091,Sunscreen SPF50 100ml,15
2023-10-13,Priya General Store - Kondapur Branch,SKU-3087,Diyas - Clay Set of 12,4
2023-10-14,Priya General Store - Kondapur Branch,SKU-1042,Umbrella - Standard 21in,6
2023-10-14,Priya General Store - Kondapur Branch,SKU-1043,Raincoat - Adult M,2
2023-10-14,Priya General Store - Kondapur Branch,SKU-2091,Sunscreen SPF50 100ml,14
2023-10-14,Priya General Store - Kondapur Branch,SKU-3087,Diyas - Clay Set of 12,5
2023-10-15,Priya General Store - Kondapur Branch,SKU-1042,Umbrella - Standard 21in,7
2023-10-15,Priya General Store - Kondapur Branch,SKU-1043,Raincoat - Adult M,5
2023-10-15,Priya General Store - Kondapur Branch,SKU-2091,Sunscreen SPF50 100ml,17
2023-10-15,Priya General Store - Kondapur Branch,SKU-3087,Diyas - Clay Set of 12,2
2023-10-16,Priya General Store - Kondapur Branch,SKU-1042,Umbrella - Standard 21in,10
2023-10-16,Priya General Store - Kondapur Branch,SKU-1043,Raincoat - Adult M,2
2023-10-16,Priya General Store - Kondapur Branch,SKU-2091,Sunscreen SPF50 100ml,11
2023-10-16,Priya General Store - Kondapur Branch,SKU-3087,Diyas - Clay Set of 12,5
2023-10-17,Priya General Store - Kondapur Branch,SKU-1042,Umbrella - Standard 21in,0
2023-10-17,Priya General Store - Kondapur Branch,SKU-1043,Raincoat - Adult M,3
2023-10-17,Priya General Store - Kondapur Branch,SKU-2091,Sunscreen SPF50 100ml,17
2023-10-17,Priya General Store - Kondapur Branch,SKU-3087,Diyas - Clay Set of 12,3
2023-10-18,Priya General Store - Kondapur Branch,SKU-1042,Umbrella - Standard 21in,5
2023-10-18,Priya General Store - Kondapur Branch,SKU-1043,Raincoat - Adult M,2
2023-10-18,Priya General Store - Kondapur Branch,SKU-2091,Sunscreen SPF50 100ml,18
2023-10-18,Priya General Store - Kondapur Branch,SKU-3087,Diyas - Clay Set of 12,1
2023-10-19,Priya General Store - Kondapur Branch,SKU-1042,Umbrella - Standard 21in,9
2023-10-19,Priya General Store - Kondapur Branch,SKU-1043,Raincoat - Adult M,2
2023-10-19,Priya General Store - Kondapur Branch,SKU-2091,Sunscreen SPF50 100ml,16
2023-10-19,Priya General Store - Kondapur Branch,SKU-3087,Diyas - Clay Set of 12,2
2023-10-20,Priya General Store - Kondapur Branch,SKU-1042,Umbrella - Standard 21in,10
2023-10-20,Priya General Store - Kondapur Branch,SKU-1043,Raincoat - Adult M,2
2023-10-20,Priya General Store - Kondapur Branch,SKU-2091,Sunscreen SPF50 100ml,14
2023-10-20,Priya General Store - Kondapur Branch,SKU-3087,Diyas - Clay Set of 12,38
2023-10-21,Priya General Store - Kondapur Branch,SKU-1042,Umbrella - Standard 21in,7
2023-10-21,Priya General Store - Kondapur Branch,SKU-1043,Raincoat - Adult M,3
2023-10-21,Priya General Store - Kondapur Branch,SKU-2091,Sunscreen SPF50 100ml,12
2023-10-21,Priya General Store - Kondapur Branch,SKU-3087,Diyas - Clay Set of 12,33
2023-10-22,Priya General Store - Kondapur Branch,SKU-1042,Umbrella - Standard 21in,6
2023-10-22,Priya General Store - Kondapur Branch,SKU-1043,Raincoat - Adult M,4
2023-10-22,Priya General Store - Kondapur Branch,SKU-2091,Sunscreen SPF50 100ml,17
2023-10-22,Priya General Store - Kondapur Branch,SKU-3087,Diyas - Clay Set of 12,39
2023-10-23,Priya General Store - Kondapur Branch,SKU-1042,Umbrella - Standard 21in,11
2023-10-23,Priya General Store - Kondapur Branch,SKU-1043,Raincoat - Adult M,5
2023-10-23,Priya General Store - Kondapur Branch,SKU-2091,Sunscreen SPF50 100ml,19
2023-10-23,Priya General Store - Kondapur Branch,SKU-3087,Diyas - Clay Set of 12,60
2023-10-24,Priya General Store - Kondapur Branch,SKU-1042,Umbrella - Standard 21in,10
2023-10-24,Priya General Store - Kondapur Branch,SKU-1043,Raincoat - Adult M,6
2023-10-24,Priya General Store - Kondapur Branch,SKU-2091,Sunscreen SPF50 100ml,14
2023-10-24,Priya General Store - Kondapur Branch,SKU-3087,Diyas - Clay Set of 12,14
2023-10-25,Priya General Store - Kondapur Branch,SKU-1042,Umbrella - Standard 21in,10
2023-10-25,Priya General Store - Kondapur Branch,SKU-1043,Raincoat - Adult M,3
2023-10-25,Priya General Store - Kondapur Branch,SKU-2091,Sunscreen SPF50 100ml,16
2023-10-25,Priya General Store - Kondapur Branch,SKU-3087,Diyas - Clay Set of 12,10
2023-10-26,Priya General Store - Kondapur Branch,SKU-1042,Umbrella - Standard 21in,8
2023-10-26,Priya General Store - Kondapur Branch,SKU-1043,Raincoat - Adult M,4
2023-10-26,Priya General Store - Kondapur Branch,SKU-2091,Sunscreen SPF50 100ml,12
2023-10-26,Priya General Store - Kondapur Branch,SKU-3087,Diyas - Clay Set of 12,38
2023-10-27,Priya General Store - Kondapur Branch,SKU-1042,Umbrella - Standard 21in,8
2023-10-27,Priya General Store - Kondapur Branch,SKU-1043,Raincoat - Adult M,2
2023-10-27,Priya General Store - Kondapur Branch,SKU-2091,Sunscreen SPF50 100ml,12
2023-10-27,Priya General Store - Kondapur Branch,SKU-3087,Diyas - Clay Set of 12,0
2023-10-28,Priya General Store - Kondapur Branch,SKU-1042,Umbrella - Standard 21in,8
2023-10-28,Priya General Store - Kondapur Branch,SKU-1043,Raincoat - Adult M,2
2023-10-28,Priya General Store - Kondapur Branch,SKU-2091,Sunscreen SPF50 100ml,19
2023-10-28,Priya General Store - Kondapur Branch,SKU-3087,Diyas - Clay Set of 12,14
2023-10-29,Priya General Store - Kondapur Branch,SKU-1042,Umbrella - Standard 21in,10
2023-10-29,Priya General Store - Kondapur Branch,SKU-1043,Raincoat - Adult M,3
2023-10-29,Priya General Store - Kondapur Branch,SKU-2091,Sunscreen SPF50 100ml,15
2023-10-29,Priya General Store - Kondapur Branch,SKU-3087,Diyas - Clay Set of 12,5
2023-10-30,Priya General Store - Kondapur Branch,SKU-1042,Umbrella - Standard 21in,8
2023-10-30,Priya General Store - Kondapur Branch,SKU-1043,Raincoat - Adult M,2
2023-10-30,Priya General Store - Kondapur Branch,SKU-2091,Sunscreen SPF50 100ml,14
2023-10-30,Priya General Store - Kondapur Branch,SKU-3087,Diyas - Clay Set of 12,22
2023-10-31,Priya General Store - Kondapur Branch,SKU-1042,Umbrella - Standard 21in,8
2023-10-31,Priya General Store - Kondapur Branch,SKU-1043,Raincoat - Adult M,0
2023-10-31,Priya General Store - Kondapur Branch,SKU-2091,Sunscreen SPF50 100ml,17
2023-10-31,Priya General Store - Kondapur Branch,SKU-3087,Diyas - Clay Set of 12,5
2023-11-01,Priya General Store - Kondapur Branch,SKU-1042,Umbrella - Standard 21in,11
2023-11-01,Priya General Store - Kondapur Branch,SKU-1043,Raincoat - Adult M,4
2023-11-01,Priya General Store - Kondapur Branch,SKU-2091,Sunscreen SPF50 100ml,13
2023-11-01,Priya General Store - Kondapur Branch,SKU-3087,Diyas - Clay Set of 12,5
2023-11-02,Priya General Store - Kondapur Branch,SKU-1042,Umbrella - Standard 21in,6
2023-11-02,Priya General Store - Kondapur Branch,SKU-1043,Raincoat - Adult M,3
2023-11-02,Priya General Store - Kondapur Branch,SKU-2091,Sunscreen SPF50 100ml,16
2023-11-02,Priya General Store - Kondapur Branch,SKU-3087,Diyas - Clay Set of 12,4
2023-11-03,Priya General Store - Kondapur Branch,SKU-1042,Umbrella - Standard 21in,11
2023-11-03,Priya General Store - Kondapur Branch,SKU-1043,Raincoat - Adult M,5
2023-11-03,Priya General Store - Kondapur Branch,SKU-2091,Sunscreen SPF50 100ml,17
2023-11-03,Priya General Store - Kondapur Branch,SKU-3087,Diyas - Clay Set of 12,5
2023-11-04,Priya General Store - Kondapur Branch,SKU-1042,Umbrella - Standard 21in,9
2023-11-04,Priya General Store - Kondapur Branch,SKU-1043,Raincoat - Adult M,6
2023-11-04,Priya General Store - Kondapur Branch,SKU-2091,Sunscreen SPF50 100ml,18
2023-11-04,Priya General Store - Kondapur Branch,SKU-3087,Diyas - Clay Set of 12,2
2023-11-05,Priya General Store - Kondapur Branch,SKU-1042,Umbrella - Standard 21in,7
2023-11-05,Priya General Store - Kondapur Branch,SKU-1043,Raincoat - Adult M,2
2023-11-05,Priya General Store - Kondapur Branch,SKU-2091,Sunscreen SPF50 100ml,17
2023-11-05,Priya General Store - Kondapur Branch,SKU-3087,Diyas - Clay Set of 12,2
2023-11-06,Priya General Store - Kondapur Branch,SKU-1042,Umbrella - Standard 21in,6
2023-11-06,Priya General Store - Kondapur Branch,SKU-1043,Raincoat - Adult M,3
2023-11-06,Priya General Store - Kondapur Branch,SKU-2091,Sunscreen SPF50 100ml,17
2023-11-06,Priya General Store - Kondapur Branch,SKU-3087,Diyas - Clay Set of 12,5
2023-11-07,Priya General Store - Kondapur Branch,SKU-1042,Umbrella - Standard 21in,8
2023-11-07,Priya General Store - Kondapur Branch,SKU-1043,Raincoat - Adult M,5
2023-11-07,Priya General Store - Kondapur Branch,SKU-2091,Sunscreen SPF50 100ml,16
2023-11-07,Priya General Store - Kondapur Branch,SKU-3087,Diyas - Clay Set of 12,5
2023-11-08,Priya General Store - Kondapur Branch,SKU-1042,Umbrella - Standard 21in,5
2023-11-08,Priya General Store - Kondapur Branch,SKU-1043,Raincoat - Adult M,3
2023-11-08,Priya General Store - Kondapur Branch,SKU-2091,Sunscreen SPF50 100ml,16
2023-11-08,Priya General Store - Kondapur Branch,SKU-3087,Diyas - Clay Set of 12,5
2023-11-09,Priya General Store - Kondapur Branch,SKU-1042,Umbrella - Standard 21in,10
2023-11-09,Priya General Store - Kondapur Branch,SKU-1043,Raincoat - Adult M,5
2023-11-09,Priya General Store - Kondapur Branch,SKU-2091,Sunscreen SPF50 100ml,16
2023-11-09,Priya General Store - Kondapur Branch,SKU-3087,Diyas - Clay Set of 12,4
2023-11-10,Priya General Store - Kondapur Branch,SKU-1042,Umbrella - Standard 21in,5
2023-11-10,Priya General Store - Kondapur Branch,SKU-1043,Raincoat - Adult M,6
2023-11-10,Priya General Store - Kondapur Branch,SKU-2091,Sunscreen SPF50 100ml,19
2023-11-10,Priya General Store - Kondapur Branch,SKU-3087,Diyas - Clay Set of 12,5
2023-11-11,Priya General Store - Kondapur Branch,SKU-1042,Umbrella - Standard 21in,7
2023-11-11,Priya General Store - Kondapur Branch,SKU-1043,Raincoat - Adult M,6
2023-11-11,Priya General Store - Kondapur Branch,SKU-2091,Sunscreen SPF50 100ml,13
2023-11-11,Priya General Store - Kondapur Branch,SKU-3087,Diyas - Clay Set of 12,1
2023-11-12,Priya General Store - Kondapur Branch,SKU-1042,Umbrella - Standard 21in,7
2023-11-12,Priya General Store - Kondapur Branch,SKU-1043,Raincoat - Adult M,2
2023-11-12,Priya General Store - Kondapur Branch,SKU-2091,Sunscreen SPF50 100ml,13
2023-11-12,Priya General Store - Kondapur Branch,SKU-3087,Diyas - Clay Set of 12,3
2023-11-13,Priya General Store - Kondapur Branch,SKU-1042,Umbrella - Standard 21in,6
2023-11-13,Priya General Store - Kondapur Branch,SKU-1043,Raincoat - Adult M,4
2023-11-13,Priya General Store - Kondapur Branch,SKU-2091,Sunscreen SPF50 100ml,18
2023-11-13,Priya General Store - Kondapur Branch,SKU-3087,Diyas - Clay Set of 12,4
2023-11-14,Priya General Store - Kondapur Branch,SKU-1042,Umbrella - Standard 21in,7
2023-11-14,Priya General Store - Kondapur Branch,SKU-1043,Raincoat - Adult M,2
2023-11-14,Priya General Store - Kondapur Branch,SKU-2091,Sunscreen SPF50 100ml,16
2023-11-14,Priya General Store - Kondapur Branch,SKU-3087,Diyas - Clay Set of 12,2
2023-11-15,Priya General Store - Kondapur Branch,SKU-1042,Umbrella - Standard 21in,10
2023-11-15,Priya General Store - Kondapur Branch,SKU-1043,Raincoat - Adult M,3
2023-11-15,Priya General Store - Kondapur Branch,SKU-2091,Sunscreen SPF50 100ml,16
2023-11-15,Priya General Store - Kondapur Branch,SKU-3087,Diyas - Clay Set of 12,4
2023-11-16,Priya General Store - Kondapur Branch,SKU-1042,Umbrella - Standard 21in,8
2023-11-16,Priya General Store - Kondapur Branch,SKU-1043,Raincoat - Adult M,3
2023-11-16,Priya General Store - Kondapur Branch,SKU-2091,Sunscreen SPF50 100ml,17
2023-11-16,Priya General Store - Kondapur Branch,SKU-3087,Diyas - Clay Set of 12,5
2023-11-17,Priya General Store - Kondapur Branch,SKU-1042,Umbrella - Standard 21in,8
2023-11-17,Priya General Store - Kondapur Branch,SKU-1043,Raincoat - Adult M,0
2023-11-17,Priya General Store - Kondapur Branch,SKU-2091,Sunscreen SPF50 100ml,14
2023-11-17,Priya General Store - Kondapur Branch,SKU-3087,Diyas - Clay Set of 12,1
2023-11-18,Priya General Store - Kondapur Branch,SKU-1042,Umbrella - Standard 21in,11
2023-11-18,Priya General Store - Kondapur Branch,SKU-1043,Raincoat - Adult M,3
2023-11-18,Priya General Store - Kondapur Branch,SKU-2091,Sunscreen SPF50 100ml,14
2023-11-18,Priya General Store - Kondapur Branch,SKU-3087,Diyas - Clay Set of 12,3
2023-11-19,Priya General Store - Kondapur Branch,SKU-1042,Umbrella - Standard 21in,8
2023-11-19,Priya General Store - Kondapur Branch,SKU-1043,Raincoat - Adult M,4
2023-11-19,Priya General Store - Kondapur Branch,SKU-2091,Sunscreen SPF50 100ml,17
2023-11-19,Priya General Store - Kondapur Branch,SKU-3087,Diyas - Clay Set of 12,3
2023-11-20,Priya General Store - Kondapur Branch,SKU-1042,Umbrella - Standard 21in,8
2023-11-20,Priya General Store - Kondapur Branch,SKU-1043,Raincoat - Adult M,4
2023-11-20,Priya General Store - Kondapur Branch,SKU-2091,Sunscreen SPF50 100ml,12
2023-11-20,Priya General Store - Kondapur Branch,SKU-3087,Diyas - Clay Set of 12,3
2023-11-21,Priya General Store - Kondapur Branch,SKU-1042,Umbrella - Standard 21in,7
2023-11-21,Priya General Store - Kondapur Branch,SKU-1043,Raincoat - Adult M,4
2023-11-21,Priya General Store - Kondapur Branch,SKU-2091,Sunscreen SPF50 100ml,19
2023-11-21,Priya General Store - Kondapur Branch,SKU-3087,Diyas - Clay Set of 12,5
2023-11-22,Priya General Store - Kondapur Branch,SKU-1042,Umbrella - Standard 21in,8
2023-11-22,Priya General Store - Kondapur Branch,SKU-1043,Raincoat - Adult M,5
2023-11-22,Priya General Store - Kondapur Branch,SKU-2091,Sunscreen SPF50 100ml,13
2023-11-22,Priya General Store - Kondapur Branch,SKU-3087,Diyas - Clay Set of 12,4
2023-11-23,Priya General Store - Kondapur Branch,SKU-1042,Umbrella - Standard 21in,6
2023-11-23,Priya General Store - Kondapur Branch,SKU-1043,Raincoat - Adult M,5
2023-11-23,Priya General Store - Kondapur Branch,SKU-2091,Sunscreen SPF50 100ml,16
2023-11-23,Priya General Store - Kondapur Branch,SKU-3087,Diyas - Clay Set of 12,4
2023-11-24,Priya General Store - Kondapur Branch,SKU-1042,Umbrella - Standard 21in,11
2023-11-24,Priya General Store - Kondapur Branch,SKU-1043,Raincoat - Adult M,6
2023-11-24,Priya General Store - Kondapur Branch,SKU-2091,Sunscreen SPF50 100ml,18
2023-11-24,Priya General Store - Kondapur Branch,SKU-3087,Diyas - Clay Set of 12,4
2023-11-25,Priya General Store - Kondapur Branch,SKU-1042,Umbrella - Standard 21in,11
2023-11-25,Priya General Store - Kondapur Branch,SKU-1043,Raincoat - Adult M,3
2023-11-25,Priya General Store - Kondapur Branch,SKU-2091,Sunscreen SPF50 100ml,11
2023-11-25,Priya General Store - Kondapur Branch,SKU-3087,Diyas - Clay Set of 12,2
2023-11-26,Priya General Store - Kondapur Branch,SKU-1042,Umbrella - Standard 21in,7
2023-11-26,Priya General Store - Kondapur Branch,SKU-1043,Raincoat - Adult M,4
2023-11-26,Priya General Store - Kondapur Branch,SKU-2091,Sunscreen SPF50 100ml,18
2023-11-26,Priya General Store - Kondapur Branch,SKU-3087,Diyas - Clay Set of 12,4
2023-11-27,Priya General Store - Kondapur Branch,SKU-1042,Umbrella - Standard 21in,5
2023-11-27,Priya General Store - Kondapur Branch,SKU-1043,Raincoat - Adult M,4
2023-11-27,Priya General Store - Kondapur Branch,SKU-2091,Sunscreen SPF50 100ml,16
2023-11-27,Priya General Store - Kondapur Branch,SKU-3087,Diyas - Clay Set of 12,1
2023-11-28,Priya General Store - Kondapur Branch,SKU-1042,Umbrella - Standard 21in,8
2023-11-28,Priya General Store - Kondapur Branch,SKU-1043,Raincoat - Adult M,5
2023-11-28,Priya General Store - Kondapur Branch,SKU-2091,Sunscreen SPF50 100ml,14
2023-11-28,Priya General Store - Kondapur Branch,SKU-3087,Diyas - Clay Set of 12,1
2023-11-29,Priya General Store - Kondapur Branch,SKU-1042,Umbrella - Standard 21in,7
2023-11-29,Priya General Store - Kondapur Branch,SKU-1043,Raincoat - Adult M,2
2023-11-29,Priya General Store - Kondapur Branch,SKU-2091,Sunscreen SPF50 100ml,12
2023-11-29,Priya General Store - Kondapur Branch,SKU-3087,Diyas - Clay Set of 12,2
2023-11-30,Priya General Store - Kondapur Branch,SKU-1042,Umbrella - Standard 21in,10
2023-11-30,Priya General Store - Kondapur Branch,SKU-1043,Raincoat - Adult M,4
2023-11-30,Priya General Store - Kondapur Branch,SKU-2091,Sunscreen SPF50 100ml,17
2023-11-30,Priya General Store - Kondapur Branch,SKU-3087,Diyas - Clay Set of 12,2
2023-12-01,Priya General Store - Kondapur Branch,SKU-1042,Umbrella - Standard 21in,11
2023-12-01,Priya General Store - Kondapur Branch,SKU-1043,Raincoat - Adult M,2
2023-12-01,Priya General Store - Kondapur Branch,SKU-2091,Sunscreen SPF50 100ml,19
2023-12-01,Priya General Store - Kondapur Branch,SKU-3087,Diyas - Clay Set of 12,5
2023-12-02,Priya General Store - Kondapur Branch,SKU-1042,Umbrella - Standard 21in,10
2023-12-02,Priya General Store - Kondapur Branch,SKU-1043,Raincoat - Adult M,6
2023-12-02,Priya General Store - Kondapur Branch,SKU-2091,Sunscreen SPF50 100ml,19
2023-12-02,Priya General Store - Kondapur Branch,SKU-3087,Diyas - Clay Set of 12,1
2023-12-03,Priya General Store - Kondapur Branch,SKU-1042,Umbrella - Standard 21in,11
2023-12-03,Priya General Store - Kondapur Branch,SKU-1043,Raincoat - Adult M,2
2023-12-03,Priya General Store - Kondapur Branch,SKU-2091,Sunscreen SPF50 100ml,13
2023-12-03,Priya General Store - Kondapur Branch,SKU-3087,Diyas - Clay Set of 12,2
2023-12-04,Priya General Store - Kondapur Branch,SKU-1042,Umbrella - Standard 21in,10
2023-12-04,Priya General Store - Kondapur Branch,SKU-1043,Raincoat - Adult M,3
2023-12-04,Priya General Store - Kondapur Branch,SKU-2091,Sunscreen SPF50 100ml,17
2023-12-04,Priya General Store - Kondapur Branch,SKU-3087,Diyas - Clay Set of 12,5
2023-12-05,Priya General Store - Kondapur Branch,SKU-1042,Umbrella - Standard 21in,10
2023-12-05,Priya General Store - Kondapur Branch,SKU-1043,Raincoat - Adult M,5
2023-12-05,Priya General Store - Kondapur Branch,SKU-2091,Sunscreen SPF50 100ml,12
2023-12-05,Priya General Store - Kondapur Branch,SKU-3087,Diyas - Clay Set of 12,3
2023-12-06,Priya General Store - Kondapur Branch,SKU-1042,Umbrella - Standard 21in,7
2023-12-06,Priya General Store - Kondapur Branch,SKU-1043,Raincoat - Adult M,5
2023-12-06,Priya General Store - Kondapur Branch,SKU-2091,Sunscreen SPF50 100ml,11
2023-12-06,Priya General Store - Kondapur Branch,SKU-3087,Diyas - Clay Set of 12,1
2023-12-07,Priya General Store - Kondapur Branch,SKU-1042,Umbrella - Standard 21in,8
2023-12-07,Priya General Store - Kondapur Branch,SKU-1043,Raincoat - Adult M,4
2023-12-07,Priya General Store - Kondapur Branch,SKU-2091,Sunscreen SPF50 100ml,19
2023-12-07,Priya General Store - Kondapur Branch,SKU-3087,Diyas - Clay Set of 12,4
2023-12-08,Priya General Store - Kondapur Branch,SKU-1042,Umbrella - Standard 21in,8
2023-12-08,Priya General Store - Kondapur Branch,SKU-1043,Raincoat - Adult M,4
2023-12-08,Priya General Store - Kondapur Branch,SKU-2091,Sunscreen SPF50 100ml,13
2023-12-08,Priya General Store - Kondapur Branch,SKU-3087,Diyas - Clay Set of 12,4
2023-12-09,Priya General Store - Kondapur Branch,SKU-1042,Umbrella - Standard 21in,10
2023-12-09,Priya General Store - Kondapur Branch,SKU-1043,Raincoat - Adult M,2
2023-12-09,Priya General Store - Kondapur Branch,SKU-2091,Sunscreen SPF50 100ml,18
2023-12-09,Priya General Store - Kondapur Branch,SKU-3087,Diyas - Clay Set of 12,2
2023-12-10,Priya General Store - Kondapur Branch,SKU-1042,Umbrella - Standard 21in,5
2023-12-10,Priya General Store - Kondapur Branch,SKU-1043,Raincoat - Adult M,5
2023-12-10,Priya General Store - Kondapur Branch,SKU-2091,Sunscreen SPF50 100ml,13
2023-12-10,Priya General Store - Kondapur Branch,SKU-3087,Diyas - Clay Set of 12,3
2023-12-11,Priya General Store - Kondapur Branch,SKU-1042,Umbrella - Standard 21in,7
2023-12-11,Priya General Store - Kondapur Branch,SKU-1043,Raincoat - Adult M,4
2023-12-11,Priya General Store - Kondapur Branch,SKU-2091,Sunscreen SPF50 100ml,16
2023-12-11,Priya General Store - Kondapur Branch,SKU-3087,Diyas - Clay Set of 12,2
2023-12-12,Priya General Store - Kondapur Branch,SKU-1042,Umbrella - Standard 21in,10
2023-12-12,Priya General Store - Kondapur Branch,SKU-1043,Raincoat - Adult M,3
2023-12-12,Priya General Store - Kondapur Branch,SKU-2091,Sunscreen SPF50 100ml,12
2023-12-12,Priya General Store - Kondapur Branch,SKU-3087,Diyas - Clay Set of 12,1
2023-12-13,Priya General Store - Kondapur Branch,SKU-1042,Umbrella - Standard 21in,5
2023-12-13,Priya General Store - Kondapur Branch,SKU-1043,Raincoat - Adult M,3
2023-12-13,Priya General Store - Kondapur Branch,SKU-2091,Sunscreen SPF50 100ml,0
2023-12-13,Priya General Store - Kondapur Branch,SKU-3087,Diyas - Clay Set of 12,3
2023-12-14,Priya General Store - Kondapur Branch,SKU-1042,Umbrella - Standard 21in,11
2023-12-14,Priya General Store - Kondapur Branch,SKU-1043,Raincoat - Adult M,3
2023-12-14,Priya General Store - Kondapur Branch,SKU-2091,Sunscreen SPF50 100ml,14
2023-12-14,Priya General Store - Kondapur Branch,SKU-3087,Diyas - Clay Set of 12,1
2023-12-15,Priya General Store - Kondapur Branch,SKU-1042,Umbrella - Standard 21in,7
2023-12-15,Priya General Store - Kondapur Branch,SKU-1043,Raincoat - Adult M,3
2023-12-15,Priya General Store - Kondapur Branch,SKU-2091,Sunscreen SPF50 100ml,13
2023-12-15,Priya General Store - Kondapur Branch,SKU-3087,Diyas - Clay Set of 12,2
2023-12-16,Priya General Store - Kondapur Branch,SKU-1042,Umbrella - Standard 21in,0
2023-12-16,Priya General Store - Kondapur Branch,SKU-1043,Raincoat - Adult M,3
2023-12-16,Priya General Store - Kondapur Branch,SKU-2091,Sunscreen SPF50 100ml,14
2023-12-16,Priya General Store - Kondapur Branch,SKU-3087,Diyas - Clay Set of 12,2
2023-12-17,Priya General Store - Kondapur Branch,SKU-1042,Umbrella - Standard 21in,9
2023-12-17,Priya General Store - Kondapur Branch,SKU-1043,Raincoat - Adult M,3
2023-12-17,Priya General Store - Kondapur Branch,SKU-2091,Sunscreen SPF50 100ml,12
2023-12-17,Priya General Store - Kondapur Branch,SKU-3087,Diyas - Clay Set of 12,1
2023-12-18,Priya General Store - Kondapur Branch,SKU-1042,Umbrella - Standard 21in,8
2023-12-18,Priya General Store - Kondapur Branch,SKU-1043,Raincoat - Adult M,5
2023-12-18,Priya General Store - Kondapur Branch,SKU-2091,Sunscreen SPF50 100ml,13
2023-12-18,Priya General Store - Kondapur Branch,SKU-3087,Diyas - Clay Set of 12,1
2023-12-19,Priya General Store - Kondapur Branch,SKU-1042,Umbrella - Standard 21in,9
2023-12-19,Priya General Store - Kondapur Branch,SKU-1043,Raincoat - Adult M,6
2023-12-19,Priya General Store - Kondapur Branch,SKU-2091,Sunscreen SPF50 100ml,11
2023-12-19,Priya General Store - Kondapur Branch,SKU-3087,Diyas - Clay Set of 12,3
2023-12-20,Priya General Store - Kondapur Branch,SKU-1042,Umbrella - Standard 21in,9
2023-12-20,Priya General Store - Kondapur Branch,SKU-1043,Raincoat - Adult M,5
2023-12-20,Priya General Store - Kondapur Branch,SKU-2091,Sunscreen SPF50 100ml,11
2023-12-20,Priya General Store - Kondapur Branch,SKU-3087,Diyas - Clay Set of 12,2
2023-12-21,Priya General Store - Kondapur Branch,SKU-1042,Umbrella - Standard 21in,5
2023-12-21,Priya General Store - Kondapur Branch,SKU-1043,Raincoat - Adult M,6
2023-12-21,Priya General Store - Kondapur Branch,SKU-2091,Sunscreen SPF50 100ml,11
2023-12-21,Priya General Store - Kondapur Branch,SKU-3087,Diyas - Clay Set of 12,3
2023-12-22,Priya General Store - Kondapur Branch,SKU-1042,Umbrella - Standard 21in,11
2023-12-22,Priya General Store - Kondapur Branch,SKU-1043,Raincoat - Adult M,5
2023-12-22,Priya General Store - Kondapur Branch,SKU-2091,Sunscreen SPF50 100ml,13
2023-12-22,Priya General Store - Kondapur Branch,SKU-3087,Diyas - Clay Set of 12,1
2023-12-23,Priya General Store - Kondapur Branch,SKU-1042,Umbrella - Standard 21in,0
2023-12-23,Priya General Store - Kondapur Branch,SKU-1043,Raincoat - Adult M,3
2023-12-23,Priya General Store - Kondapur Branch,SKU-2091,Sunscreen SPF50 100ml,11
2023-12-23,Priya General Store - Kondapur Branch,SKU-3087,Diyas - Clay Set of 12,4
2023-12-24,Priya General Store - Kondapur Branch,SKU-1042,Umbrella - Standard 21in,10
2023-12-24,Priya General Store - Kondapur Branch,SKU-1043,Raincoat - Adult M,5
2023-12-24,Priya General Store - Kondapur Branch,SKU-2091,Sunscreen SPF50 100ml,17
2023-12-24,Priya General Store - Kondapur Branch,SKU-3087,Diyas - Clay Set of 12,5
2023-12-25,Priya General Store - Kondapur Branch,SKU-1042,Umbrella - Standard 21in,6
2023-12-25,Priya General Store - Kondapur Branch,SKU-1043,Raincoat - Adult M,4
2023-12-25,Priya General Store - Kondapur Branch,SKU-2091,Sunscreen SPF50 100ml,14
2023-12-25,Priya General Store - Kondapur Branch,SKU-3087,Diyas - Clay Set of 12,2
2023-12-26,Priya General Store - Kondapur Branch,SKU-1042,Umbrella - Standard 21in,8
2023-12-26,Priya General Store - Kondapur Branch,SKU-1043,Raincoat - Adult M,2
2023-12-26,Priya General Store - Kondapur Branch,SKU-2091,Sunscreen SPF50 100ml,17
2023-12-26,Priya General Store - Kondapur Branch,SKU-3087,Diyas - Clay Set of 12,2
2023-12-27,Priya General Store - Kondapur Branch,SKU-1042,Umbrella - Standard 21in,5
2023-12-27,Priya General Store - Kondapur Branch,SKU-1043,Raincoat - Adult M,2
2023-12-27,Priya General Store - Kondapur Branch,SKU-2091,Sunscreen SPF50 100ml,11
2023-12-27,Priya General Store - Kondapur Branch,SKU-3087,Diyas - Clay Set of 12,2
2023-12-28,Priya General Store - Kondapur Branch,SKU-1042,Umbrella - Standard 21in,10
2023-12-28,Priya General Store - Kondapur Branch,SKU-1043,Raincoat - Adult M,2
2023-12-28,Priya General Store - Kondapur Branch,SKU-2091,Sunscreen SPF50 100ml,16
2023-12-28,Priya General Store - Kondapur Branch,SKU-3087,Diyas - Clay Set of 12,3
2023-12-29,Priya General Store - Kondapur Branch,SKU-1042,Umbrella - Standard 21in,6
2023-12-29,Priya General Store - Kondapur Branch,SKU-1043,Raincoat - Adult M,4
2023-12-29,Priya General Store - Kondapur Branch,SKU-2091,Sunscreen SPF50 100ml,12
2023-12-29,Priya General Store - Kondapur Branch,SKU-3087,Diyas - Clay Set of 12,1
2023-12-30,Priya General Store - Kondapur Branch,SKU-1042,Umbrella - Standard 21in,8
2023-12-30,Priya General Store - Kondapur Branch,SKU-1043,Raincoat - Adult M,2
2023-12-30,Priya General Store - Kondapur Branch,SKU-2091,Sunscreen SPF50 100ml,12
2023-12-30,Priya General Store - Kondapur Branch,SKU-3087,Diyas - Clay Set of 12,5
2023-12-31,Priya General Store - Kondapur Branch,SKU-1042,Umbrella - Standard 21in,8
2023-12-31,Priya General Store - Kondapur Branch,SKU-1043,Raincoat - Adult M,3
2023-12-31,Priya General Store - Kondapur Branch,SKU-2091,Sunscreen SPF50 100ml,15
2023-12-31,Priya General Store - Kondapur Branch,SKU-3087,Diyas - Clay Set of 12,5
2024-01-01,Priya General Store - Kondapur Branch,SKU-1042,Umbrella - Standard 21in,5
2024-01-01,Priya General Store - Kondapur Branch,SKU-1043,Raincoat - Adult M,0
2024-01-01,Priya General Store - Kondapur Branch,SKU-2091,Sunscreen SPF50 100ml,11
2024-01-01,Priya General Store - Kondapur Branch,SKU-3087,Diyas - Clay Set of 12,4
2024-01-02,Priya General Store - Kondapur Branch,SKU-1042,Umbrella - Standard 21in,6
2024-01-02,Priya General Store - Kondapur Branch,SKU-1043,Raincoat - Adult M,2
2024-01-02,Priya General Store - Kondapur Branch,SKU-2091,Sunscreen SPF50 100ml,17
2024-01-02,Priya General Store - Kondapur Branch,SKU-3087,Diyas - Clay Set of 12,2
2024-01-03,Priya General Store - Kondapur Branch,SKU-1042,Umbrella - Standard 21in,10
2024-01-03,Priya General Store - Kondapur Branch,SKU-1043,Raincoat - Adult M,2
2024-01-03,Priya General Store - Kondapur Branch,SKU-2091,Sunscreen SPF50 100ml,12
2024-01-03,Priya General Store - Kondapur Branch,SKU-3087,Diyas - Clay Set of 12,1
2024-01-04,Priya General Store - Kondapur Branch,SKU-1042,Umbrella - Standard 21in,11
2024-01-04,Priya General Store - Kondapur Branch,SKU-1043,Raincoat - Adult M,2
2024-01-04,Priya General Store - Kondapur Branch,SKU-2091,Sunscreen SPF50 100ml,12
2024-01-04,Priya General Store - Kondapur Branch,SKU-3087,Diyas - Clay Set of 12,3
2024-01-05,Priya General Store - Kondapur Branch,SKU-1042,Umbrella - Standard 21in,7
2024-01-05,Priya General Store - Kondapur Branch,SKU-1043,Raincoat - Adult M,6
2024-01-05,Priya General Store - Kondapur Branch,SKU-2091,Sunscreen SPF50 100ml,16
2024-01-05,Priya General Store - Kondapur Branch,SKU-3087,Diyas - Clay Set of 12,5
2024-01-06,Priya General Store - Kondapur Branch,SKU-1042,Umbrella - Standard 21in,10
2024-01-06,Priya General Store - Kondapur Branch,SKU-1043,Raincoat - Adult M,5
2024-01-06,Priya General Store - Kondapur Branch,SKU-2091,Sunscreen SPF50 100ml,18
2024-01-06,Priya General Store - Kondapur Branch,SKU-3087,Diyas - Clay Set of 12,2
2024-01-07,Priya General Store - Kondapur Branch,SKU-1042,Umbrella - Standard 21in,9
2024-01-07,Priya General Store - Kondapur Branch,SKU-1043,Raincoat - Adult M,3
2024-01-07,Priya General Store - Kondapur Branch,SKU-2091,Sunscreen SPF50 100ml,17
2024-01-07,Priya General Store - Kondapur Branch,SKU-3087,Diyas - Clay Set of 12,5
2024-01-08,Priya General Store - Kondapur Branch,SKU-1042,Umbrella - Standard 21in,11
2024-01-08,Priya General Store - Kondapur Branch,SKU-1043,Raincoat - Adult M,2
2024-01-08,Priya General Store - Kondapur Branch,SKU-2091,Sunscreen SPF50 100ml,11
2024-01-08,Priya General Store - Kondapur Branch,SKU-3087,Diyas - Clay Set of 12,4
2024-01-09,Priya General Store - Kondapur Branch,SKU-1042,Umbrella - Standard 21in,10
2024-01-09,Priya General Store - Kondapur Branch,SKU-1043,Raincoat - Adult M,3
2024-01-09,Priya General Store - Kondapur Branch,SKU-2091,Sunscreen SPF50 100ml,14
2024-01-09,Priya General Store - Kondapur Branch,SKU-3087,Diyas - Clay Set of 12,1
2024-01-10,Priya General Store - Kondapur Branch,SKU-1042,Umbrella - Standard 21in,6
2024-01-10,Priya General Store - Kondapur Branch,SKU-1043,Raincoat - Adult M,2
2024-01-10,Priya General Store - Kondapur Branch,SKU-2091,Sunscreen SPF50 100ml,14
2024-01-10,Priya General Store - Kondapur Branch,SKU-3087,Diyas - Clay Set of 12,5
2024-01-11,Priya General Store - Kondapur Branch,SKU-1042,Umbrella - Standard 21in,7
2024-01-11,Priya General Store - Kondapur Branch,SKU-1043,Raincoat - Adult M,2
2024-01-11,Priya General Store - Kondapur Branch,SKU-2091,Sunscreen SPF50 100ml,19
2024-01-11,Priya General Store - Kondapur Branch,SKU-3087,Diyas - Clay Set of 12,4
2024-01-12,Priya General Store - Kondapur Branch,SKU-1042,Umbrella - Standard 21in,9
2024-01-12,Priya General Store - Kondapur Branch,SKU-1043,Raincoat - Adult M,3
2024-01-12,Priya General Store - Kondapur Branch,SKU-2091,Sunscreen SPF50 100ml,15
2024-01-12,Priya General Store - Kondapur Branch,SKU-3087,Diyas - Clay Set of 12,4
2024-01-13,Priya General Store - Kondapur Branch,SKU-1042,Umbrella - Standard 21in,10
2024-01-13,Priya General Store - Kondapur Branch,SKU-1043,Raincoat - Adult M,5
2024-01-13,Priya General Store - Kondapur Branch,SKU-2091,Sunscreen SPF50 100ml,12
2024-01-13,Priya General Store - Kondapur Branch,SKU-3087,Diyas - Clay Set of 12,2
2024-01-14,Priya General Store - Kondapur Branch,SKU-1042,Umbrella - Standard 21in,9
2024-01-14,Priya General Store - Kondapur Branch,SKU-1043,Raincoat - Adult M,2
2024-01-14,Priya General Store - Kondapur Branch,SKU-2091,Sunscreen SPF50 100ml,18
2024-01-14,Priya General Store - Kondapur Branch,SKU-3087,Diyas - Clay Set of 12,1
2024-01-15,Priya General Store - Kondapur Branch,SKU-1042,Umbrella - Standard 21in,11
2024-01-15,Priya General Store - Kondapur Branch,SKU-1043,Raincoat - Adult M,4
2024-01-15,Priya General Store - Kondapur Branch,SKU-2091,Sunscreen SPF50 100ml,12
2024-01-15,Priya General Store - Kondapur Branch,SKU-3087,Diyas - Clay Set of 12,3
2024-01-16,Priya General Store - Kondapur Branch,SKU-1042,Umbrella - Standard 21in,10
2024-01-16,Priya General Store - Kondapur Branch,SKU-1043,Raincoat - Adult M,3
2024-01-16,Priya General Store - Kondapur Branch,SKU-2091,Sunscreen SPF50 100ml,16
2024-01-16,Priya General Store - Kondapur Branch,SKU-3087,Diyas - Clay Set of 12,2
2024-01-17,Priya General Store - Kondapur Branch,SKU-1042,Umbrella - Standard 21in,8
2024-01-17,Priya General Store - Kondapur Branch,SKU-1043,Raincoat - Adult M,4
2024-01-17,Priya General Store - Kondapur Branch,SKU-2091,Sunscreen SPF50 100ml,13
2024-01-17,Priya General Store - Kondapur Branch,SKU-3087,Diyas - Clay Set of 12,4
2024-01-18,Priya General Store - Kondapur Branch,SKU-1042,Umbrella - Standard 21in,9
2024-01-18,Priya General Store - Kondapur Branch,SKU-1043,Raincoat - Adult M,3
2024-01-18,Priya General Store - Kondapur Branch,SKU-2091,Sunscreen SPF50 100ml,12
2024-01-18,Priya General Store - Kondapur Branch,SKU-3087,Diyas - Clay Set of 12,2
2024-01-19,Priya General Store - Kondapur Branch,SKU-1042,Umbrella - Standard 21in,5
2024-01-19,Priya General Store - Kondapur Branch,SKU-1043,Raincoat - Adult M,3
2024-01-19,Priya General Store - Kondapur Branch,SKU-2091,Sunscreen SPF50 100ml,17
2024-01-19,Priya General Store - Kondapur Branch,SKU-3087,Diyas - Clay Set of 12,1
2024-01-20,Priya General Store - Kondapur Branch,SKU-1042,Umbrella - Standard 21in,7
2024-01-20,Priya General Store - Kondapur Branch,SKU-1043,Raincoat - Adult M,2
2024-01-20,Priya General Store - Kondapur Branch,SKU-2091,Sunscreen SPF50 100ml,12
2024-01-20,Priya General Store - Kondapur Branch,SKU-3087,Diyas - Clay Set of 12,4
2024-01-21,Priya General Store - Kondapur Branch,SKU-1042,Umbrella - Standard 21in,5
2024-01-21,Priya General Store - Kondapur Branch,SKU-1043,Raincoat - Adult M,4
2024-01-21,Priya General Store - Kondapur Branch,SKU-2091,Sunscreen SPF50 100ml,18
2024-01-21,Priya General Store - Kondapur Branch,SKU-3087,Diyas - Clay Set of 12,5
2024-01-22,Priya General Store - Kondapur Branch,SKU-1042,Umbrella - Standard 21in,10
2024-01-22,Priya General Store - Kondapur Branch,SKU-1043,Raincoat - Adult M,2
2024-01-22,Priya General Store - Kondapur Branch,SKU-2091,Sunscreen SPF50 100ml,17
2024-01-22,Priya General Store - Kondapur Branch,SKU-3087,Diyas - Clay Set of 12,2
2024-01-23,Priya General Store - Kondapur Branch,SKU-1042,Umbrella - Standard 21in,7
2024-01-23,Priya General Store - Kondapur Branch,SKU-1043,Raincoat - Adult M,3
2024-01-23,Priya General Store - Kondapur Branch,SKU-2091,Sunscreen SPF50 100ml,14
2024-01-23,Priya General Store - Kondapur Branch,SKU-3087,Diyas - Clay Set of 12,4
2024-01-24,Priya General Store - Kondapur Branch,SKU-1042,Umbrella - Standard 21in,9
2024-01-24,Priya General Store - Kondapur Branch,SKU-1043,Raincoat - Adult M,2
2024-01-24,Priya General Store - Kondapur Branch,SKU-2091,Sunscreen SPF50 100ml,13
2024-01-24,Priya General Store - Kondapur Branch,SKU-3087,Diyas - Clay Set of 12,5
2024-01-25,Priya General Store - Kondapur Branch,SKU-1042,Umbrella - Standard 21in,11
2024-01-25,Priya General Store - Kondapur Branch,SKU-1043,Raincoat - Adult M,2
2024-01-25,Priya General Store - Kondapur Branch,SKU-2091,Sunscreen SPF50 100ml,16
2024-01-25,Priya General Store - Kondapur Branch,SKU-3087,Diyas - Clay Set of 12,4
2024-01-26,Priya General Store - Kondapur Branch,SKU-1042,Umbrella - Standard 21in,9
2024-01-26,Priya General Store - Kondapur Branch,SKU-1043,Raincoat - Adult M,5
2024-01-26,Priya General Store - Kondapur Branch,SKU-2091,Sunscreen SPF50 100ml,11
2024-01-26,Priya General Store - Kondapur Branch,SKU-3087,Diyas - Clay Set of 12,2
2024-01-27,Priya General Store - Kondapur Branch,SKU-1042,Umbrella - Standard 21in,11
2024-01-27,Priya General Store - Kondapur Branch,SKU-1043,Raincoat - Adult M,2
2024-01-27,Priya General Store - Kondapur Branch,SKU-2091,Sunscreen SPF50 100ml,18
2024-01-27,Priya General Store - Kondapur Branch,SKU-3087,Diyas - Clay Set of 12,5
2024-01-28,Priya General Store - Kondapur Branch,SKU-1042,Umbrella - Standard 21in,6
2024-01-28,Priya General Store - Kondapur Branch,SKU-1043,Raincoat - Adult M,3
2024-01-28,Priya General Store - Kondapur Branch,SKU-2091,Sunscreen SPF50 100ml,11
2024-01-28,Priya General Store - Kondapur Branch,SKU-3087,Diyas - Clay Set of 12,2
2024-01-29,Priya General Store - Kondapur Branch,SKU-1042,Umbrella - Standard 21in,11
2024-01-29,Priya General Store - Kondapur Branch,SKU-1043,Raincoat - Adult M,3
2024-01-29,Priya General Store - Kondapur Branch,SKU-2091,Sunscreen SPF50 100ml,16
2024-01-29,Priya General Store - Kondapur Branch,SKU-3087,Diyas - Clay Set of 12,3
2024-01-30,Priya General Store - Kondapur Branch,SKU-1042,Umbrella - Standard 21in,5
2024-01-30,Priya General Store - Kondapur Branch,SKU-1043,Raincoat - Adult M,4
2024-01-30,Priya General Store - Kondapur Branch,SKU-2091,Sunscreen SPF50 100ml,13
2024-01-30,Priya General Store - Kondapur Branch,SKU-3087,Diyas - Clay Set of 12,2
2024-01-31,Priya General Store - Kondapur Branch,SKU-1042,Umbrella - Standard 21in,11
2024-01-31,Priya General Store - Kondapur Branch,SKU-1043,Raincoat - Adult M,5
2024-01-31,Priya General Store - Kondapur Branch,SKU-2091,Sunscreen SPF50 100ml,13
2024-01-31,Priya General Store - Kondapur Branch,SKU-3087,Diyas - Clay Set of 12,1
2024-02-01,Priya General Store - Kondapur Branch,SKU-1042,Umbrella - Standard 21in,9
2024-02-01,Priya General Store - Kondapur Branch,SKU-1043,Raincoat - Adult M,6
2024-02-01,Priya General Store - Kondapur Branch,SKU-2091,Sunscreen SPF50 100ml,16
2024-02-01,Priya General Store - Kondapur Branch,SKU-3087,Diyas - Clay Set of 12,2
2024-02-02,Priya General Store - Kondapur Branch,SKU-1042,Umbrella - Standard 21in,7
2024-02-02,Priya General Store - Kondapur Branch,SKU-1043,Raincoat - Adult M,4
2024-02-02,Priya General Store - Kondapur Branch,SKU-2091,Sunscreen SPF50 100ml,13
2024-02-02,Priya General Store - Kondapur Branch,SKU-3087,Diyas - Clay Set of 12,2
2024-02-03,Priya General Store - Kondapur Branch,SKU-1042,Umbrella - Standard 21in,11
2024-02-03,Priya General Store - Kondapur Branch,SKU-1043,Raincoat - Adult M,4
2024-02-03,Priya General Store - Kondapur Branch,SKU-2091,Sunscreen SPF50 100ml,16
2024-02-03,Priya General Store - Kondapur Branch,SKU-3087,Diyas - Clay Set of 12,4
2024-02-04,Priya General Store - Kondapur Branch,SKU-1042,Umbrella - Standard 21in,7
2024-02-04,Priya General Store - Kondapur Branch,SKU-1043,Raincoat - Adult M,3
2024-02-04,Priya General Store - Kondapur Branch,SKU-2091,Sunscreen SPF50 100ml,17
2024-02-04,Priya General Store - Kondapur Branch,SKU-3087,Diyas - Clay Set of 12,4
2024-02-05,Priya General Store - Kondapur Branch,SKU-1042,Umbrella - Standard 21in,6
2024-02-05,Priya General Store - Kondapur Branch,SKU-1043,Raincoat - Adult M,6
2024-02-05,Priya General Store - Kondapur Branch,SKU-2091,Sunscreen SPF50 100ml,16
2024-02-05,Priya General Store - Kondapur Branch,SKU-3087,Diyas - Clay Set of 12,5
2024-02-06,Priya General Store - Kondapur Branch,SKU-1042,Umbrella - Standard 21in,8
2024-02-06,Priya General Store - Kondapur Branch,SKU-1043,Raincoat - Adult M,4
2024-02-06,Priya General Store - Kondapur Branch,SKU-2091,Sunscreen SPF50 100ml,11
2024-02-06,Priya General Store - Kondapur Branch,SKU-3087,Diyas - Clay Set of 12,5
2024-02-07,Priya General Store - Kondapur Branch,SKU-1042,Umbrella - Standard 21in,11
2024-02-07,Priya General Store - Kondapur Branch,SKU-1043,Raincoat - Adult M,2
2024-02-07,Priya General Store - Kondapur Branch,SKU-2091,Sunscreen SPF50 100ml,16
2024-02-07,Priya General Store - Kondapur Branch,SKU-3087,Diyas - Clay Set of 12,5
2024-02-08,Priya General Store - Kondapur Branch,SKU-1042,Umbrella - Standard 21in,9
2024-02-08,Priya General Store - Kondapur Branch,SKU-1043,Raincoat - Adult M,5
2024-02-08,Priya General Store - Kondapur Branch,SKU-2091,Sunscreen SPF50 100ml,12
2024-02-08,Priya General Store - Kondapur Branch,SKU-3087,Diyas - Clay Set of 12,3
2024-02-09,Priya General Store - Kondapur Branch,SKU-1042,Umbrella - Standard 21in,5
2024-02-09,Priya General Store - Kondapur Branch,SKU-1043,Raincoat - Adult M,4
2024-02-09,Priya General Store - Kondapur Branch,SKU-2091,Sunscreen SPF50 100ml,15
2024-02-09,Priya General Store - Kondapur Branch,SKU-3087,Diyas - Clay Set of 12,1
2024-02-10,Priya General Store - Kondapur Branch,SKU-1042,Umbrella - Standard 21in,11
2024-02-10,Priya General Store - Kondapur Branch,SKU-1043,Raincoat - Adult M,2
2024-02-10,Priya General Store - Kondapur Branch,SKU-2091,Sunscreen SPF50 100ml,18
2024-02-10,Priya General Store - Kondapur Branch,SKU-3087,Diyas - Clay Set of 12,2
2024-02-11,Priya General Store - Kondapur Branch,SKU-1042,Umbrella - Standard 21in,8
2024-02-11,Priya General Store - Kondapur Branch,SKU-1043,Raincoat - Adult M,4
2024-02-11,Priya General Store - Kondapur Branch,SKU-2091,Sunscreen SPF50 100ml,12
2024-02-11,Priya General Store - Kondapur Branch,SKU-3087,Diyas - Clay Set of 12,5
2024-02-12,Priya General Store - Kondapur Branch,SKU-1042,Umbrella - Standard 21in,10
2024-02-12,Priya General Store - Kondapur Branch,SKU-1043,Raincoat - Adult M,5
2024-02-12,Priya General Store - Kondapur Branch,SKU-2091,Sunscreen SPF50 100ml,11
2024-02-12,Priya General Store - Kondapur Branch,SKU-3087,Diyas - Clay Set of 12,3
2024-02-13,Priya General Store - Kondapur Branch,SKU-1042,Umbrella - Standard 21in,5
2024-02-13,Priya General Store - Kondapur Branch,SKU-1043,Raincoat - Adult M,3
2024-02-13,Priya General Store - Kondapur Branch,SKU-2091,Sunscreen SPF50 100ml,13
2024-02-13,Priya General Store - Kondapur Branch,SKU-3087,Diyas - Clay Set of 12,5
2024-02-14,Priya General Store - Kondapur Branch,SKU-1042,Umbrella - Standard 21in,5
2024-02-14,Priya General Store - Kondapur Branch,SKU-1043,Raincoat - Adult M,6
2024-02-14,Priya General Store - Kondapur Branch,SKU-2091,Sunscreen SPF50 100ml,11
2024-02-14,Priya General Store - Kondapur Branch,SKU-3087,Diyas - Clay Set of 12,2
2024-02-15,Priya General Store - Kondapur Branch,SKU-1042,Umbrella - Standard 21in,8
2024-02-15,Priya General Store - Kondapur Branch,SKU-1043,Raincoat - Adult M,2
2024-02-15,Priya General Store - Kondapur Branch,SKU-2091,Sunscreen SPF50 100ml,14
2024-02-15,Priya General Store - Kondapur Branch,SKU-3087,Diyas - Clay Set of 12,5
2024-02-16,Priya General Store - Kondapur Branch,SKU-1042,Umbrella - Standard 21in,10
2024-02-16,Priya General Store - Kondapur Branch,SKU-1043,Raincoat - Adult M,4
2024-02-16,Priya General Store - Kondapur Branch,SKU-2091,Sunscreen SPF50 100ml,12
2024-02-16,Priya General Store - Kondapur Branch,SKU-3087,Diyas - Clay Set of 12,5
2024-02-17,Priya General Store - Kondapur Branch,SKU-1042,Umbrella - Standard 21in,8
2024-02-17,Priya General Store - Kondapur Branch,SKU-1043,Raincoat - Adult M,0
2024-02-17,Priya General Store - Kondapur Branch,SKU-2091,Sunscreen SPF50 100ml,12
2024-02-17,Priya General Store - Kondapur Branch,SKU-3087,Diyas - Clay Set of 12,5
2024-02-18,Priya General Store - Kondapur Branch,SKU-1042,Umbrella - Standard 21in,5
2024-02-18,Priya General Store - Kondapur Branch,SKU-1043,Raincoat - Adult M,3
2024-02-18,Priya General Store - Kondapur Branch,SKU-2091,Sunscreen SPF50 100ml,12
2024-02-18,Priya General Store - Kondapur Branch,SKU-3087,Diyas - Clay Set of 12,1
2024-02-19,Priya General Store - Kondapur Branch,SKU-1042,Umbrella - Standard 21in,8
2024-02-19,Priya General Store - Kondapur Branch,SKU-1043,Raincoat - Adult M,4
2024-02-19,Priya General Store - Kondapur Branch,SKU-2091,Sunscreen SPF50 100ml,19
2024-02-19,Priya General Store - Kondapur Branch,SKU-3087,Diyas - Clay Set of 12,3
2024-02-20,Priya General Store - Kondapur Branch,SKU-1042,Umbrella - Standard 21in,7
2024-02-20,Priya General Store - Kondapur Branch,SKU-1043,Raincoat - Adult M,2
2024-02-20,Priya General Store - Kondapur Branch,SKU-2091,Sunscreen SPF50 100ml,18
2024-02-20,Priya General Store - Kondapur Branch,SKU-3087,Diyas - Clay Set of 12,3
2024-02-21,Priya General Store - Kondapur Branch,SKU-1042,Umbrella - Standard 21in,6
2024-02-21,Priya General Store - Kondapur Branch,SKU-1043,Raincoat - Adult M,2
2024-02-21,Priya General Store - Kondapur Branch,SKU-2091,Sunscreen SPF50 100ml,16
2024-02-21,Priya General Store - Kondapur Branch,SKU-3087,Diyas - Clay Set of 12,4
2024-02-22,Priya General Store - Kondapur Branch,SKU-1042,Umbrella - Standard 21in,9
2024-02-22,Priya General Store - Kondapur Branch,SKU-1043,Raincoat - Adult M,2
2024-02-22,Priya General Store - Kondapur Branch,SKU-2091,Sunscreen SPF50 100ml,19
2024-02-22,Priya General Store - Kondapur Branch,SKU-3087,Diyas - Clay Set of 12,5
2024-02-23,Priya General Store - Kondapur Branch,SKU-1042,Umbrella - Standard 21in,8
2024-02-23,Priya General Store - Kondapur Branch,SKU-1043,Raincoat - Adult M,3
2024-02-23,Priya General Store - Kondapur Branch,SKU-2091,Sunscreen SPF50 100ml,12
2024-02-23,Priya General Store - Kondapur Branch,SKU-3087,Diyas - Clay Set of 12,1
2024-02-24,Priya General Store - Kondapur Branch,SKU-1042,Umbrella - Standard 21in,9
2024-02-24,Priya General Store - Kondapur Branch,SKU-1043,Raincoat - Adult M,6
2024-02-24,Priya General Store - Kondapur Branch,SKU-2091,Sunscreen SPF50 100ml,18
2024-02-24,Priya General Store - Kondapur Branch,SKU-3087,Diyas - Clay Set of 12,2
2024-02-25,Priya General Store - Kondapur Branch,SKU-1042,Umbrella - Standard 21in,11
2024-02-25,Priya General Store - Kondapur Branch,SKU-1043,Raincoat - Adult M,2
2024-02-25,Priya General Store - Kondapur Branch,SKU-2091,Sunscreen SPF50 100ml,17
2024-02-25,Priya General Store - Kondapur Branch,SKU-3087,Diyas - Clay Set of 12,2
2024-02-26,Priya General Store - Kondapur Branch,SKU-1042,Umbrella - Standard 21in,7
2024-02-26,Priya General Store - Kondapur Branch,SKU-1043,Raincoat - Adult M,2
2024-02-26,Priya General Store - Kondapur Branch,SKU-2091,Sunscreen SPF50 100ml,19
2024-02-26,Priya General Store - Kondapur Branch,SKU-3087,Diyas - Clay Set of 12,3
2024-02-27,Priya General Store - Kondapur Branch,SKU-1042,Umbrella - Standard 21in,9
2024-02-27,Priya General Store - Kondapur Branch,SKU-1043,Raincoat - Adult M,2
2024-02-27,Priya General Store - Kondapur Branch,SKU-2091,Sunscreen SPF50 100ml,19
2024-02-27,Priya General Store - Kondapur Branch,SKU-3087,Diyas - Clay Set of 12,1
2024-02-28,Priya General Store - Kondapur Branch,SKU-1042,Umbrella - Standard 21in,6
2024-02-28,Priya General Store - Kondapur Branch,SKU-1043,Raincoat - Adult M,6
2024-02-28,Priya General Store - Kondapur Branch,SKU-2091,Sunscreen SPF50 100ml,12
2024-02-28,Priya General Store - Kondapur Branch,SKU-3087,Diyas - Clay Set of 12,5
2024-02-29,Priya General Store - Kondapur Branch,SKU-1042,Umbrella - Standard 21in,11
2024-02-29,Priya General Store - Kondapur Branch,SKU-1043,Raincoat - Adult M,6
2024-02-29,Priya General Store - Kondapur Branch,SKU-2091,Sunscreen SPF50 100ml,17
2024-02-29,Priya General Store - Kondapur Branch,SKU-3087,Diyas - Clay Set of 12,4
2024-03-01,Priya General Store - Kondapur Branch,SKU-1042,Umbrella - Standard 21in,8
2024-03-01,Priya General Store - Kondapur Branch,SKU-1043,Raincoat - Adult M,4
2024-03-01,Priya General Store - Kondapur Branch,SKU-2091,Sunscreen SPF50 100ml,26
2024-03-01,Priya General Store - Kondapur Branch,SKU-3087,Diyas - Clay Set of 12,3
2024-03-02,Priya General Store - Kondapur Branch,SKU-1042,Umbrella - Standard 21in,5
2024-03-02,Priya General Store - Kondapur Branch,SKU-1043,Raincoat - Adult M,4
2024-03-02,Priya General Store - Kondapur Branch,SKU-2091,Sunscreen SPF50 100ml,19
2024-03-02,Priya General Store - Kondapur Branch,SKU-3087,Diyas - Clay Set of 12,3
2024-03-03,Priya General Store - Kondapur Branch,SKU-1042,Umbrella - Standard 21in,11
2024-03-03,Priya General Store - Kondapur Branch,SKU-1043,Raincoat - Adult M,2
2024-03-03,Priya General Store - Kondapur Branch,SKU-2091,Sunscreen SPF50 100ml,23
2024-03-03,Priya General Store - Kondapur Branch,SKU-3087,Diyas - Clay Set of 12,4
2024-03-04,Priya General Store - Kondapur Branch,SKU-1042,Umbrella - Standard 21in,7
2024-03-04,Priya General Store - Kondapur Branch,SKU-1043,Raincoat - Adult M,5
2024-03-04,Priya General Store - Kondapur Branch,SKU-2091,Sunscreen SPF50 100ml,20
2024-03-04,Priya General Store - Kondapur Branch,SKU-3087,Diyas - Clay Set of 12,4
2024-03-05,Priya General Store - Kondapur Branch,SKU-1042,Umbrella - Standard 21in,11
2024-03-05,Priya General Store - Kondapur Branch,SKU-1043,Raincoat - Adult M,4
2024-03-05,Priya General Store - Kondapur Branch,SKU-2091,Sunscreen SPF50 100ml,32
2024-03-05,Priya General Store - Kondapur Branch,SKU-3087,Diyas - Clay Set of 12,5
2024-03-06,Priya General Store - Kondapur Branch,SKU-1042,Umbrella - Standard 21in,11
2024-03-06,Priya General Store - Kondapur Branch,SKU-1043,Raincoat - Adult M,6
2024-03-06,Priya General Store - Kondapur Branch,SKU-2091,Sunscreen SPF50 100ml,24
2024-03-06,Priya General Store - Kondapur Branch,SKU-3087,Diyas - Clay Set of 12,2
2024-03-07,Priya General Store - Kondapur Branch,SKU-1042,Umbrella - Standard 21in,5
2024-03-07,Priya General Store - Kondapur Branch,SKU-1043,Raincoat - Adult M,3
2024-03-07,Priya General Store - Kondapur Branch,SKU-2091,Sunscreen SPF50 100ml,34
2024-03-07,Priya General Store - Kondapur Branch,SKU-3087,Diyas - Clay Set of 12,1
2024-03-08,Priya General Store - Kondapur Branch,SKU-1042,Umbrella - Standard 21in,6
2024-03-08,Priya General Store - Kondapur Branch,SKU-1043,Raincoat - Adult M,6
2024-03-08,Priya General Store - Kondapur Branch,SKU-2091,Sunscreen SPF50 100ml,35
2024-03-08,Priya General Store - Kondapur Branch,SKU-3087,Diyas - Clay Set of 12,3
2024-03-09,Priya General Store - Kondapur Branch,SKU-1042,Umbrella - Standard 21in,7
2024-03-09,Priya General Store - Kondapur Branch,SKU-1043,Raincoat - Adult M,2
2024-03-09,Priya General Store - Kondapur Branch,SKU-2091,Sunscreen SPF50 100ml,29
2024-03-09,Priya General Store - Kondapur Branch,SKU-3087,Diyas - Clay Set of 12,5
2024-03-10,Priya General Store - Kondapur Branch,SKU-1042,Umbrella - Standard 21in,6
2024-03-10,Priya General Store - Kondapur Branch,SKU-1043,Raincoat - Adult M,3
2024-03-10,Priya General Store - Kondapur Branch,SKU-2091,Sunscreen SPF50 100ml,29
2024-03-10,Priya General Store - Kondapur Branch,SKU-3087,Diyas - Clay Set of 12,1
2024-03-11,Priya General Store - Kondapur Branch,SKU-1042,Umbrella - Standard 21in,6
2024-03-11,Priya General Store - Kondapur Branch,SKU-1043,Raincoat - Adult M,6
2024-03-11,Priya General Store - Kondapur Branch,SKU-2091,Sunscreen SPF50 100ml,27
2024-03-11,Priya General Store - Kondapur Branch,SKU-3087,Diyas - Clay Set of 12,3
2024-03-12,Priya General Store - Kondapur Branch,SKU-1042,Umbrella - Standard 21in,10
2024-03-12,Priya General Store - Kondapur Branch,SKU-1043,Raincoat - Adult M,5
2024-03-12,Priya General Store - Kondapur Branch,SKU-2091,Sunscreen SPF50 100ml,32
2024-03-12,Priya General Store - Kondapur Branch,SKU-3087,Diyas - Clay Set of 12,4
2024-03-13,Priya General Store - Kondapur Branch,SKU-1042,Umbrella - Standard 21in,9
2024-03-13,Priya General Store - Kondapur Branch,SKU-1043,Raincoat - Adult M,5
2024-03-13,Priya General Store - Kondapur Branch,SKU-2091,Sunscreen SPF50 100ml,24
2024-03-13,Priya General Store - Kondapur Branch,SKU-3087,Diyas - Clay Set of 12,3
2024-03-14,Priya General Store - Kondapur Branch,SKU-1042,Umbrella - Standard 21in,9
2024-03-14,Priya General Store - Kondapur Branch,SKU-1043,Raincoat - Adult M,4
2024-03-14,Priya General Store - Kondapur Branch,SKU-2091,Sunscreen SPF50 100ml,33
2024-03-14,Priya General Store - Kondapur Branch,SKU-3087,Diyas - Clay Set of 12,3
2024-03-15,Priya General Store - Kondapur Branch,SKU-1042,Umbrella - Standard 21in,11
2024-03-15,Priya General Store - Kondapur Branch,SKU-1043,Raincoat - Adult M,4
2024-03-15,Priya General Store - Kondapur Branch,SKU-2091,Sunscreen SPF50 100ml,37
2024-03-15,Priya General Store - Kondapur Branch,SKU-3087,Diyas - Clay Set of 12,5
2024-03-16,Priya General Store - Kondapur Branch,SKU-1042,Umbrella - Standard 21in,7
2024-03-16,Priya General Store - Kondapur Branch,SKU-1043,Raincoat - Adult M,2
2024-03-16,Priya General Store - Kondapur Branch,SKU-2091,Sunscreen SPF50 100ml,30
2024-03-16,Priya General Store - Kondapur Branch,SKU-3087,Diyas - Clay Set of 12,4
2024-03-17,Priya General Store - Kondapur Branch,SKU-1042,Umbrella - Standard 21in,5
2024-03-17,Priya General Store - Kondapur Branch,SKU-1043,Raincoat - Adult M,6
2024-03-17,Priya General Store - Kondapur Branch,SKU-2091,Sunscreen SPF50 100ml,32
2024-03-17,Priya General Store - Kondapur Branch,SKU-3087,Diyas - Clay Set of 12,4
2024-03-18,Priya General Store - Kondapur Branch,SKU-1042,Umbrella - Standard 21in,10
2024-03-18,Priya General Store - Kondapur Branch,SKU-1043,Raincoat - Adult M,4
2024-03-18,Priya General Store - Kondapur Branch,SKU-2091,Sunscreen SPF50 100ml,38
2024-03-18,Priya General Store - Kondapur Branch,SKU-3087,Diyas - Clay Set of 12,4
2024-03-19,Priya General Store - Kondapur Branch,SKU-1042,Umbrella - Standard 21in,7
2024-03-19,Priya General Store - Kondapur Branch,SKU-1043,Raincoat - Adult M,6
2024-03-19,Priya General Store - Kondapur Branch,SKU-2091,Sunscreen SPF50 100ml,28
2024-03-19,Priya General Store - Kondapur Branch,SKU-3087,Diyas - Clay Set of 12,2
2024-03-20,Priya General Store - Kondapur Branch,SKU-1042,Umbrella - Standard 21in,10
2024-03-20,Priya General Store - Kondapur Branch,SKU-1043,Raincoat - Adult M,5
2024-03-20,Priya General Store - Kondapur Branch,SKU-2091,Sunscreen SPF50 100ml,33
2024-03-20,Priya General Store - Kondapur Branch,SKU-3087,Diyas - Clay Set of 12,3
2024-03-21,Priya General Store - Kondapur Branch,SKU-1042,Umbrella - Standard 21in,5
2024-03-21,Priya General Store - Kondapur Branch,SKU-1043,Raincoat - Adult M,6
2024-03-21,Priya General Store - Kondapur Branch,SKU-2091,Sunscreen SPF50 100ml,26
2024-03-21,Priya General Store - Kondapur Branch,SKU-3087,Diyas - Clay Set of 12,5
2024-03-22,Priya General Store - Kondapur Branch,SKU-1042,Umbrella - Standard 21in,10
2024-03-22,Priya General Store - Kondapur Branch,SKU-1043,Raincoat - Adult M,4
2024-03-22,Priya General Store - Kondapur Branch,SKU-2091,Sunscreen SPF50 100ml,26
2024-03-22,Priya General Store - Kondapur Branch,SKU-3087,Diyas - Clay Set of 12,3
2024-03-23,Priya General Store - Kondapur Branch,SKU-1042,Umbrella - Standard 21in,9
2024-03-23,Priya General Store - Kondapur Branch,SKU-1043,Raincoat - Adult M,5
2024-03-23,Priya General Store - Kondapur Branch,SKU-2091,Sunscreen SPF50 100ml,24
2024-03-23,Priya General Store - Kondapur Branch,SKU-3087,Diyas - Clay Set of 12,2
2024-03-24,Priya General Store - Kondapur Branch,SKU-1042,Umbrella - Standard 21in,0
2024-03-24,Priya General Store - Kondapur Branch,SKU-1043,Raincoat - Adult M,4
2024-03-24,Priya General Store - Kondapur Branch,SKU-2091,Sunscreen SPF50 100ml,28
2024-03-24,Priya General Store - Kondapur Branch,SKU-3087,Diyas - Clay Set of 12,4
2024-03-25,Priya General Store - Kondapur Branch,SKU-1042,Umbrella - Standard 21in,11
2024-03-25,Priya General Store - Kondapur Branch,SKU-1043,Raincoat - Adult M,6
2024-03-25,Priya General Store - Kondapur Branch,SKU-2091,Sunscreen SPF50 100ml,34
2024-03-25,Priya General Store - Kondapur Branch,SKU-3087,Diyas - Clay Set of 12,4
2024-03-26,Priya General Store - Kondapur Branch,SKU-1042,Umbrella - Standard 21in,5
2024-03-26,Priya General Store - Kondapur Branch,SKU-1043,Raincoat - Adult M,4
2024-03-26,Priya General Store - Kondapur Branch,SKU-2091,Sunscreen SPF50 100ml,33
2024-03-26,Priya General Store - Kondapur Branch,SKU-3087,Diyas - Clay Set of 12,1
2024-03-27,Priya General Store - Kondapur Branch,SKU-1042,Umbrella - Standard 21in,6
2024-03-27,Priya General Store - Kondapur Branch,SKU-1043,Raincoat - Adult M,4
2024-03-27,Priya General Store - Kondapur Branch,SKU-2091,Sunscreen SPF50 100ml,24
2024-03-27,Priya General Store - Kondapur Branch,SKU-3087,Diyas - Clay Set of 12,3
2024-03-28,Priya General Store - Kondapur Branch,SKU-1042,Umbrella - Standard 21in,11
2024-03-28,Priya General Store - Kondapur Branch,SKU-1043,Raincoat - Adult M,4
2024-03-28,Priya General Store - Kondapur Branch,SKU-2091,Sunscreen SPF50 100ml,37
2024-03-28,Priya General Store - Kondapur Branch,SKU-3087,Diyas - Clay Set of 12,4
2024-03-29,Priya General Store - Kondapur Branch,SKU-1042,Umbrella - Standard 21in,6
2024-03-29,Priya General Store - Kondapur Branch,SKU-1043,Raincoat - Adult M,5
2024-03-29,Priya General Store - Kondapur Branch,SKU-2091,Sunscreen SPF50 100ml,25
2024-03-29,Priya General Store - Kondapur Branch,SKU-3087,Diyas - Clay Set of 12,4
2024-03-30,Priya General Store - Kondapur Branch,SKU-1042,Umbrella - Standard 21in,6
2024-03-30,Priya General Store - Kondapur Branch,SKU-1043,Raincoat - Adult M,3
2024-03-30,Priya General Store - Kondapur Branch,SKU-2091,Sunscreen SPF50 100ml,23
2024-03-30,Priya General Store - Kondapur Branch,SKU-3087,Diyas - Clay Set of 12,1
2024-03-31,Priya General Store - Kondapur Branch,SKU-1042,Umbrella - Standard 21in,10
2024-03-31,Priya General Store - Kondapur Branch,SKU-1043,Raincoat - Adult M,5
2024-03-31,Priya General Store - Kondapur Branch,SKU-2091,Sunscreen SPF50 100ml,29
2024-03-31,Priya General Store - Kondapur Branch,SKU-3087,Diyas - Clay Set of 12,5
2024-04-01,Priya General Store - Kondapur Branch,SKU-1042,Umbrella - Standard 21in,10
2024-04-01,Priya General Store - Kondapur Branch,SKU-1043,Raincoat - Adult M,2
2024-04-01,Priya General Store - Kondapur Branch,SKU-2091,Sunscreen SPF50 100ml,23
2024-04-01,Priya General Store - Kondapur Branch,SKU-3087,Diyas - Clay Set of 12,1
2024-04-02,Priya General Store - Kondapur Branch,SKU-1042,Umbrella - Standard 21in,8
2024-04-02,Priya General Store - Kondapur Branch,SKU-1043,Raincoat - Adult M,3
2024-04-02,Priya General Store - Kondapur Branch,SKU-2091,Sunscreen SPF50 100ml,20
2024-04-02,Priya General Store - Kondapur Branch,SKU-3087,Diyas - Clay Set of 12,1
2024-04-03,Priya General Store - Kondapur Branch,SKU-1042,Umbrella - Standard 21in,7
2024-04-03,Priya General Store - Kondapur Branch,SKU-1043,Raincoat - Adult M,3
2024-04-03,Priya General Store - Kondapur Branch,SKU-2091,Sunscreen SPF50 100ml,23
2024-04-03,Priya General Store - Kondapur Branch,SKU-3087,Diyas - Clay Set of 12,1
2024-04-04,Priya General Store - Kondapur Branch,SKU-1042,Umbrella - Standard 21in,11
2024-04-04,Priya General Store - Kondapur Branch,SKU-1043,Raincoat - Adult M,3
2024-04-04,Priya General Store - Kondapur Branch,SKU-2091,Sunscreen SPF50 100ml,28
2024-04-04,Priya General Store - Kondapur Branch,SKU-3087,Diyas - Clay Set of 12,3
2024-04-05,Priya General Store - Kondapur Branch,SKU-1042,Umbrella - Standard 21in,7
2024-04-05,Priya General Store - Kondapur Branch,SKU-1043,Raincoat - Adult M,6
2024-04-05,Priya General Store - Kondapur Branch,SKU-2091,Sunscreen SPF50 100ml,25
2024-04-05,Priya General Store - Kondapur Branch,SKU-3087,Diyas - Clay Set of 12,0
2024-04-06,Priya General Store - Kondapur Branch,SKU-1042,Umbrella - Standard 21in,5
2024-04-06,Priya General Store - Kondapur Branch,SKU-1043,Raincoat - Adult M,6
2024-04-06,Priya General Store - Kondapur Branch,SKU-2091,Sunscreen SPF50 100ml,20
2024-04-06,Priya General Store - Kondapur Branch,SKU-3087,Diyas - Clay Set of 12,1
2024-04-07,Priya General Store - Kondapur Branch,SKU-1042,Umbrella - Standard 21in,5
2024-04-07,Priya General Store - Kondapur Branch,SKU-1043,Raincoat - Adult M,3
2024-04-07,Priya General Store - Kondapur Branch,SKU-2091,Sunscreen SPF50 100ml,25
2024-04-07,Priya General Store - Kondapur Branch,SKU-3087,Diyas - Clay Set of 12,1
2024-04-08,Priya General Store - Kondapur Branch,SKU-1042,Umbrella - Standard 21in,11
2024-04-08,Priya General Store - Kondapur Branch,SKU-1043,Raincoat - Adult M,4
2024-04-08,Priya General Store - Kondapur Branch,SKU-2091,Sunscreen SPF50 100ml,27
2024-04-08,Priya General Store - Kondapur Branch,SKU-3087,Diyas - Clay Set of 12,1
2024-04-09,Priya General Store - Kondapur Branch,SKU-1042,Umbrella - Standard 21in,0
2024-04-09,Priya General Store - Kondapur Branch,SKU-1043,Raincoat - Adult M,3
2024-04-09,Priya General Store - Kondapur Branch,SKU-2091,Sunscreen SPF50 100ml,21
2024-04-09,Priya General Store - Kondapur Branch,SKU-3087,Diyas - Clay Set of 12,4
2024-04-10,Priya General Store - Kondapur Branch,SKU-1042,Umbrella - Standard 21in,7
2024-04-10,Priya General Store - Kondapur Branch,SKU-1043,Raincoat - Adult M,2
2024-04-10,Priya General Store - Kondapur Branch,SKU-2091,Sunscreen SPF50 100ml,24
2024-04-10,Priya General Store - Kondapur Branch,SKU-3087,Diyas - Clay Set of 12,4
2024-04-11,Priya General Store - Kondapur Branch,SKU-1042,Umbrella - Standard 21in,7
2024-04-11,Priya General Store - Kondapur Branch,SKU-1043,Raincoat - Adult M,5
2024-04-11,Priya General Store - Kondapur Branch,SKU-2091,Sunscreen SPF50 100ml,18
2024-04-11,Priya General Store - Kondapur Branch,SKU-3087,Diyas - Clay Set of 12,1
2024-04-12,Priya General Store - Kondapur Branch,SKU-1042,Umbrella - Standard 21in,11
2024-04-12,Priya General Store - Kondapur Branch,SKU-1043,Raincoat - Adult M,5
2024-04-12,Priya General Store - Kondapur Branch,SKU-2091,Sunscreen SPF50 100ml,29
2024-04-12,Priya General Store - Kondapur Branch,SKU-3087,Diyas - Clay Set of 12,2
2024-04-13,Priya General Store - Kondapur Branch,SKU-1042,Umbrella - Standard 21in,11
2024-04-13,Priya General Store - Kondapur Branch,SKU-1043,Raincoat - Adult M,2
2024-04-13,Priya General Store - Kondapur Branch,SKU-2091,Sunscreen SPF50 100ml,21
2024-04-13,Priya General Store - Kondapur Branch,SKU-3087,Diyas - Clay Set of 12,1
2024-04-14,Priya General Store - Kondapur Branch,SKU-1042,Umbrella - Standard 21in,8
2024-04-14,Priya General Store - Kondapur Branch,SKU-1043,Raincoat - Adult M,4
2024-04-14,Priya General Store - Kondapur Branch,SKU-2091,Sunscreen SPF50 100ml,19
2024-04-14,Priya General Store - Kondapur Branch,SKU-3087,Diyas - Clay Set of 12,5
2024-04-15,Priya General Store - Kondapur Branch,SKU-1042,Umbrella - Standard 21in,6
2024-04-15,Priya General Store - Kondapur Branch,SKU-1043,Raincoat - Adult M,4
2024-04-15,Priya General Store - Kondapur Branch,SKU-2091,Sunscreen SPF50 100ml,19
2024-04-15,Priya General Store - Kondapur Branch,SKU-3087,Diyas - Clay Set of 12,2
2024-04-16,Priya General Store - Kondapur Branch,SKU-1042,Umbrella - Standard 21in,10
2024-04-16,Priya General Store - Kondapur Branch,SKU-1043,Raincoat - Adult M,5
2024-04-16,Priya General Store - Kondapur Branch,SKU-2091,Sunscreen SPF50 100ml,30
2024-04-16,Priya General Store - Kondapur Branch,SKU-3087,Diyas - Clay Set of 12,2
2024-04-17,Priya General Store - Kondapur Branch,SKU-1042,Umbrella - Standard 21in,8
2024-04-17,Priya General Store - Kondapur Branch,SKU-1043,Raincoat - Adult M,3
2024-04-17,Priya General Store - Kondapur Branch,SKU-2091,Sunscreen SPF50 100ml,26
2024-04-17,Priya General Store - Kondapur Branch,SKU-3087,Diyas - Clay Set of 12,3
2024-04-18,Priya General Store - Kondapur Branch,SKU-1042,Umbrella - Standard 21in,6
2024-04-18,Priya General Store - Kondapur Branch,SKU-1043,Raincoat - Adult M,5
2024-04-18,Priya General Store - Kondapur Branch,SKU-2091,Sunscreen SPF50 100ml,19
2024-04-18,Priya General Store - Kondapur Branch,SKU-3087,Diyas - Clay Set of 12,5
2024-04-19,Priya General Store - Kondapur Branch,SKU-1042,Umbrella - Standard 21in,11
2024-04-19,Priya General Store - Kondapur Branch,SKU-1043,Raincoat - Adult M,4
2024-04-19,Priya General Store - Kondapur Branch,SKU-2091,Sunscreen SPF50 100ml,24
2024-04-19,Priya General Store - Kondapur Branch,SKU-3087,Diyas - Clay Set of 12,4
2024-04-20,Priya General Store - Kondapur Branch,SKU-1042,Umbrella - Standard 21in,0
2024-04-20,Priya General Store - Kondapur Branch,SKU-1043,Raincoat - Adult M,2
2024-04-20,Priya General Store - Kondapur Branch,SKU-2091,Sunscreen SPF50 100ml,24
2024-04-20,Priya General Store - Kondapur Branch,SKU-3087,Diyas - Clay Set of 12,4
2024-04-21,Priya General Store - Kondapur Branch,SKU-1042,Umbrella - Standard 21in,7
2024-04-21,Priya General Store - Kondapur Branch,SKU-1043,Raincoat - Adult M,3
2024-04-21,Priya General Store - Kondapur Branch,SKU-2091,Sunscreen SPF50 100ml,25
2024-04-21,Priya General Store - Kondapur Branch,SKU-3087,Diyas - Clay Set of 12,5
2024-04-22,Priya General Store - Kondapur Branch,SKU-1042,Umbrella - Standard 21in,10
2024-04-22,Priya General Store - Kondapur Branch,SKU-1043,Raincoat - Adult M,5
2024-04-22,Priya General Store - Kondapur Branch,SKU-2091,Sunscreen SPF50 100ml,18
2024-04-22,Priya General Store - Kondapur Branch,SKU-3087,Diyas - Clay Set of 12,3
2024-04-23,Priya General Store - Kondapur Branch,SKU-1042,Umbrella - Standard 21in,7
2024-04-23,Priya General Store - Kondapur Branch,SKU-1043,Raincoat - Adult M,2
2024-04-23,Priya General Store - Kondapur Branch,SKU-2091,Sunscreen SPF50 100ml,25
2024-04-23,Priya General Store - Kondapur Branch,SKU-3087,Diyas - Clay Set of 12,4
2024-04-24,Priya General Store - Kondapur Branch,SKU-1042,Umbrella - Standard 21in,9
2024-04-24,Priya General Store - Kondapur Branch,SKU-1043,Raincoat - Adult M,2
2024-04-24,Priya General Store - Kondapur Branch,SKU-2091,Sunscreen SPF50 100ml,23
2024-04-24,Priya General Store - Kondapur Branch,SKU-3087,Diyas - Clay Set of 12,2
2024-04-25,Priya General Store - Kondapur Branch,SKU-1042,Umbrella - Standard 21in,5
2024-04-25,Priya General Store - Kondapur Branch,SKU-1043,Raincoat - Adult M,2
2024-04-25,Priya General Store - Kondapur Branch,SKU-2091,Sunscreen SPF50 100ml,18
2024-04-25,Priya General Store - Kondapur Branch,SKU-3087,Diyas - Clay Set of 12,5
2024-04-26,Priya General Store - Kondapur Branch,SKU-1042,Umbrella - Standard 21in,6
2024-04-26,Priya General Store - Kondapur Branch,SKU-1043,Raincoat - Adult M,2
2024-04-26,Priya General Store - Kondapur Branch,SKU-2091,Sunscreen SPF50 100ml,18
2024-04-26,Priya General Store - Kondapur Branch,SKU-3087,Diyas - Clay Set of 12,5
2024-04-27,Priya General Store - Kondapur Branch,SKU-1042,Umbrella - Standard 21in,9
2024-04-27,Priya General Store - Kondapur Branch,SKU-1043,Raincoat - Adult M,3
2024-04-27,Priya General Store - Kondapur Branch,SKU-2091,Sunscreen SPF50 100ml,18
2024-04-27,Priya General Store - Kondapur Branch,SKU-3087,Diyas - Clay Set of 12,5
2024-04-28,Priya General Store - Kondapur Branch,SKU-1042,Umbrella - Standard 21in,7
2024-04-28,Priya General Store - Kondapur Branch,SKU-1043,Raincoat - Adult M,5
2024-04-28,Priya General Store - Kondapur Branch,SKU-2091,Sunscreen SPF50 100ml,20
2024-04-28,Priya General Store - Kondapur Branch,SKU-3087,Diyas - Clay Set of 12,3
2024-04-29,Priya General Store - Kondapur Branch,SKU-1042,Umbrella - Standard 21in,8
2024-04-29,Priya General Store - Kondapur Branch,SKU-1043,Raincoat - Adult M,3
2024-04-29,Priya General Store - Kondapur Branch,SKU-2091,Sunscreen SPF50 100ml,26
2024-04-29,Priya General Store - Kondapur Branch,SKU-3087,Diyas - Clay Set of 12,5
2024-04-30,Priya General Store - Kondapur Branch,SKU-1042,Umbrella - Standard 21in,10
2024-04-30,Priya General Store - Kondapur Branch,SKU-1043,Raincoat - Adult M,6
2024-04-30,Priya General Store - Kondapur Branch,SKU-2091,Sunscreen SPF50 100ml,19
2024-04-30,Priya General Store - Kondapur Branch,SKU-3087,Diyas - Clay Set of 12,3
2024-05-01,Priya General Store - Kondapur Branch,SKU-1042,Umbrella - Standard 21in,10
2024-05-01,Priya General Store - Kondapur Branch,SKU-1043,Raincoat - Adult M,3
2024-05-01,Priya General Store - Kondapur Branch,SKU-2091,Sunscreen SPF50 100ml,16
2024-05-01,Priya General Store - Kondapur Branch,SKU-3087,Diyas - Clay Set of 12,3
2024-05-02,Priya General Store - Kondapur Branch,SKU-1042,Umbrella - Standard 21in,9
2024-05-02,Priya General Store - Kondapur Branch,SKU-1043,Raincoat - Adult M,5
2024-05-02,Priya General Store - Kondapur Branch,SKU-2091,Sunscreen SPF50 100ml,19
2024-05-02,Priya General Store - Kondapur Branch,SKU-3087,Diyas - Clay Set of 12,4
2024-05-03,Priya General Store - Kondapur Branch,SKU-1042,Umbrella - Standard 21in,9
2024-05-03,Priya General Store - Kondapur Branch,SKU-1043,Raincoat - Adult M,5
2024-05-03,Priya General Store - Kondapur Branch,SKU-2091,Sunscreen SPF50 100ml,11
2024-05-03,Priya General Store - Kondapur Branch,SKU-3087,Diyas - Clay Set of 12,2
2024-05-04,Priya General Store - Kondapur Branch,SKU-1042,Umbrella - Standard 21in,10
2024-05-04,Priya General Store - Kondapur Branch,SKU-1043,Raincoat - Adult M,2
2024-05-04,Priya General Store - Kondapur Branch,SKU-2091,Sunscreen SPF50 100ml,15
2024-05-04,Priya General Store - Kondapur Branch,SKU-3087,Diyas - Clay Set of 12,5
2024-05-05,Priya General Store - Kondapur Branch,SKU-1042,Umbrella - Standard 21in,11
2024-05-05,Priya General Store - Kondapur Branch,SKU-1043,Raincoat - Adult M,6
2024-05-05,Priya General Store - Kondapur Branch,SKU-2091,Sunscreen SPF50 100ml,19
2024-05-05,Priya General Store - Kondapur Branch,SKU-3087,Diyas - Clay Set of 12,5
2024-05-06,Priya General Store - Kondapur Branch,SKU-1042,Umbrella - Standard 21in,9
2024-05-06,Priya General Store - Kondapur Branch,SKU-1043,Raincoat - Adult M,4
2024-05-06,Priya General Store - Kondapur Branch,SKU-2091,Sunscreen SPF50 100ml,11
2024-05-06,Priya General Store - Kondapur Branch,SKU-3087,Diyas - Clay Set of 12,4
2024-05-07,Priya General Store - Kondapur Branch,SKU-1042,Umbrella - Standard 21in,11
2024-05-07,Priya General Store - Kondapur Branch,SKU-1043,Raincoat - Adult M,4
2024-05-07,Priya General Store - Kondapur Branch,SKU-2091,Sunscreen SPF50 100ml,0
2024-05-07,Priya General Store - Kondapur Branch,SKU-3087,Diyas - Clay Set of 12,3
2024-05-08,Priya General Store - Kondapur Branch,SKU-1042,Umbrella - Standard 21in,11
2024-05-08,Priya General Store - Kondapur Branch,SKU-1043,Raincoat - Adult M,5
2024-05-08,Priya General Store - Kondapur Branch,SKU-2091,Sunscreen SPF50 100ml,16
2024-05-08,Priya General Store - Kondapur Branch,SKU-3087,Diyas - Clay Set of 12,5
2024-05-09,Priya General Store - Kondapur Branch,SKU-1042,Umbrella - Standard 21in,6
2024-05-09,Priya General Store - Kondapur Branch,SKU-1043,Raincoat - Adult M,3
2024-05-09,Priya General Store - Kondapur Branch,SKU-2091,Sunscreen SPF50 100ml,13
2024-05-09,Priya General Store - Kondapur Branch,SKU-3087,Diyas - Clay Set of 12,1
2024-05-10,Priya General Store - Kondapur Branch,SKU-1042,Umbrella - Standard 21in,6
2024-05-10,Priya General Store - Kondapur Branch,SKU-1043,Raincoat - Adult M,2
2024-05-10,Priya General Store - Kondapur Branch,SKU-2091,Sunscreen SPF50 100ml,17
2024-05-10,Priya General Store - Kondapur Branch,SKU-3087,Diyas - Clay Set of 12,3
2024-05-11,Priya General Store - Kondapur Branch,SKU-1042,Umbrella - Standard 21in,9
2024-05-11,Priya General Store - Kondapur Branch,SKU-1043,Raincoat - Adult M,2
2024-05-11,Priya General Store - Kondapur Branch,SKU-2091,Sunscreen SPF50 100ml,13
2024-05-11,Priya General Store - Kondapur Branch,SKU-3087,Diyas - Clay Set of 12,3
2024-05-12,Priya General Store - Kondapur Branch,SKU-1042,Umbrella - Standard 21in,11
2024-05-12,Priya General Store - Kondapur Branch,SKU-1043,Raincoat - Adult M,6
2024-05-12,Priya General Store - Kondapur Branch,SKU-2091,Sunscreen SPF50 100ml,15
2024-05-12,Priya General Store - Kondapur Branch,SKU-3087,Diyas - Clay Set of 12,5
2024-05-13,Priya General Store - Kondapur Branch,SKU-1042,Umbrella - Standard 21in,5
2024-05-13,Priya General Store - Kondapur Branch,SKU-1043,Raincoat - Adult M,4
2024-05-13,Priya General Store - Kondapur Branch,SKU-2091,Sunscreen SPF50 100ml,13
2024-05-13,Priya General Store - Kondapur Branch,SKU-3087,Diyas - Clay Set of 12,5
2024-05-14,Priya General Store - Kondapur Branch,SKU-1042,Umbrella - Standard 21in,9
2024-05-14,Priya General Store - Kondapur Branch,SKU-1043,Raincoat - Adult M,2
2024-05-14,Priya General Store - Kondapur Branch,SKU-2091,Sunscreen SPF50 100ml,14
2024-05-14,Priya General Store - Kondapur Branch,SKU-3087,Diyas - Clay Set of 12,3
2024-05-15,Priya General Store - Kondapur Branch,SKU-1042,Umbrella - Standard 21in,6
2024-05-15,Priya General Store - Kondapur Branch,SKU-1043,Raincoat - Adult M,6
2024-05-15,Priya General Store - Kondapur Branch,SKU-2091,Sunscreen SPF50 100ml,19
2024-05-15,Priya General Store - Kondapur Branch,SKU-3087,Diyas - Clay Set of 12,1
2024-05-16,Priya General Store - Kondapur Branch,SKU-1042,Umbrella - Standard 21in,7
2024-05-16,Priya General Store - Kondapur Branch,SKU-1043,Raincoat - Adult M,6
2024-05-16,Priya General Store - Kondapur Branch,SKU-2091,Sunscreen SPF50 100ml,14
2024-05-16,Priya General Store - Kondapur Branch,SKU-3087,Diyas - Clay Set of 12,3
2024-05-17,Priya General Store - Kondapur Branch,SKU-1042,Umbrella - Standard 21in,11
2024-05-17,Priya General Store - Kondapur Branch,SKU-1043,Raincoat - Adult M,5
2024-05-17,Priya General Store - Kondapur Branch,SKU-2091,Sunscreen SPF50 100ml,15
2024-05-17,Priya General Store - Kondapur Branch,SKU-3087,Diyas - Clay Set of 12,5
2024-05-18,Priya General Store - Kondapur Branch,SKU-1042,Umbrella - Standard 21in,7
2024-05-18,Priya General Store - Kondapur Branch,SKU-1043,Raincoat - Adult M,6
2024-05-18,Priya General Store - Kondapur Branch,SKU-2091,Sunscreen SPF50 100ml,11
2024-05-18,Priya General Store - Kondapur Branch,SKU-3087,Diyas - Clay Set of 12,2
2024-05-19,Priya General Store - Kondapur Branch,SKU-1042,Umbrella - Standard 21in,5
2024-05-19,Priya General Store - Kondapur Branch,SKU-1043,Raincoat - Adult M,3
2024-05-19,Priya General Store - Kondapur Branch,SKU-2091,Sunscreen SPF50 100ml,19
2024-05-19,Priya General Store - Kondapur Branch,SKU-3087,Diyas - Clay Set of 12,1
2024-05-20,Priya General Store - Kondapur Branch,SKU-1042,Umbrella - Standard 21in,10
2024-05-20,Priya General Store - Kondapur Branch,SKU-1043,Raincoat - Adult M,5
2024-05-20,Priya General Store - Kondapur Branch,SKU-2091,Sunscreen SPF50 100ml,14
2024-05-20,Priya General Store - Kondapur Branch,SKU-3087,Diyas - Clay Set of 12,4
2024-05-21,Priya General Store - Kondapur Branch,SKU-1042,Umbrella - Standard 21in,5
2024-05-21,Priya General Store - Kondapur Branch,SKU-1043,Raincoat - Adult M,3
2024-05-21,Priya General Store - Kondapur Branch,SKU-2091,Sunscreen SPF50 100ml,16
2024-05-21,Priya General Store - Kondapur Branch,SKU-3087,Diyas - Clay Set of 12,1
2024-05-22,Priya General Store - Kondapur Branch,SKU-1042,Umbrella - Standard 21in,11
2024-05-22,Priya General Store - Kondapur Branch,SKU-1043,Raincoat - Adult M,2
2024-05-22,Priya General Store - Kondapur Branch,SKU-2091,Sunscreen SPF50 100ml,14
2024-05-22,Priya General Store - Kondapur Branch,SKU-3087,Diyas - Clay Set of 12,4
2024-05-23,Priya General Store - Kondapur Branch,SKU-1042,Umbrella - Standard 21in,58
2024-05-23,Priya General Store - Kondapur Branch,SKU-1043,Raincoat - Adult M,2
2024-05-23,Priya General Store - Kondapur Branch,SKU-2091,Sunscreen SPF50 100ml,12
2024-05-23,Priya General Store - Kondapur Branch,SKU-3087,Diyas - Clay Set of 12,5
2024-05-24,Priya General Store - Kondapur Branch,SKU-1042,Umbrella - Standard 21in,62
2024-05-24,Priya General Store - Kondapur Branch,SKU-1043,Raincoat - Adult M,2
2024-05-24,Priya General Store - Kondapur Branch,SKU-2091,Sunscreen SPF50 100ml,19
2024-05-24,Priya General Store - Kondapur Branch,SKU-3087,Diyas - Clay Set of 12,3
2024-05-25,Priya General Store - Kondapur Branch,SKU-1042,Umbrella - Standard 21in,50
2024-05-25,Priya General Store - Kondapur Branch,SKU-1043,Raincoat - Adult M,9
2024-05-25,Priya General Store - Kondapur Branch,SKU-2091,Sunscreen SPF50 100ml,14
2024-05-25,Priya General Store - Kondapur Branch,SKU-3087,Diyas - Clay Set of 12,4
2024-05-26,Priya General Store - Kondapur Branch,SKU-1042,Umbrella - Standard 21in,84
2024-05-26,Priya General Store - Kondapur Branch,SKU-1043,Raincoat - Adult M,16
2024-05-26,Priya General Store - Kondapur Branch,SKU-2091,Sunscreen SPF50 100ml,16
2024-05-26,Priya General Store - Kondapur Branch,SKU-3087,Diyas - Clay Set of 12,1
2024-05-27,Priya General Store - Kondapur Branch,SKU-1042,Umbrella - Standard 21in,74
2024-05-27,Priya General Store - Kondapur Branch,SKU-1043,Raincoat - Adult M,13
2024-05-27,Priya General Store - Kondapur Branch,SKU-2091,Sunscreen SPF50 100ml,19
2024-05-27,Priya General Store - Kondapur Branch,SKU-3087,Diyas - Clay Set of 12,1
2024-05-28,Priya General Store - Kondapur Branch,SKU-1042,Umbrella - Standard 21in,89
2024-05-28,Priya General Store - Kondapur Branch,SKU-1043,Raincoat - Adult M,36
2024-05-28,Priya General Store - Kondapur Branch,SKU-2091,Sunscreen SPF50 100ml,14
2024-05-28,Priya General Store - Kondapur Branch,SKU-3087,Diyas - Clay Set of 12,3
2024-05-29,Priya General Store - Kondapur Branch,SKU-1042,Umbrella - Standard 21in,51
2024-05-29,Priya General Store - Kondapur Branch,SKU-1043,Raincoat - Adult M,41
2024-05-29,Priya General Store - Kondapur Branch,SKU-2091,Sunscreen SPF50 100ml,12
2024-05-29,Priya General Store - Kondapur Branch,SKU-3087,Diyas - Clay Set of 12,1
2024-05-30,Priya General Store - Kondapur Branch,SKU-1042,Umbrella - Standard 21in,50
2024-05-30,Priya General Store - Kondapur Branch,SKU-1043,Raincoat - Adult M,26
2024-05-30,Priya General Store - Kondapur Branch,SKU-2091,Sunscreen SPF50 100ml,14
2024-05-30,Priya General Store - Kondapur Branch,SKU-3087,Diyas - Clay Set of 12,5
2024-05-31,Priya General Store - Kondapur Branch,SKU-1042,Umbrella - Standard 21in,46
2024-05-31,Priya General Store - Kondapur Branch,SKU-1043,Raincoat - Adult M,26
2024-05-31,Priya General Store - Kondapur Branch,SKU-2091,Sunscreen SPF50 100ml,13
2024-05-31,Priya General Store - Kondapur Branch,SKU-3087,Diyas - Clay Set of 12,3
2024-06-01,Priya General Store - Kondapur Branch,SKU-1042,Umbrella - Standard 21in,0
2024-06-01,Priya General Store - Kondapur Branch,SKU-1043,Raincoat - Adult M,16
2024-06-01,Priya General Store - Kondapur Branch,SKU-2091,Sunscreen SPF50 100ml,17
2024-06-01,Priya General Store - Kondapur Branch,SKU-3087,Diyas - Clay Set of 12,3
2024-06-02,Priya General Store - Kondapur Branch,SKU-1042,Umbrella - Standard 21in,62
2024-06-02,Priya General Store - Kondapur Branch,SKU-1043,Raincoat - Adult M,26
2024-06-02,Priya General Store - Kondapur Branch,SKU-2091,Sunscreen SPF50 100ml,15
2024-06-02,Priya General Store - Kondapur Branch,SKU-3087,Diyas - Clay Set of 12,1
2024-06-03,Priya General Store - Kondapur Branch,SKU-1042,Umbrella - Standard 21in,48
2024-06-03,Priya General Store - Kondapur Branch,SKU-1043,Raincoat - Adult M,15
2024-06-03,Priya General Store - Kondapur Branch,SKU-2091,Sunscreen SPF50 100ml,12
2024-06-03,Priya General Store - Kondapur Branch,SKU-3087,Diyas - Clay Set of 12,1
2024-06-04,Priya General Store - Kondapur Branch,SKU-1042,Umbrella - Standard 21in,48
2024-06-04,Priya General Store - Kondapur Branch,SKU-1043,Raincoat - Adult M,24
2024-06-04,Priya General Store - Kondapur Branch,SKU-2091,Sunscreen SPF50 100ml,14
2024-06-04,Priya General Store - Kondapur Branch,SKU-3087,Diyas - Clay Set of 12,5
2024-06-05,Priya General Store - Kondapur Branch,SKU-1042,Umbrella - Standard 21in,41
2024-06-05,Priya General Store - Kondapur Branch,SKU-1043,Raincoat - Adult M,11
2024-06-05,Priya General Store - Kondapur Branch,SKU-2091,Sunscreen SPF50 100ml,15
2024-06-05,Priya General Store - Kondapur Branch,SKU-3087,Diyas - Clay Set of 12,5
2024-06-06,Priya General Store - Kondapur Branch,SKU-1042,Umbrella - Standard 21in,34
2024-06-06,Priya General Store - Kondapur Branch,SKU-1043,Raincoat - Adult M,11
2024-06-06,Priya General Store - Kondapur Branch,SKU-2091,Sunscreen SPF50 100ml,19
2024-06-06,Priya General Store - Kondapur Branch,SKU-3087,Diyas - Clay Set of 12,2
2024-06-07,Priya General Store - Kondapur Branch,SKU-1042,Umbrella - Standard 21in,35
2024-06-07,Priya General Store - Kondapur Branch,SKU-1043,Raincoat - Adult M,16
2024-06-07,Priya General Store - Kondapur Branch,SKU-2091,Sunscreen SPF50 100ml,18
2024-06-07,Priya General Store - Kondapur Branch,SKU-3087,Diyas - Clay Set of 12,3
2024-06-08,Priya General Store - Kondapur Branch,SKU-1042,Umbrella - Standard 21in,19
2024-06-08,Priya General Store - Kondapur Branch,SKU-1043,Raincoat - Adult M,12
2024-06-08,Priya General Store - Kondapur Branch,SKU-2091,Sunscreen SPF50 100ml,18
2024-06-08,Priya General Store - Kondapur Branch,SKU-3087,Diyas - Clay Set of 12,1
2024-06-09,Priya General Store - Kondapur Branch,SKU-1042,Umbrella - Standard 21in,24
2024-06-09,Priya General Store - Kondapur Branch,SKU-1043,Raincoat - Adult M,18
2024-06-09,Priya General Store - Kondapur Branch,SKU-2091,Sunscreen SPF50 100ml,15
2024-06-09,Priya General Store - Kondapur Branch,SKU-3087,Diyas - Clay Set of 12,5
2024-06-10,Priya General Store - Kondapur Branch,SKU-1042,Umbrella - Standard 21in,37
2024-06-10,Priya General Store - Kondapur Branch,SKU-1043,Raincoat - Adult M,2
2024-06-10,Priya General Store - Kondapur Branch,SKU-2091,Sunscreen SPF50 100ml,17
2024-06-10,Priya General Store - Kondapur Branch,SKU-3087,Diyas - Clay Set of 12,2
2024-06-11,Priya General Store - Kondapur Branch,SKU-1042,Umbrella - Standard 21in,7
2024-06-11,Priya General Store - Kondapur Branch,SKU-1043,Raincoat - Adult M,4
2024-06-11,Priya General Store - Kondapur Branch,SKU-2091,Sunscreen SPF50 100ml,18
2024-06-11,Priya General Store - Kondapur Branch,SKU-3087,Diyas - Clay Set of 12,1
2024-06-12,Priya General Store - Kondapur Branch,SKU-1042,Umbrella - Standard 21in,6
2024-06-12,Priya General Store - Kondapur Branch,SKU-1043,Raincoat - Adult M,3
2024-06-12,Priya General Store - Kondapur Branch,SKU-2091,Sunscreen SPF50 100ml,15
2024-06-12,Priya General Store - Kondapur Branch,SKU-3087,Diyas - Clay Set of 12,2
2024-06-13,Priya General Store - Kondapur Branch,SKU-1042,Umbrella - Standard 21in,9
2024-06-13,Priya General Store - Kondapur Branch,SKU-1043,Raincoat - Adult M,2
2024-06-13,Priya General Store - Kondapur Branch,SKU-2091,Sunscreen SPF50 100ml,17
2024-06-13,Priya General Store - Kondapur Branch,SKU-3087,Diyas - Clay Set of 12,1
2024-06-14,Priya General Store - Kondapur Branch,SKU-1042,Umbrella - Standard 21in,8
2024-06-14,Priya General Store - Kondapur Branch,SKU-1043,Raincoat - Adult M,6
2024-06-14,Priya General Store - Kondapur Branch,SKU-2091,Sunscreen SPF50 100ml,17
2024-06-14,Priya General Store - Kondapur Branch,SKU-3087,Diyas - Clay Set of 12,1
2024-06-15,Priya General Store - Kondapur Branch,SKU-1042,Umbrella - Standard 21in,9
2024-06-15,Priya General Store - Kondapur Branch,SKU-1043,Raincoat - Adult M,6
2024-06-15,Priya General Store - Kondapur Branch,SKU-2091,Sunscreen SPF50 100ml,13
2024-06-15,Priya General Store - Kondapur Branch,SKU-3087,Diyas - Clay Set of 12,3
2024-06-16,Priya General Store - Kondapur Branch,SKU-1042,Umbrella - Standard 21in,9
2024-06-16,Priya General Store - Kondapur Branch,SKU-1043,Raincoat - Adult M,6
2024-06-16,Priya General Store - Kondapur Branch,SKU-2091,Sunscreen SPF50 100ml,11
2024-06-16,Priya General Store - Kondapur Branch,SKU-3087,Diyas - Clay Set of 12,3
2024-06-17,Priya General Store - Kondapur Branch,SKU-1042,Umbrella - Standard 21in,6
2024-06-17,Priya General Store - Kondapur Branch,SKU-1043,Raincoat - Adult M,5
2024-06-17,Priya General Store - Kondapur Branch,SKU-2091,Sunscreen SPF50 100ml,13
2024-06-17,Priya General Store - Kondapur Branch,SKU-3087,Diyas - Clay Set of 12,4
2024-06-18,Priya General Store - Kondapur Branch,SKU-1042,Umbrella - Standard 21in,11
2024-06-18,Priya General Store - Kondapur Branch,SKU-1043,Raincoat - Adult M,3
2024-06-18,Priya General Store - Kondapur Branch,SKU-2091,Sunscreen SPF50 100ml,19
2024-06-18,Priya General Store - Kondapur Branch,SKU-3087,Diyas - Clay Set of 12,3
2024-06-19,Priya General Store - Kondapur Branch,SKU-1042,Umbrella - Standard 21in,9
2024-06-19,Priya General Store - Kondapur Branch,SKU-1043,Raincoat - Adult M,3
2024-06-19,Priya General Store - Kondapur Branch,SKU-2091,Sunscreen SPF50 100ml,13
2024-06-19,Priya General Store - Kondapur Branch,SKU-3087,Diyas - Clay Set of 12,2
2024-06-20,Priya General Store - Kondapur Branch,SKU-1042,Umbrella - Standard 21in,9
2024-06-20,Priya General Store - Kondapur Branch,SKU-1043,Raincoat - Adult M,3
2024-06-20,Priya General Store - Kondapur Branch,SKU-2091,Sunscreen SPF50 100ml,13
2024-06-20,Priya General Store - Kondapur Branch,SKU-3087,Diyas - Clay Set of 12,5
2024-06-21,Priya General Store - Kondapur Branch,SKU-1042,Umbrella - Standard 21in,11
2024-06-21,Priya General Store - Kondapur Branch,SKU-1043,Raincoat - Adult M,2
2024-06-21,Priya General Store - Kondapur Branch,SKU-2091,Sunscreen SPF50 100ml,13
2024-06-21,Priya General Store - Kondapur Branch,SKU-3087,Diyas - Clay Set of 12,5
2024-06-22,Priya General Store - Kondapur Branch,SKU-1042,Umbrella - Standard 21in,11
2024-06-22,Priya General Store - Kondapur Branch,SKU-1043,Raincoat - Adult M,5
2024-06-22,Priya General Store - Kondapur Branch,SKU-2091,Sunscreen SPF50 100ml,16
2024-06-22,Priya General Store - Kondapur Branch,SKU-3087,Diyas - Clay Set of 12,5
2024-06-23,Priya General Store - Kondapur Branch,SKU-1042,Umbrella - Standard 21in,11
2024-06-23,Priya General Store - Kondapur Branch,SKU-1043,Raincoat - Adult M,5
2024-06-23,Priya General Store - Kondapur Branch,SKU-2091,Sunscreen SPF50 100ml,12
2024-06-23,Priya General Store - Kondapur Branch,SKU-3087,Diyas - Clay Set of 12,3
2024-06-24,Priya General Store - Kondapur Branch,SKU-1042,Umbrella - Standard 21in,6
2024-06-24,Priya General Store - Kondapur Branch,SKU-1043,Raincoat - Adult M,2
2024-06-24,Priya General Store - Kondapur Branch,SKU-2091,Sunscreen SPF50 100ml,19
2024-06-24,Priya General Store - Kondapur Branch,SKU-3087,Diyas - Clay Set of 12,0
2024-06-25,Priya General Store - Kondapur Branch,SKU-1042,Umbrella - Standard 21in,10
2024-06-25,Priya General Store - Kondapur Branch,SKU-1043,Raincoat - Adult M,6
2024-06-25,Priya General Store - Kondapur Branch,SKU-2091,Sunscreen SPF50 100ml,0
2024-06-25,Priya General Store - Kondapur Branch,SKU-3087,Diyas - Clay Set of 12,2
2024-06-26,Priya General Store - Kondapur Branch,SKU-1042,Umbrella - Standard 21in,7
2024-06-26,Priya General Store - Kondapur Branch,SKU-1043,Raincoat - Adult M,2
2024-06-26,Priya General Store - Kondapur Branch,SKU-2091,Sunscreen SPF50 100ml,15
2024-06-26,Priya General Store - Kondapur Branch,SKU-3087,Diyas - Clay Set of 12,5
2024-06-27,Priya General Store - Kondapur Branch,SKU-1042,Umbrella - Standard 21in,7
2024-06-27,Priya General Store - Kondapur Branch,SKU-1043,Raincoat - Adult M,5
2024-06-27,Priya General Store - Kondapur Branch,SKU-2091,Sunscreen SPF50 100ml,17
2024-06-27,Priya General Store - Kondapur Branch,SKU-3087,Diyas - Clay Set of 12,5
2024-06-28,Priya General Store - Kondapur Branch,SKU-1042,Umbrella - Standard 21in,7
2024-06-28,Priya General Store - Kondapur Branch,SKU-1043,Raincoat - Adult M,5
2024-06-28,Priya General Store - Kondapur Branch,SKU-2091,Sunscreen SPF50 100ml,15
2024-06-28,Priya General Store - Kondapur Branch,SKU-3087,Diyas - Clay Set of 12,4
2024-06-29,Priya General Store - Kondapur Branch,SKU-1042,Umbrella - Standard 21in,11
2024-06-29,Priya General Store - Kondapur Branch,SKU-1043,Raincoat - Adult M,2
2024-06-29,Priya General Store - Kondapur Branch,SKU-2091,Sunscreen SPF50 100ml,18
2024-06-29,Priya General Store - Kondapur Branch,SKU-3087,Diyas - Clay Set of 12,2
2024-06-30,Priya General Store - Kondapur Branch,SKU-1042,Umbrella - Standard 21in,9
2024-06-30,Priya General Store - Kondapur Branch,SKU-1043,Raincoat - Adult M,4
2024-06-30,Priya General Store - Kondapur Branch,SKU-2091,Sunscreen SPF50 100ml,11
2024-06-30,Priya General Store - Kondapur Branch,SKU-3087,Diyas - Clay Set of 12,1
2024-07-01,Priya General Store - Kondapur Branch,SKU-1042,Umbrella - Standard 21in,11
2024-07-01,Priya General Store - Kondapur Branch,SKU-1043,Raincoat - Adult M,6
2024-07-01,Priya General Store - Kondapur Branch,SKU-2091,Sunscreen SPF50 100ml,12
2024-07-01,Priya General Store - Kondapur Branch,SKU-3087,Diyas - Clay Set of 12,3
2024-07-02,Priya General Store - Kondapur Branch,SKU-1042,Umbrella - Standard 21in,5
2024-07-02,Priya General Store - Kondapur Branch,SKU-1043,Raincoat - Adult M,5
2024-07-02,Priya General Store - Kondapur Branch,SKU-2091,Sunscreen SPF50 100ml,19
2024-07-02,Priya General Store - Kondapur Branch,SKU-3087,Diyas - Clay Set of 12,5
2024-07-03,Priya General Store - Kondapur Branch,SKU-1042,Umbrella - Standard 21in,11
2024-07-03,Priya General Store - Kondapur Branch,SKU-1043,Raincoat - Adult M,5
2024-07-03,Priya General Store - Kondapur Branch,SKU-2091,Sunscreen SPF50 100ml,14
2024-07-03,Priya General Store - Kondapur Branch,SKU-3087,Diyas - Clay Set of 12,5
2024-07-04,Priya General Store - Kondapur Branch,SKU-1042,Umbrella - Standard 21in,5
2024-07-04,Priya General Store - Kondapur Branch,SKU-1043,Raincoat - Adult M,6
2024-07-04,Priya General Store - Kondapur Branch,SKU-2091,Sunscreen SPF50 100ml,14
2024-07-04,Priya General Store - Kondapur Branch,SKU-3087,Diyas - Clay Set of 12,1
2024-07-05,Priya General Store - Kondapur Branch,SKU-1042,Umbrella - Standard 21in,0
2024-07-05,Priya General Store - Kondapur Branch,SKU-1043,Raincoat - Adult M,3
2024-07-05,Priya General Store - Kondapur Branch,SKU-2091,Sunscreen SPF50 100ml,15
2024-07-05,Priya General Store - Kondapur Branch,SKU-3087,Diyas - Clay Set of 12,3
2024-07-06,Priya General Store - Kondapur Branch,SKU-1042,Umbrella - Standard 21in,8
2024-07-06,Priya General Store - Kondapur Branch,SKU-1043,Raincoat - Adult M,6
2024-07-06,Priya General Store - Kondapur Branch,SKU-2091,Sunscreen SPF50 100ml,12
2024-07-06,Priya General Store - Kondapur Branch,SKU-3087,Diyas - Clay Set of 12,5
2024-07-07,Priya General Store - Kondapur Branch,SKU-1042,Umbrella - Standard 21in,11
2024-07-07,Priya General Store - Kondapur Branch,SKU-1043,Raincoat - Adult M,6
2024-07-07,Priya General Store - Kondapur Branch,SKU-2091,Sunscreen SPF50 100ml,15
2024-07-07,Priya General Store - Kondapur Branch,SKU-3087,Diyas - Clay Set of 12,2
2024-07-08,Priya General Store - Kondapur Branch,SKU-1042,Umbrella - Standard 21in,8
2024-07-08,Priya General Store - Kondapur Branch,SKU-1043,Raincoat - Adult M,4
2024-07-08,Priya General Store - Kondapur Branch,SKU-2091,Sunscreen SPF50 100ml,19
2024-07-08,Priya General Store - Kondapur Branch,SKU-3087,Diyas - Clay Set of 12,1
2024-07-09,Priya General Store - Kondapur Branch,SKU-1042,Umbrella - Standard 21in,7
2024-07-09,Priya General Store - Kondapur Branch,SKU-1043,Raincoat - Adult M,6
2024-07-09,Priya General Store - Kondapur Branch,SKU-2091,Sunscreen SPF50 100ml,19
2024-07-09,Priya General Store - Kondapur Branch,SKU-3087,Diyas - Clay Set of 12,5
2024-07-10,Priya General Store - Kondapur Branch,SKU-1042,Umbrella - Standard 21in,8
2024-07-10,Priya General Store - Kondapur Branch,SKU-1043,Raincoat - Adult M,6
2024-07-10,Priya General Store - Kondapur Branch,SKU-2091,Sunscreen SPF50 100ml,14
2024-07-10,Priya General Store - Kondapur Branch,SKU-3087,Diyas - Clay Set of 12,4
2024-07-11,Priya General Store - Kondapur Branch,SKU-1042,Umbrella - Standard 21in,9
2024-07-11,Priya General Store - Kondapur Branch,SKU-1043,Raincoat - Adult M,5
2024-07-11,Priya General Store - Kondapur Branch,SKU-2091,Sunscreen SPF50 100ml,12
2024-07-11,Priya General Store - Kondapur Branch,SKU-3087,Diyas - Clay Set of 12,2
2024-07-12,Priya General Store - Kondapur Branch,SKU-1042,Umbrella - Standard 21in,6
2024-07-12,Priya General Store - Kondapur Branch,SKU-1043,Raincoat - Adult M,5
2024-07-12,Priya General Store - Kondapur Branch,SKU-2091,Sunscreen SPF50 100ml,19
2024-07-12,Priya General Store - Kondapur Branch,SKU-3087,Diyas - Clay Set of 12,3
2024-07-13,Priya General Store - Kondapur Branch,SKU-1042,Umbrella - Standard 21in,5
2024-07-13,Priya General Store - Kondapur Branch,SKU-1043,Raincoat - Adult M,4
2024-07-13,Priya General Store - Kondapur Branch,SKU-2091,Sunscreen SPF50 100ml,13
2024-07-13,Priya General Store - Kondapur Branch,SKU-3087,Diyas - Clay Set of 12,3
2024-07-14,Priya General Store - Kondapur Branch,SKU-1042,Umbrella - Standard 21in,9
2024-07-14,Priya General Store - Kondapur Branch,SKU-1043,Raincoat - Adult M,3
2024-07-14,Priya General Store - Kondapur Branch,SKU-2091,Sunscreen SPF50 100ml,14
2024-07-14,Priya General Store - Kondapur Branch,SKU-3087,Diyas - Clay Set of 12,2
2024-07-15,Priya General Store - Kondapur Branch,SKU-1042,Umbrella - Standard 21in,6
2024-07-15,Priya General Store - Kondapur Branch,SKU-1043,Raincoat - Adult M,3
2024-07-15,Priya General Store - Kondapur Branch,SKU-2091,Sunscreen SPF50 100ml,16
2024-07-15,Priya General Store - Kondapur Branch,SKU-3087,Diyas - Clay Set of 12,1
2024-07-16,Priya General Store - Kondapur Branch,SKU-1042,Umbrella - Standard 21in,5
2024-07-16,Priya General Store - Kondapur Branch,SKU-1043,Raincoat - Adult M,5
2024-07-16,Priya General Store - Kondapur Branch,SKU-2091,Sunscreen SPF50 100ml,19
2024-07-16,Priya General Store - Kondapur Branch,SKU-3087,Diyas - Clay Set of 12,4
2024-07-17,Priya General Store - Kondapur Branch,SKU-1042,Umbrella - Standard 21in,7
2024-07-17,Priya General Store - Kondapur Branch,SKU-1043,Raincoat - Adult M,6
2024-07-17,Priya General Store - Kondapur Branch,SKU-2091,Sunscreen SPF50 100ml,18
2024-07-17,Priya General Store - Kondapur Branch,SKU-3087,Diyas - Clay Set of 12,5
2024-07-18,Priya General Store - Kondapur Branch,SKU-1042,Umbrella - Standard 21in,6
2024-07-18,Priya General Store - Kondapur Branch,SKU-1043,Raincoat - Adult M,3
2024-07-18,Priya General Store - Kondapur Branch,SKU-2091,Sunscreen SPF50 100ml,17
2024-07-18,Priya General Store - Kondapur Branch,SKU-3087,Diyas - Clay Set of 12,5
2024-07-19,Priya General Store - Kondapur Branch,SKU-1042,Umbrella - Standard 21in,7
2024-07-19,Priya General Store - Kondapur Branch,SKU-1043,Raincoat - Adult M,3
2024-07-19,Priya General Store - Kondapur Branch,SKU-2091,Sunscreen SPF50 100ml,12
2024-07-19,Priya General Store - Kondapur Branch,SKU-3087,Diyas - Clay Set of 12,4
2024-07-20,Priya General Store - Kondapur Branch,SKU-1042,Umbrella - Standard 21in,0
2024-07-20,Priya General Store - Kondapur Branch,SKU-1043,Raincoat - Adult M,3
2024-07-20,Priya General Store - Kondapur Branch,SKU-2091,Sunscreen SPF50 100ml,12
2024-07-20,Priya General Store - Kondapur Branch,SKU-3087,Diyas - Clay Set of 12,5
2024-07-21,Priya General Store - Kondapur Branch,SKU-1042,Umbrella - Standard 21in,6
2024-07-21,Priya General Store - Kondapur Branch,SKU-1043,Raincoat - Adult M,3
2024-07-21,Priya General Store - Kondapur Branch,SKU-2091,Sunscreen SPF50 100ml,16
2024-07-21,Priya General Store - Kondapur Branch,SKU-3087,Diyas - Clay Set of 12,4
2024-07-22,Priya General Store - Kondapur Branch,SKU-1042,Umbrella - Standard 21in,8
2024-07-22,Priya General Store - Kondapur Branch,SKU-1043,Raincoat - Adult M,4
2024-07-22,Priya General Store - Kondapur Branch,SKU-2091,Sunscreen SPF50 100ml,17
2024-07-22,Priya General Store - Kondapur Branch,SKU-3087,Diyas - Clay Set of 12,2
2024-07-23,Priya General Store - Kondapur Branch,SKU-1042,Umbrella - Standard 21in,9
2024-07-23,Priya General Store - Kondapur Branch,SKU-1043,Raincoat - Adult M,2
2024-07-23,Priya General Store - Kondapur Branch,SKU-2091,Sunscreen SPF50 100ml,14
2024-07-23,Priya General Store - Kondapur Branch,SKU-3087,Diyas - Clay Set of 12,4
2024-07-24,Priya General Store - Kondapur Branch,SKU-1042,Umbrella - Standard 21in,11
2024-07-24,Priya General Store - Kondapur Branch,SKU-1043,Raincoat - Adult M,3
2024-07-24,Priya General Store - Kondapur Branch,SKU-2091,Sunscreen SPF50 100ml,11
2024-07-24,Priya General Store - Kondapur Branch,SKU-3087,Diyas - Clay Set of 12,4
2024-07-25,Priya General Store - Kondapur Branch,SKU-1042,Umbrella - Standard 21in,11
2024-07-25,Priya General Store - Kondapur Branch,SKU-1043,Raincoat - Adult M,6
2024-07-25,Priya General Store - Kondapur Branch,SKU-2091,Sunscreen SPF50 100ml,18
2024-07-25,Priya General Store - Kondapur Branch,SKU-3087,Diyas - Clay Set of 12,5
2024-07-26,Priya General Store - Kondapur Branch,SKU-1042,Umbrella - Standard 21in,5
2024-07-26,Priya General Store - Kondapur Branch,SKU-1043,Raincoat - Adult M,3
2024-07-26,Priya General Store - Kondapur Branch,SKU-2091,Sunscreen SPF50 100ml,15
2024-07-26,Priya General Store - Kondapur Branch,SKU-3087,Diyas - Clay Set of 12,1
2024-07-27,Priya General Store - Kondapur Branch,SKU-1042,Umbrella - Standard 21in,7
2024-07-27,Priya General Store - Kondapur Branch,SKU-1043,Raincoat - Adult M,4
2024-07-27,Priya General Store - Kondapur Branch,SKU-2091,Sunscreen SPF50 100ml,15
2024-07-27,Priya General Store - Kondapur Branch,SKU-3087,Diyas - Clay Set of 12,4
2024-07-28,Priya General Store - Kondapur Branch,SKU-1042,Umbrella - Standard 21in,11
2024-07-28,Priya General Store - Kondapur Branch,SKU-1043,Raincoat - Adult M,6
2024-07-28,Priya General Store - Kondapur Branch,SKU-2091,Sunscreen SPF50 100ml,19
2024-07-28,Priya General Store - Kondapur Branch,SKU-3087,Diyas - Clay Set of 12,3
2024-07-29,Priya General Store - Kondapur Branch,SKU-1042,Umbrella - Standard 21in,10
2024-07-29,Priya General Store - Kondapur Branch,SKU-1043,Raincoat - Adult M,5
2024-07-29,Priya General Store - Kondapur Branch,SKU-2091,Sunscreen SPF50 100ml,17
2024-07-29,Priya General Store - Kondapur Branch,SKU-3087,Diyas - Clay Set of 12,4
2024-07-30,Priya General Store - Kondapur Branch,SKU-1042,Umbrella - Standard 21in,6
2024-07-30,Priya General Store - Kondapur Branch,SKU-1043,Raincoat - Adult M,4
2024-07-30,Priya General Store - Kondapur Branch,SKU-2091,Sunscreen SPF50 100ml,17
2024-07-30,Priya General Store - Kondapur Branch,SKU-3087,Diyas - Clay Set of 12,1
2024-07-31,Priya General Store - Kondapur Branch,SKU-1042,Umbrella - Standard 21in,7
2024-07-31,Priya General Store - Kondapur Branch,SKU-1043,Raincoat - Adult M,4
2024-07-31,Priya General Store - Kondapur Branch,SKU-2091,Sunscreen SPF50 100ml,15
2024-07-31,Priya General Store - Kondapur Branch,SKU-3087,Diyas - Clay Set of 12,4
2024-08-01,Priya General Store - Kondapur Branch,SKU-1042,Umbrella - Standard 21in,8
2024-08-01,Priya General Store - Kondapur Branch,SKU-1043,Raincoat - Adult M,4
2024-08-01,Priya General Store - Kondapur Branch,SKU-2091,Sunscreen SPF50 100ml,19
2024-08-01,Priya General Store - Kondapur Branch,SKU-3087,Diyas - Clay Set of 12,4
2024-08-02,Priya General Store - Kondapur Branch,SKU-1042,Umbrella - Standard 21in,11
2024-08-02,Priya General Store - Kondapur Branch,SKU-1043,Raincoat - Adult M,3
2024-08-02,Priya General Store - Kondapur Branch,SKU-2091,Sunscreen SPF50 100ml,12
2024-08-02,Priya General Store - Kondapur Branch,SKU-3087,Diyas - Clay Set of 12,4
2024-08-03,Priya General Store - Kondapur Branch,SKU-1042,Umbrella - Standard 21in,5
2024-08-03,Priya General Store - Kondapur Branch,SKU-1043,Raincoat - Adult M,5
2024-08-03,Priya General Store - Kondapur Branch,SKU-2091,Sunscreen SPF50 100ml,11
2024-08-03,Priya General Store - Kondapur Branch,SKU-3087,Diyas - Clay Set of 12,5
2024-08-04,Priya General Store - Kondapur Branch,SKU-1042,Umbrella - Standard 21in,5
2024-08-04,Priya General Store - Kondapur Branch,SKU-1043,Raincoat - Adult M,6
2024-08-04,Priya General Store - Kondapur Branch,SKU-2091,Sunscreen SPF50 100ml,17
2024-08-04,Priya General Store - Kondapur Branch,SKU-3087,Diyas - Clay Set of 12,2
2024-08-05,Priya General Store - Kondapur Branch,SKU-1042,Umbrella - Standard 21in,8
2024-08-05,Priya General Store - Kondapur Branch,SKU-1043,Raincoat - Adult M,3
2024-08-05,Priya General Store - Kondapur Branch,SKU-2091,Sunscreen SPF50 100ml,13
2024-08-05,Priya General Store - Kondapur Branch,SKU-3087,Diyas - Clay Set of 12,3
2024-08-06,Priya General Store - Kondapur Branch,SKU-1042,Umbrella - Standard 21in,7
2024-08-06,Priya General Store - Kondapur Branch,SKU-1043,Raincoat - Adult M,5
2024-08-06,Priya General Store - Kondapur Branch,SKU-2091,Sunscreen SPF50 100ml,19
2024-08-06,Priya General Store - Kondapur Branch,SKU-3087,Diyas - Clay Set of 12,5
2024-08-07,Priya General Store - Kondapur Branch,SKU-1042,Umbrella - Standard 21in,10
2024-08-07,Priya General Store - Kondapur Branch,SKU-1043,Raincoat - Adult M,6
2024-08-07,Priya General Store - Kondapur Branch,SKU-2091,Sunscreen SPF50 100ml,17
2024-08-07,Priya General Store - Kondapur Branch,SKU-3087,Diyas - Clay Set of 12,5
2024-08-08,Priya General Store - Kondapur Branch,SKU-1042,Umbrella - Standard 21in,7
2024-08-08,Priya General Store - Kondapur Branch,SKU-1043,Raincoat - Adult M,3
2024-08-08,Priya General Store - Kondapur Branch,SKU-2091,Sunscreen SPF50 100ml,18
2024-08-08,Priya General Store - Kondapur Branch,SKU-3087,Diyas - Clay Set of 12,4
2024-08-09,Priya General Store - Kondapur Branch,SKU-1042,Umbrella - Standard 21in,0
2024-08-09,Priya General Store - Kondapur Branch,SKU-1043,Raincoat - Adult M,6
2024-08-09,Priya General Store - Kondapur Branch,SKU-2091,Sunscreen SPF50 100ml,13
2024-08-09,Priya General Store - Kondapur Branch,SKU-3087,Diyas - Clay Set of 12,4
2024-08-10,Priya General Store - Kondapur Branch,SKU-1042,Umbrella - Standard 21in,10
2024-08-10,Priya General Store - Kondapur Branch,SKU-1043,Raincoat - Adult M,5
2024-08-10,Priya General Store - Kondapur Branch,SKU-2091,Sunscreen SPF50 100ml,17
2024-08-10,Priya General Store - Kondapur Branch,SKU-3087,Diyas - Clay Set of 12,5
2024-08-11,Priya General Store - Kondapur Branch,SKU-1042,Umbrella - Standard 21in,5
2024-08-11,Priya General Store - Kondapur Branch,SKU-1043,Raincoat - Adult M,3
2024-08-11,Priya General Store - Kondapur Branch,SKU-2091,Sunscreen SPF50 100ml,19
2024-08-11,Priya General Store - Kondapur Branch,SKU-3087,Diyas - Clay Set of 12,2
2024-08-12,Priya General Store - Kondapur Branch,SKU-1042,Umbrella - Standard 21in,10
2024-08-12,Priya General Store - Kondapur Branch,SKU-1043,Raincoat - Adult M,5
2024-08-12,Priya General Store - Kondapur Branch,SKU-2091,Sunscreen SPF50 100ml,12
2024-08-12,Priya General Store - Kondapur Branch,SKU-3087,Diyas - Clay Set of 12,2
2024-08-13,Priya General Store - Kondapur Branch,SKU-1042,Umbrella - Standard 21in,11
2024-08-13,Priya General Store - Kondapur Branch,SKU-1043,Raincoat - Adult M,4
2024-08-13,Priya General Store - Kondapur Branch,SKU-2091,Sunscreen SPF50 100ml,19
2024-08-13,Priya General Store - Kondapur Branch,SKU-3087,Diyas - Clay Set of 12,4
2024-08-14,Priya General Store - Kondapur Branch,SKU-1042,Umbrella - Standard 21in,5
2024-08-14,Priya General Store - Kondapur Branch,SKU-1043,Raincoat - Adult M,4
2024-08-14,Priya General Store - Kondapur Branch,SKU-2091,Sunscreen SPF50 100ml,18
2024-08-14,Priya General Store - Kondapur Branch,SKU-3087,Diyas - Clay Set of 12,3
2024-08-15,Priya General Store - Kondapur Branch,SKU-1042,Umbrella - Standard 21in,8
2024-08-15,Priya General Store - Kondapur Branch,SKU-1043,Raincoat - Adult M,2
2024-08-15,Priya General Store - Kondapur Branch,SKU-2091,Sunscreen SPF50 100ml,19
2024-08-15,Priya General Store - Kondapur Branch,SKU-3087,Diyas - Clay Set of 12,1
2024-08-16,Priya General Store - Kondapur Branch,SKU-1042,Umbrella - Standard 21in,6
2024-08-16,Priya General Store - Kondapur Branch,SKU-1043,Raincoat - Adult M,2
2024-08-16,Priya General Store - Kondapur Branch,SKU-2091,Sunscreen SPF50 100ml,0
2024-08-16,Priya General Store - Kondapur Branch,SKU-3087,Diyas - Clay Set of 12,2
2024-08-17,Priya General Store - Kondapur Branch,SKU-1042,Umbrella - Standard 21in,7
2024-08-17,Priya General Store - Kondapur Branch,SKU-1043,Raincoat - Adult M,5
2024-08-17,Priya General Store - Kondapur Branch,SKU-2091,Sunscreen SPF50 100ml,18
2024-08-17,Priya General Store - Kondapur Branch,SKU-3087,Diyas - Clay Set of 12,1
2024-08-18,Priya General Store - Kondapur Branch,SKU-1042,Umbrella - Standard 21in,11
2024-08-18,Priya General Store - Kondapur Branch,SKU-1043,Raincoat - Adult M,3
2024-08-18,Priya General Store - Kondapur Branch,SKU-2091,Sunscreen SPF50 100ml,17
2024-08-18,Priya General Store - Kondapur Branch,SKU-3087,Diyas - Clay Set of 12,4
2024-08-19,Priya General Store - Kondapur Branch,SKU-1042,Umbrella - Standard 21in,11
2024-08-19,Priya General Store - Kondapur Branch,SKU-1043,Raincoat - Adult M,5
2024-08-19,Priya General Store - Kondapur Branch,SKU-2091,Sunscreen SPF50 100ml,12
2024-08-19,Priya General Store - Kondapur Branch,SKU-3087,Diyas - Clay Set of 12,2
2024-08-20,Priya General Store - Kondapur Branch,SKU-1042,Umbrella - Standard 21in,8
2024-08-20,Priya General Store - Kondapur Branch,SKU-1043,Raincoat - Adult M,2
2024-08-20,Priya General Store - Kondapur Branch,SKU-2091,Sunscreen SPF50 100ml,12
2024-08-20,Priya General Store - Kondapur Branch,SKU-3087,Diyas - Clay Set of 12,2
2024-08-21,Priya General Store - Kondapur Branch,SKU-1042,Umbrella - Standard 21in,10
2024-08-21,Priya General Store - Kondapur Branch,SKU-1043,Raincoat - Adult M,4
2024-08-21,Priya General Store - Kondapur Branch,SKU-2091,Sunscreen SPF50 100ml,11
2024-08-21,Priya General Store - Kondapur Branch,SKU-3087,Diyas - Clay Set of 12,5
2024-08-22,Priya General Store - Kondapur Branch,SKU-1042,Umbrella - Standard 21in,7
2024-08-22,Priya General Store - Kondapur Branch,SKU-1043,Raincoat - Adult M,4
2024-08-22,Priya General Store - Kondapur Branch,SKU-2091,Sunscreen SPF50 100ml,11
2024-08-22,Priya General Store - Kondapur Branch,SKU-3087,Diyas - Clay Set of 12,2
2024-08-23,Priya General Store - Kondapur Branch,SKU-1042,Umbrella - Standard 21in,6
2024-08-23,Priya General Store - Kondapur Branch,SKU-1043,Raincoat - Adult M,4
2024-08-23,Priya General Store - Kondapur Branch,SKU-2091,Sunscreen SPF50 100ml,15
2024-08-23,Priya General Store - Kondapur Branch,SKU-3087,Diyas - Clay Set of 12,4
2024-08-24,Priya General Store - Kondapur Branch,SKU-1042,Umbrella - Standard 21in,5
2024-08-24,Priya General Store - Kondapur Branch,SKU-1043,Raincoat - Adult M,6
2024-08-24,Priya General Store - Kondapur Branch,SKU-2091,Sunscreen SPF50 100ml,18
2024-08-24,Priya General Store - Kondapur Branch,SKU-3087,Diyas - Clay Set of 12,2
2024-08-25,Priya General Store - Kondapur Branch,SKU-1042,Umbrella - Standard 21in,5
2024-08-25,Priya General Store - Kondapur Branch,SKU-1043,Raincoat - Adult M,5
2024-08-25,Priya General Store - Kondapur Branch,SKU-2091,Sunscreen SPF50 100ml,16
2024-08-25,Priya General Store - Kondapur Branch,SKU-3087,Diyas - Clay Set of 12,1
2024-08-26,Priya General Store - Kondapur Branch,SKU-1042,Umbrella - Standard 21in,10
2024-08-26,Priya General Store - Kondapur Branch,SKU-1043,Raincoat - Adult M,6
2024-08-26,Priya General Store - Kondapur Branch,SKU-2091,Sunscreen SPF50 100ml,13
2024-08-26,Priya General Store - Kondapur Branch,SKU-3087,Diyas - Clay Set of 12,3
2024-08-27,Priya General Store - Kondapur Branch,SKU-1042,Umbrella - Standard 21in,11
2024-08-27,Priya General Store - Kondapur Branch,SKU-1043,Raincoat - Adult M,4
2024-08-27,Priya General Store - Kondapur Branch,SKU-2091,Sunscreen SPF50 100ml,18
2024-08-27,Priya General Store - Kondapur Branch,SKU-3087,Diyas - Clay Set of 12,1
2024-08-28,Priya General Store - Kondapur Branch,SKU-1042,Umbrella - Standard 21in,7
2024-08-28,Priya General Store - Kondapur Branch,SKU-1043,Raincoat - Adult M,4
2024-08-28,Priya General Store - Kondapur Branch,SKU-2091,Sunscreen SPF50 100ml,18
2024-08-28,Priya General Store - Kondapur Branch,SKU-3087,Diyas - Clay Set of 12,5
2024-08-29,Priya General Store - Kondapur Branch,SKU-1042,Umbrella - Standard 21in,10
2024-08-29,Priya General Store - Kondapur Branch,SKU-1043,Raincoat - Adult M,6
2024-08-29,Priya General Store - Kondapur Branch,SKU-2091,Sunscreen SPF50 100ml,16
2024-08-29,Priya General Store - Kondapur Branch,SKU-3087,Diyas - Clay Set of 12,4
2024-08-30,Priya General Store - Kondapur Branch,SKU-1042,Umbrella - Standard 21in,11
2024-08-30,Priya General Store - Kondapur Branch,SKU-1043,Raincoat - Adult M,6
2024-08-30,Priya General Store - Kondapur Branch,SKU-2091,Sunscreen SPF50 100ml,19
2024-08-30,Priya General Store - Kondapur Branch,SKU-3087,Diyas - Clay Set of 12,3
2024-08-31,Priya General Store - Kondapur Branch,SKU-1042,Umbrella - Standard 21in,9
2024-08-31,Priya General Store - Kondapur Branch,SKU-1043,Raincoat - Adult M,2
2024-08-31,Priya General Store - Kondapur Branch,SKU-2091,Sunscreen SPF50 100ml,19
2024-08-31,Priya General Store - Kondapur Branch,SKU-3087,Diyas - Clay Set of 12,2
2024-09-01,Priya General Store - Kondapur Branch,SKU-1042,Umbrella - Standard 21in,9
2024-09-01,Priya General Store - Kondapur Branch,SKU-1043,Raincoat - Adult M,6
2024-09-01,Priya General Store - Kondapur Branch,SKU-2091,Sunscreen SPF50 100ml,12
2024-09-01,Priya General Store - Kondapur Branch,SKU-3087,Diyas - Clay Set of 12,5
2024-09-02,Priya General Store - Kondapur Branch,SKU-1042,Umbrella - Standard 21in,6
2024-09-02,Priya General Store - Kondapur Branch,SKU-1043,Raincoat - Adult M,5
2024-09-02,Priya General Store - Kondapur Branch,SKU-2091,Sunscreen SPF50 100ml,13
2024-09-02,Priya General Store - Kondapur Branch,SKU-3087,Diyas - Clay Set of 12,3
2024-09-03,Priya General Store - Kondapur Branch,SKU-1042,Umbrella - Standard 21in,7
2024-09-03,Priya General Store - Kondapur Branch,SKU-1043,Raincoat - Adult M,6
2024-09-03,Priya General Store - Kondapur Branch,SKU-2091,Sunscreen SPF50 100ml,11
2024-09-03,Priya General Store - Kondapur Branch,SKU-3087,Diyas - Clay Set of 12,2
2024-09-04,Priya General Store - Kondapur Branch,SKU-1042,Umbrella - Standard 21in,5
2024-09-04,Priya General Store - Kondapur Branch,SKU-1043,Raincoat - Adult M,5
2024-09-04,Priya General Store - Kondapur Branch,SKU-2091,Sunscreen SPF50 100ml,11
2024-09-04,Priya General Store - Kondapur Branch,SKU-3087,Diyas - Clay Set of 12,4
2024-09-05,Priya General Store - Kondapur Branch,SKU-1042,Umbrella - Standard 21in,9
2024-09-05,Priya General Store - Kondapur Branch,SKU-1043,Raincoat - Adult M,6
2024-09-05,Priya General Store - Kondapur Branch,SKU-2091,Sunscreen SPF50 100ml,16
2024-09-05,Priya General Store - Kondapur Branch,SKU-3087,Diyas - Clay Set of 12,0
2024-09-06,Priya General Store - Kondapur Branch,SKU-1042,Umbrella - Standard 21in,6
2024-09-06,Priya General Store - Kondapur Branch,SKU-1043,Raincoat - Adult M,2
2024-09-06,Priya General Store - Kondapur Branch,SKU-2091,Sunscreen SPF50 100ml,11
2024-09-06,Priya General Store - Kondapur Branch,SKU-3087,Diyas - Clay Set of 12,4
2024-09-07,Priya General Store - Kondapur Branch,SKU-1042,Umbrella - Standard 21in,11
2024-09-07,Priya General Store - Kondapur Branch,SKU-1043,Raincoat - Adult M,6
2024-09-07,Priya General Store - Kondapur Branch,SKU-2091,Sunscreen SPF50 100ml,11
2024-09-07,Priya General Store - Kondapur Branch,SKU-3087,Diyas - Clay Set of 12,3
2024-09-08,Priya General Store - Kondapur Branch,SKU-1042,Umbrella - Standard 21in,6
2024-09-08,Priya General Store - Kondapur Branch,SKU-1043,Raincoat - Adult M,2
2024-09-08,Priya General Store - Kondapur Branch,SKU-2091,Sunscreen SPF50 100ml,14
2024-09-08,Priya General Store - Kondapur Branch,SKU-3087,Diyas - Clay Set of 12,2
2024-09-09,Priya General Store - Kondapur Branch,SKU-1042,Umbrella - Standard 21in,10
2024-09-09,Priya General Store - Kondapur Branch,SKU-1043,Raincoat - Adult M,3
2024-09-09,Priya General Store - Kondapur Branch,SKU-2091,Sunscreen SPF50 100ml,19
2024-09-09,Priya General Store - Kondapur Branch,SKU-3087,Diyas - Clay Set of 12,1
2024-09-10,Priya General Store - Kondapur Branch,SKU-1042,Umbrella - Standard 21in,25
2024-09-10,Priya General Store - Kondapur Branch,SKU-1043,Raincoat - Adult M,14
2024-09-10,Priya General Store - Kondapur Branch,SKU-2091,Sunscreen SPF50 100ml,13
2024-09-10,Priya General Store - Kondapur Branch,SKU-3087,Diyas - Clay Set of 12,5
2024-09-11,Priya General Store - Kondapur Branch,SKU-1042,Umbrella - Standard 21in,19
2024-09-11,Priya General Store - Kondapur Branch,SKU-1043,Raincoat - Adult M,15
2024-09-11,Priya General Store - Kondapur Branch,SKU-2091,Sunscreen SPF50 100ml,19
2024-09-11,Priya General Store - Kondapur Branch,SKU-3087,Diyas - Clay Set of 12,3
2024-09-12,Priya General Store - Kondapur Branch,SKU-1042,Umbrella - Standard 21in,23
2024-09-12,Priya General Store - Kondapur Branch,SKU-1043,Raincoat - Adult M,14
2024-09-12,Priya General Store - Kondapur Branch,SKU-2091,Sunscreen SPF50 100ml,19
2024-09-12,Priya General Store - Kondapur Branch,SKU-3087,Diyas - Clay Set of 12,5
2024-09-13,Priya General Store - Kondapur Branch,SKU-1042,Umbrella - Standard 21in,20
2024-09-13,Priya General Store - Kondapur Branch,SKU-1043,Raincoat - Adult M,13
2024-09-13,Priya General Store - Kondapur Branch,SKU-2091,Sunscreen SPF50 100ml,11
2024-09-13,Priya General Store - Kondapur Branch,SKU-3087,Diyas - Clay Set of 12,5
2024-09-14,Priya General Store - Kondapur Branch,SKU-1042,Umbrella - Standard 21in,17
2024-09-14,Priya General Store - Kondapur Branch,SKU-1043,Raincoat - Adult M,6
2024-09-14,Priya General Store - Kondapur Branch,SKU-2091,Sunscreen SPF50 100ml,14
2024-09-14,Priya General Store - Kondapur Branch,SKU-3087,Diyas - Clay Set of 12,1
2024-09-15,Priya General Store - Kondapur Branch,SKU-1042,Umbrella - Standard 21in,29
2024-09-15,Priya General Store - Kondapur Branch,SKU-1043,Raincoat - Adult M,19
2024-09-15,Priya General Store - Kondapur Branch,SKU-2091,Sunscreen SPF50 100ml,13
2024-09-15,Priya General Store - Kondapur Branch,SKU-3087,Diyas - Clay Set of 12,4
2024-09-16,Priya General Store - Kondapur Branch,SKU-1042,Umbrella - Standard 21in,19
2024-09-16,Priya General Store - Kondapur Branch,SKU-1043,Raincoat - Adult M,10
2024-09-16,Priya General Store - Kondapur Branch,SKU-2091,Sunscreen SPF50 100ml,12
2024-09-16,Priya General Store - Kondapur Branch,SKU-3087,Diyas - Clay Set of 12,5
2024-09-17,Priya General Store - Kondapur Branch,SKU-1042,Umbrella - Standard 21in,10
2024-09-17,Priya General Store - Kondapur Branch,SKU-1043,Raincoat - Adult M,4
2024-09-17,Priya General Store - Kondapur Branch,SKU-2091,Sunscreen SPF50 100ml,13
2024-09-17,Priya General Store - Kondapur Branch,SKU-3087,Diyas - Clay Set of 12,5
2024-09-18,Priya General Store - Kondapur Branch,SKU-1042,Umbrella - Standard 21in,5
2024-09-18,Priya General Store - Kondapur Branch,SKU-1043,Raincoat - Adult M,4
2024-09-18,Priya General Store - Kondapur Branch,SKU-2091,Sunscreen SPF50 100ml,17
2024-09-18,Priya General Store - Kondapur Branch,SKU-3087,Diyas - Clay Set of 12,1
2024-09-19,Priya General Store - Kondapur Branch,SKU-1042,Umbrella - Standard 21in,7
2024-09-19,Priya General Store - Kondapur Branch,SKU-1043,Raincoat - Adult M,5
2024-09-19,Priya General Store - Kondapur Branch,SKU-2091,Sunscreen SPF50 100ml,12
2024-09-19,Priya General Store - Kondapur Branch,SKU-3087,Diyas - Clay Set of 12,2
2024-09-20,Priya General Store - Kondapur Branch,SKU-1042,Umbrella - Standard 21in,11
2024-09-20,Priya General Store - Kondapur Branch,SKU-1043,Raincoat - Adult M,2
2024-09-20,Priya General Store - Kondapur Branch,SKU-2091,Sunscreen SPF50 100ml,17
2024-09-20,Priya General Store - Kondapur Branch,SKU-3087,Diyas - Clay Set of 12,5
2024-09-21,Priya General Store - Kondapur Branch,SKU-1042,Umbrella - Standard 21in,9
2024-09-21,Priya General Store - Kondapur Branch,SKU-1043,Raincoat - Adult M,4
2024-09-21,Priya General Store - Kondapur Branch,SKU-2091,Sunscreen SPF50 100ml,14
2024-09-21,Priya General Store - Kondapur Branch,SKU-3087,Diyas - Clay Set of 12,4
2024-09-22,Priya General Store - Kondapur Branch,SKU-1042,Umbrella - Standard 21in,11
2024-09-22,Priya General Store - Kondapur Branch,SKU-1043,Raincoat - Adult M,6
2024-09-22,Priya General Store - Kondapur Branch,SKU-2091,Sunscreen SPF50 100ml,17
2024-09-22,Priya General Store - Kondapur Branch,SKU-3087,Diyas - Clay Set of 12,4
2024-09-23,Priya General Store - Kondapur Branch,SKU-1042,Umbrella - Standard 21in,7
2024-09-23,Priya General Store - Kondapur Branch,SKU-1043,Raincoat - Adult M,6
2024-09-23,Priya General Store - Kondapur Branch,SKU-2091,Sunscreen SPF50 100ml,19
2024-09-23,Priya General Store - Kondapur Branch,SKU-3087,Diyas - Clay Set of 12,1
2024-09-24,Priya General Store - Kondapur Branch,SKU-1042,Umbrella - Standard 21in,8
2024-09-24,Priya General Store - Kondapur Branch,SKU-1043,Raincoat - Adult M,3
2024-09-24,Priya General Store - Kondapur Branch,SKU-2091,Sunscreen SPF50 100ml,18
2024-09-24,Priya General Store - Kondapur Branch,SKU-3087,Diyas - Clay Set of 12,4
2024-09-25,Priya General Store - Kondapur Branch,SKU-1042,Umbrella - Standard 21in,9
2024-09-25,Priya General Store - Kondapur Branch,SKU-1043,Raincoat - Adult M,6
2024-09-25,Priya General Store - Kondapur Branch,SKU-2091,Sunscreen SPF50 100ml,19
2024-09-25,Priya General Store - Kondapur Branch,SKU-3087,Diyas - Clay Set of 12,1
2024-09-26,Priya General Store - Kondapur Branch,SKU-1042,Umbrella - Standard 21in,8
2024-09-26,Priya General Store - Kondapur Branch,SKU-1043,Raincoat - Adult M,6
2024-09-26,Priya General Store - Kondapur Branch,SKU-2091,Sunscreen SPF50 100ml,17
2024-09-26,Priya General Store - Kondapur Branch,SKU-3087,Diyas - Clay Set of 12,3
2024-09-27,Priya General Store - Kondapur Branch,SKU-1042,Umbrella - Standard 21in,7
2024-09-27,Priya General Store - Kondapur Branch,SKU-1043,Raincoat - Adult M,2
2024-09-27,Priya General Store - Kondapur Branch,SKU-2091,Sunscreen SPF50 100ml,13
2024-09-27,Priya General Store - Kondapur Branch,SKU-3087,Diyas - Clay Set of 12,5
2024-09-28,Priya General Store - Kondapur Branch,SKU-1042,Umbrella - Standard 21in,11
2024-09-28,Priya General Store - Kondapur Branch,SKU-1043,Raincoat - Adult M,3
2024-09-28,Priya General Store - Kondapur Branch,SKU-2091,Sunscreen SPF50 100ml,14
2024-09-28,Priya General Store - Kondapur Branch,SKU-3087,Diyas - Clay Set of 12,3
2024-09-29,Priya General Store - Kondapur Branch,SKU-1042,Umbrella - Standard 21in,10
2024-09-29,Priya General Store - Kondapur Branch,SKU-1043,Raincoat - Adult M,2
2024-09-29,Priya General Store - Kondapur Branch,SKU-2091,Sunscreen SPF50 100ml,14
2024-09-29,Priya General Store - Kondapur Branch,SKU-3087,Diyas - Clay Set of 12,2
2024-09-30,Priya General Store - Kondapur Branch,SKU-1042,Umbrella - Standard 21in,11
2024-09-30,Priya General Store - Kondapur Branch,SKU-1043,Raincoat - Adult M,4
2024-09-30,Priya General Store - Kondapur Branch,SKU-2091,Sunscreen SPF50 100ml,12
2024-09-30,Priya General Store - Kondapur Branch,SKU-3087,Diyas - Clay Set of 12,4
2024-10-01,Priya General Store - Kondapur Branch,SKU-1042,Umbrella - Standard 21in,6
2024-10-01,Priya General Store - Kondapur Branch,SKU-1043,Raincoat - Adult M,3
2024-10-01,Priya General Store - Kondapur Branch,SKU-2091,Sunscreen SPF50 100ml,19
2024-10-01,Priya General Store - Kondapur Branch,SKU-3087,Diyas - Clay Set of 12,5
2024-10-02,Priya General Store - Kondapur Branch,SKU-1042,Umbrella - Standard 21in,10
2024-10-02,Priya General Store - Kondapur Branch,SKU-1043,Raincoat - Adult M,2
2024-10-02,Priya General Store - Kondapur Branch,SKU-2091,Sunscreen SPF50 100ml,19
2024-10-02,Priya General Store - Kondapur Branch,SKU-3087,Diyas - Clay Set of 12,2
2024-10-03,Priya General Store - Kondapur Branch,SKU-1042,Umbrella - Standard 21in,6
2024-10-03,Priya General Store - Kondapur Branch,SKU-1043,Raincoat - Adult M,6
2024-10-03,Priya General Store - Kondapur Branch,SKU-2091,Sunscreen SPF50 100ml,18
2024-10-03,Priya General Store - Kondapur Branch,SKU-3087,Diyas - Clay Set of 12,1
2024-10-04,Priya General Store - Kondapur Branch,SKU-1042,Umbrella - Standard 21in,10
2024-10-04,Priya General Store - Kondapur Branch,SKU-1043,Raincoat - Adult M,4
2024-10-04,Priya General Store - Kondapur Branch,SKU-2091,Sunscreen SPF50 100ml,11
2024-10-04,Priya General Store - Kondapur Branch,SKU-3087,Diyas - Clay Set of 12,4
2024-10-05,Priya General Store - Kondapur Branch,SKU-1042,Umbrella - Standard 21in,8
2024-10-05,Priya General Store - Kondapur Branch,SKU-1043,Raincoat - Adult M,2
2024-10-05,Priya General Store - Kondapur Branch,SKU-2091,Sunscreen SPF50 100ml,18
2024-10-05,Priya General Store - Kondapur Branch,SKU-3087,Diyas - Clay Set of 12,5
2024-10-06,Priya General Store - Kondapur Branch,SKU-1042,Umbrella - Standard 21in,6
2024-10-06,Priya General Store - Kondapur Branch,SKU-1043,Raincoat - Adult M,5
2024-10-06,Priya General Store - Kondapur Branch,SKU-2091,Sunscreen SPF50 100ml,11
2024-10-06,Priya General Store - Kondapur Branch,SKU-3087,Diyas - Clay Set of 12,5
2024-10-07,Priya General Store - Kondapur Branch,SKU-1042,Umbrella - Standard 21in,8
2024-10-07,Priya General Store - Kondapur Branch,SKU-1043,Raincoat - Adult M,3
2024-10-07,Priya General Store - Kondapur Branch,SKU-2091,Sunscreen SPF50 100ml,16
2024-10-07,Priya General Store - Kondapur Branch,SKU-3087,Diyas - Clay Set of 12,3
2024-10-08,Priya General Store - Kondapur Branch,SKU-1042,Umbrella - Standard 21in,9
2024-10-08,Priya General Store - Kondapur Branch,SKU-1043,Raincoat - Adult M,2
2024-10-08,Priya General Store - Kondapur Branch,SKU-2091,Sunscreen SPF50 100ml,17
2024-10-08,Priya General Store - Kondapur Branch,SKU-3087,Diyas - Clay Set of 12,1
2024-10-09,Priya General Store - Kondapur Branch,SKU-1042,Umbrella - Standard 21in,7
2024-10-09,Priya General Store - Kondapur Branch,SKU-1043,Raincoat - Adult M,4
2024-10-09,Priya General Store - Kondapur Branch,SKU-2091,Sunscreen SPF50 100ml,13
2024-10-09,Priya General Store - Kondapur Branch,SKU-3087,Diyas - Clay Set of 12,4
2024-10-10,Priya General Store - Kondapur Branch,SKU-1042,Umbrella - Standard 21in,10
2024-10-10,Priya General Store - Kondapur Branch,SKU-1043,Raincoat - Adult M,3
2024-10-10,Priya General Store - Kondapur Branch,SKU-2091,Sunscreen SPF50 100ml,13
2024-10-10,Priya General Store - Kondapur Branch,SKU-3087,Diyas - Clay Set of 12,3
2024-10-11,Priya General Store - Kondapur Branch,SKU-1042,Umbrella - Standard 21in,7
2024-10-11,Priya General Store - Kondapur Branch,SKU-1043,Raincoat - Adult M,3
2024-10-11,Priya General Store - Kondapur Branch,SKU-2091,Sunscreen SPF50 100ml,13
2024-10-11,Priya General Store - Kondapur Branch,SKU-3087,Diyas - Clay Set of 12,2
2024-10-12,Priya General Store - Kondapur Branch,SKU-1042,Umbrella - Standard 21in,7
2024-10-12,Priya General Store - Kondapur Branch,SKU-1043,Raincoat - Adult M,6
2024-10-12,Priya General Store - Kondapur Branch,SKU-2091,Sunscreen SPF50 100ml,17
2024-10-12,Priya General Store - Kondapur Branch,SKU-3087,Diyas - Clay Set of 12,2
2024-10-13,Priya General Store - Kondapur Branch,SKU-1042,Umbrella - Standard 21in,9
2024-10-13,Priya General Store - Kondapur Branch,SKU-1043,Raincoat - Adult M,4
2024-10-13,Priya General Store - Kondapur Branch,SKU-2091,Sunscreen SPF50 100ml,19
2024-10-13,Priya General Store - Kondapur Branch,SKU-3087,Diyas - Clay Set of 12,1
2024-10-14,Priya General Store - Kondapur Branch,SKU-1042,Umbrella - Standard 21in,11
2024-10-14,Priya General Store - Kondapur Branch,SKU-1043,Raincoat - Adult M,2
2024-10-14,Priya General Store - Kondapur Branch,SKU-2091,Sunscreen SPF50 100ml,17
2024-10-14,Priya General Store - Kondapur Branch,SKU-3087,Diyas - Clay Set of 12,3
2024-10-15,Priya General Store - Kondapur Branch,SKU-1042,Umbrella - Standard 21in,11
2024-10-15,Priya General Store - Kondapur Branch,SKU-1043,Raincoat - Adult M,4
2024-10-15,Priya General Store - Kondapur Branch,SKU-2091,Sunscreen SPF50 100ml,14
2024-10-15,Priya General Store - Kondapur Branch,SKU-3087,Diyas - Clay Set of 12,2
2024-10-16,Priya General Store - Kondapur Branch,SKU-1042,Umbrella - Standard 21in,9
2024-10-16,Priya General Store - Kondapur Branch,SKU-1043,Raincoat - Adult M,6
2024-10-16,Priya General Store - Kondapur Branch,SKU-2091,Sunscreen SPF50 100ml,14
2024-10-16,Priya General Store - Kondapur Branch,SKU-3087,Diyas - Clay Set of 12,2
2024-10-17,Priya General Store - Kondapur Branch,SKU-1042,Umbrella - Standard 21in,7
2024-10-17,Priya General Store - Kondapur Branch,SKU-1043,Raincoat - Adult M,5
2024-10-17,Priya General Store - Kondapur Branch,SKU-2091,Sunscreen SPF50 100ml,18
2024-10-17,Priya General Store - Kondapur Branch,SKU-3087,Diyas - Clay Set of 12,3
2024-10-18,Priya General Store - Kondapur Branch,SKU-1042,Umbrella - Standard 21in,8
2024-10-18,Priya General Store - Kondapur Branch,SKU-1043,Raincoat - Adult M,3
2024-10-18,Priya General Store - Kondapur Branch,SKU-2091,Sunscreen SPF50 100ml,14
2024-10-18,Priya General Store - Kondapur Branch,SKU-3087,Diyas - Clay Set of 12,1
2024-10-19,Priya General Store - Kondapur Branch,SKU-1042,Umbrella - Standard 21in,8
2024-10-19,Priya General Store - Kondapur Branch,SKU-1043,Raincoat - Adult M,3
2024-10-19,Priya General Store - Kondapur Branch,SKU-2091,Sunscreen SPF50 100ml,12
2024-10-19,Priya General Store - Kondapur Branch,SKU-3087,Diyas - Clay Set of 12,4
2024-10-20,Priya General Store - Kondapur Branch,SKU-1042,Umbrella - Standard 21in,8
2024-10-20,Priya General Store - Kondapur Branch,SKU-1043,Raincoat - Adult M,5
2024-10-20,Priya General Store - Kondapur Branch,SKU-2091,Sunscreen SPF50 100ml,17
2024-10-20,Priya General Store - Kondapur Branch,SKU-3087,Diyas - Clay Set of 12,11
2024-10-21,Priya General Store - Kondapur Branch,SKU-1042,Umbrella - Standard 21in,8
2024-10-21,Priya General Store - Kondapur Branch,SKU-1043,Raincoat - Adult M,5
2024-10-21,Priya General Store - Kondapur Branch,SKU-2091,Sunscreen SPF50 100ml,19
2024-10-21,Priya General Store - Kondapur Branch,SKU-3087,Diyas - Clay Set of 12,13
2024-10-22,Priya General Store - Kondapur Branch,SKU-1042,Umbrella - Standard 21in,8
2024-10-22,Priya General Store - Kondapur Branch,SKU-1043,Raincoat - Adult M,2
2024-10-22,Priya General Store - Kondapur Branch,SKU-2091,Sunscreen SPF50 100ml,14
2024-10-22,Priya General Store - Kondapur Branch,SKU-3087,Diyas - Clay Set of 12,54
2024-10-23,Priya General Store - Kondapur Branch,SKU-1042,Umbrella - Standard 21in,8
2024-10-23,Priya General Store - Kondapur Branch,SKU-1043,Raincoat - Adult M,2
2024-10-23,Priya General Store - Kondapur Branch,SKU-2091,Sunscreen SPF50 100ml,18
2024-10-23,Priya General Store - Kondapur Branch,SKU-3087,Diyas - Clay Set of 12,46
2024-10-24,Priya General Store - Kondapur Branch,SKU-1042,Umbrella - Standard 21in,8
2024-10-24,Priya General Store - Kondapur Branch,SKU-1043,Raincoat - Adult M,2
2024-10-24,Priya General Store - Kondapur Branch,SKU-2091,Sunscreen SPF50 100ml,13
2024-10-24,Priya General Store - Kondapur Branch,SKU-3087,Diyas - Clay Set of 12,52
2024-10-25,Priya General Store - Kondapur Branch,SKU-1042,Umbrella - Standard 21in,5
2024-10-25,Priya General Store - Kondapur Branch,SKU-1043,Raincoat - Adult M,6
2024-10-25,Priya General Store - Kondapur Branch,SKU-2091,Sunscreen SPF50 100ml,19
2024-10-25,Priya General Store - Kondapur Branch,SKU-3087,Diyas - Clay Set of 12,44
2024-10-26,Priya General Store - Kondapur Branch,SKU-1042,Umbrella - Standard 21in,6
2024-10-26,Priya General Store - Kondapur Branch,SKU-1043,Raincoat - Adult M,3
2024-10-26,Priya General Store - Kondapur Branch,SKU-2091,Sunscreen SPF50 100ml,12
2024-10-26,Priya General Store - Kondapur Branch,SKU-3087,Diyas - Clay Set of 12,20
2024-10-27,Priya General Store - Kondapur Branch,SKU-1042,Umbrella - Standard 21in,5
2024-10-27,Priya General Store - Kondapur Branch,SKU-1043,Raincoat - Adult M,5
2024-10-27,Priya General Store - Kondapur Branch,SKU-2091,Sunscreen SPF50 100ml,12
2024-10-27,Priya General Store - Kondapur Branch,SKU-3087,Diyas - Clay Set of 12,30
2024-10-28,Priya General Store - Kondapur Branch,SKU-1042,Umbrella - Standard 21in,9
2024-10-28,Priya General Store - Kondapur Branch,SKU-1043,Raincoat - Adult M,3
2024-10-28,Priya General Store - Kondapur Branch,SKU-2091,Sunscreen SPF50 100ml,17
2024-10-28,Priya General Store - Kondapur Branch,SKU-3087,Diyas - Clay Set of 12,13
2024-10-29,Priya General Store - Kondapur Branch,SKU-1042,Umbrella - Standard 21in,10
2024-10-29,Priya General Store - Kondapur Branch,SKU-1043,Raincoat - Adult M,3
2024-10-29,Priya General Store - Kondapur Branch,SKU-2091,Sunscreen SPF50 100ml,13
2024-10-29,Priya General Store - Kondapur Branch,SKU-3087,Diyas - Clay Set of 12,6
2024-10-30,Priya General Store - Kondapur Branch,SKU-1042,Umbrella - Standard 21in,10
2024-10-30,Priya General Store - Kondapur Branch,SKU-1043,Raincoat - Adult M,5
2024-10-30,Priya General Store - Kondapur Branch,SKU-2091,Sunscreen SPF50 100ml,13
2024-10-30,Priya General Store - Kondapur Branch,SKU-3087,Diyas - Clay Set of 12,0
2024-10-31,Priya General Store - Kondapur Branch,SKU-1042,Umbrella - Standard 21in,11
2024-10-31,Priya General Store - Kondapur Branch,SKU-1043,Raincoat - Adult M,5
2024-10-31,Priya General Store - Kondapur Branch,SKU-2091,Sunscreen SPF50 100ml,18
2024-10-31,Priya General Store - Kondapur Branch,SKU-3087,Diyas - Clay Set of 12,1
2024-11-01,Priya General Store - Kondapur Branch,SKU-1042,Umbrella - Standard 21in,8
2024-11-01,Priya General Store - Kondapur Branch,SKU-1043,Raincoat - Adult M,6
2024-11-01,Priya General Store - Kondapur Branch,SKU-2091,Sunscreen SPF50 100ml,18
2024-11-01,Priya General Store - Kondapur Branch,SKU-3087,Diyas - Clay Set of 12,1
2024-11-02,Priya General Store - Kondapur Branch,SKU-1042,Umbrella - Standard 21in,5
2024-11-02,Priya General Store - Kondapur Branch,SKU-1043,Raincoat - Adult M,6
2024-11-02,Priya General Store - Kondapur Branch,SKU-2091,Sunscreen SPF50 100ml,19
2024-11-02,Priya General Store - Kondapur Branch,SKU-3087,Diyas - Clay Set of 12,2
2024-11-03,Priya General Store - Kondapur Branch,SKU-1042,Umbrella - Standard 21in,6
2024-11-03,Priya General Store - Kondapur Branch,SKU-1043,Raincoat - Adult M,4
2024-11-03,Priya General Store - Kondapur Branch,SKU-2091,Sunscreen SPF50 100ml,11
2024-11-03,Priya General Store - Kondapur Branch,SKU-3087,Diyas - Clay Set of 12,5
2024-11-04,Priya General Store - Kondapur Branch,SKU-1042,Umbrella - Standard 21in,5
2024-11-04,Priya General Store - Kondapur Branch,SKU-1043,Raincoat - Adult M,5
2024-11-04,Priya General Store - Kondapur Branch,SKU-2091,Sunscreen SPF50 100ml,13
2024-11-04,Priya General Store - Kondapur Branch,SKU-3087,Diyas - Clay Set of 12,5
2024-11-05,Priya General Store - Kondapur Branch,SKU-1042,Umbrella - Standard 21in,10
2024-11-05,Priya General Store - Kondapur Branch,SKU-1043,Raincoat - Adult M,6
2024-11-05,Priya General Store - Kondapur Branch,SKU-2091,Sunscreen SPF50 100ml,18
2024-11-05,Priya General Store - Kondapur Branch,SKU-3087,Diyas - Clay Set of 12,3
2024-11-06,Priya General Store - Kondapur Branch,SKU-1042,Umbrella - Standard 21in,5
2024-11-06,Priya General Store - Kondapur Branch,SKU-1043,Raincoat - Adult M,4
2024-11-06,Priya General Store - Kondapur Branch,SKU-2091,Sunscreen SPF50 100ml,17
2024-11-06,Priya General Store - Kondapur Branch,SKU-3087,Diyas - Clay Set of 12,4
2024-11-07,Priya General Store - Kondapur Branch,SKU-1042,Umbrella - Standard 21in,5
2024-11-07,Priya General Store - Kondapur Branch,SKU-1043,Raincoat - Adult M,3
2024-11-07,Priya General Store - Kondapur Branch,SKU-2091,Sunscreen SPF50 100ml,15
2024-11-07,Priya General Store - Kondapur Branch,SKU-3087,Diyas - Clay Set of 12,4
2024-11-08,Priya General Store - Kondapur Branch,SKU-1042,Umbrella - Standard 21in,10
2024-11-08,Priya General Store - Kondapur Branch,SKU-1043,Raincoat - Adult M,2
2024-11-08,Priya General Store - Kondapur Branch,SKU-2091,Sunscreen SPF50 100ml,19
2024-11-08,Priya General Store - Kondapur Branch,SKU-3087,Diyas - Clay Set of 12,4
2024-11-09,Priya General Store - Kondapur Branch,SKU-1042,Umbrella - Standard 21in,9
2024-11-09,Priya General Store - Kondapur Branch,SKU-1043,Raincoat - Adult M,4
2024-11-09,Priya General Store - Kondapur Branch,SKU-2091,Sunscreen SPF50 100ml,16
2024-11-09,Priya General Store - Kondapur Branch,SKU-3087,Diyas - Clay Set of 12,5
2024-11-10,Priya General Store - Kondapur Branch,SKU-1042,Umbrella - Standard 21in,7
2024-11-10,Priya General Store - Kondapur Branch,SKU-1043,Raincoat - Adult M,6
2024-11-10,Priya General Store - Kondapur Branch,SKU-2091,Sunscreen SPF50 100ml,19
2024-11-10,Priya General Store - Kondapur Branch,SKU-3087,Diyas - Clay Set of 12,4
2024-11-11,Priya General Store - Kondapur Branch,SKU-1042,Umbrella - Standard 21in,6
2024-11-11,Priya General Store - Kondapur Branch,SKU-1043,Raincoat - Adult M,3
2024-11-11,Priya General Store - Kondapur Branch,SKU-2091,Sunscreen SPF50 100ml,0
2024-11-11,Priya General Store - Kondapur Branch,SKU-3087,Diyas - Clay Set of 12,1
2024-11-12,Priya General Store - Kondapur Branch,SKU-1042,Umbrella - Standard 21in,11
2024-11-12,Priya General Store - Kondapur Branch,SKU-1043,Raincoat - Adult M,3
2024-11-12,Priya General Store - Kondapur Branch,SKU-2091,Sunscreen SPF50 100ml,17
2024-11-12,Priya General Store - Kondapur Branch,SKU-3087,Diyas - Clay Set of 12,3
2024-11-13,Priya General Store - Kondapur Branch,SKU-1042,Umbrella - Standard 21in,11
2024-11-13,Priya General Store - Kondapur Branch,SKU-1043,Raincoat - Adult M,2
2024-11-13,Priya General Store - Kondapur Branch,SKU-2091,Sunscreen SPF50 100ml,15
2024-11-13,Priya General Store - Kondapur Branch,SKU-3087,Diyas - Clay Set of 12,1
2024-11-14,Priya General Store - Kondapur Branch,SKU-1042,Umbrella - Standard 21in,9
2024-11-14,Priya General Store - Kondapur Branch,SKU-1043,Raincoat - Adult M,2
2024-11-14,Priya General Store - Kondapur Branch,SKU-2091,Sunscreen SPF50 100ml,16
2024-11-14,Priya General Store - Kondapur Branch,SKU-3087,Diyas - Clay Set of 12,5
2024-11-15,Priya General Store - Kondapur Branch,SKU-1042,Umbrella - Standard 21in,5
2024-11-15,Priya General Store - Kondapur Branch,SKU-1043,Raincoat - Adult M,3
2024-11-15,Priya General Store - Kondapur Branch,SKU-2091,Sunscreen SPF50 100ml,16
2024-11-15,Priya General Store - Kondapur Branch,SKU-3087,Diyas - Clay Set of 12,4
2024-11-16,Priya General Store - Kondapur Branch,SKU-1042,Umbrella - Standard 21in,11
2024-11-16,Priya General Store - Kondapur Branch,SKU-1043,Raincoat - Adult M,3
2024-11-16,Priya General Store - Kondapur Branch,SKU-2091,Sunscreen SPF50 100ml,18
2024-11-16,Priya General Store - Kondapur Branch,SKU-3087,Diyas - Clay Set of 12,5
2024-11-17,Priya General Store - Kondapur Branch,SKU-1042,Umbrella - Standard 21in,8
2024-11-17,Priya General Store - Kondapur Branch,SKU-1043,Raincoat - Adult M,5
2024-11-17,Priya General Store - Kondapur Branch,SKU-2091,Sunscreen SPF50 100ml,11
2024-11-17,Priya General Store - Kondapur Branch,SKU-3087,Diyas - Clay Set of 12,3
2024-11-18,Priya General Store - Kondapur Branch,SKU-1042,Umbrella - Standard 21in,10
2024-11-18,Priya General Store - Kondapur Branch,SKU-1043,Raincoat - Adult M,6
2024-11-18,Priya General Store - Kondapur Branch,SKU-2091,Sunscreen SPF50 100ml,16
2024-11-18,Priya General Store - Kondapur Branch,SKU-3087,Diyas - Clay Set of 12,3
2024-11-19,Priya General Store - Kondapur Branch,SKU-1042,Umbrella - Standard 21in,6
2024-11-19,Priya General Store - Kondapur Branch,SKU-1043,Raincoat - Adult M,2
2024-11-19,Priya General Store - Kondapur Branch,SKU-2091,Sunscreen SPF50 100ml,17
2024-11-19,Priya General Store - Kondapur Branch,SKU-3087,Diyas - Clay Set of 12,2
2024-11-20,Priya General Store - Kondapur Branch,SKU-1042,Umbrella - Standard 21in,8
2024-11-20,Priya General Store - Kondapur Branch,SKU-1043,Raincoat - Adult M,2
2024-11-20,Priya General Store - Kondapur Branch,SKU-2091,Sunscreen SPF50 100ml,15
2024-11-20,Priya General Store - Kondapur Branch,SKU-3087,Diyas - Clay Set of 12,3
2024-11-21,Priya General Store - Kondapur Branch,SKU-1042,Umbrella - Standard 21in,7
2024-11-21,Priya General Store - Kondapur Branch,SKU-1043,Raincoat - Adult M,5
2024-11-21,Priya General Store - Kondapur Branch,SKU-2091,Sunscreen SPF50 100ml,16
2024-11-21,Priya General Store - Kondapur Branch,SKU-3087,Diyas - Clay Set of 12,3
2024-11-22,Priya General Store - Kondapur Branch,SKU-1042,Umbrella - Standard 21in,7
2024-11-22,Priya General Store - Kondapur Branch,SKU-1043,Raincoat - Adult M,4
2024-11-22,Priya General Store - Kondapur Branch,SKU-2091,Sunscreen SPF50 100ml,14
2024-11-22,Priya General Store - Kondapur Branch,SKU-3087,Diyas - Clay Set of 12,4
2024-11-23,Priya General Store - Kondapur Branch,SKU-1042,Umbrella - Standard 21in,11
2024-11-23,Priya General Store - Kondapur Branch,SKU-1043,Raincoat - Adult M,6
2024-11-23,Priya General Store - Kondapur Branch,SKU-2091,Sunscreen SPF50 100ml,16
2024-11-23,Priya General Store - Kondapur Branch,SKU-3087,Diyas - Clay Set of 12,5
2024-11-24,Priya General Store - Kondapur Branch,SKU-1042,Umbrella - Standard 21in,7
2024-11-24,Priya General Store - Kondapur Branch,SKU-1043,Raincoat - Adult M,2
2024-11-24,Priya General Store - Kondapur Branch,SKU-2091,Sunscreen SPF50 100ml,19
2024-11-24,Priya General Store - Kondapur Branch,SKU-3087,Diyas - Clay Set of 12,2
2024-11-25,Priya General Store - Kondapur Branch,SKU-1042,Umbrella - Standard 21in,5
2024-11-25,Priya General Store - Kondapur Branch,SKU-1043,Raincoat - Adult M,6
2024-11-25,Priya General Store - Kondapur Branch,SKU-2091,Sunscreen SPF50 100ml,15
2024-11-25,Priya General Store - Kondapur Branch,SKU-3087,Diyas - Clay Set of 12,5
2024-11-26,Priya General Store - Kondapur Branch,SKU-1042,Umbrella - Standard 21in,7
2024-11-26,Priya General Store - Kondapur Branch,SKU-1043,Raincoat - Adult M,2
2024-11-26,Priya General Store - Kondapur Branch,SKU-2091,Sunscreen SPF50 100ml,15
2024-11-26,Priya General Store - Kondapur Branch,SKU-3087,Diyas - Clay Set of 12,3
2024-11-27,Priya General Store - Kondapur Branch,SKU-1042,Umbrella - Standard 21in,6
2024-11-27,Priya General Store - Kondapur Branch,SKU-1043,Raincoat - Adult M,3
2024-11-27,Priya General Store - Kondapur Branch,SKU-2091,Sunscreen SPF50 100ml,19
2024-11-27,Priya General Store - Kondapur Branch,SKU-3087,Diyas - Clay Set of 12,4
2024-11-28,Priya General Store - Kondapur Branch,SKU-1042,Umbrella - Standard 21in,7
2024-11-28,Priya General Store - Kondapur Branch,SKU-1043,Raincoat - Adult M,4
2024-11-28,Priya General Store - Kondapur Branch,SKU-2091,Sunscreen SPF50 100ml,19
2024-11-28,Priya General Store - Kondapur Branch,SKU-3087,Diyas - Clay Set of 12,2
2024-11-29,Priya General Store - Kondapur Branch,SKU-1042,Umbrella - Standard 21in,9
2024-11-29,Priya General Store - Kondapur Branch,SKU-1043,Raincoat - Adult M,3
2024-11-29,Priya General Store - Kondapur Branch,SKU-2091,Sunscreen SPF50 100ml,15
2024-11-29,Priya General Store - Kondapur Branch,SKU-3087,Diyas - Clay Set of 12,2
2024-11-30,Priya General Store - Kondapur Branch,SKU-1042,Umbrella - Standard 21in,9
2024-11-30,Priya General Store - Kondapur Branch,SKU-1043,Raincoat - Adult M,6
2024-11-30,Priya General Store - Kondapur Branch,SKU-2091,Sunscreen SPF50 100ml,13
2024-11-30,Priya General Store - Kondapur Branch,SKU-3087,Diyas - Clay Set of 12,1
2024-12-01,Priya General Store - Kondapur Branch,SKU-1042,Umbrella - Standard 21in,5
2024-12-01,Priya General Store - Kondapur Branch,SKU-1043,Raincoat - Adult M,5
2024-12-01,Priya General Store - Kondapur Branch,SKU-2091,Sunscreen SPF50 100ml,18
2024-12-01,Priya General Store - Kondapur Branch,SKU-3087,Diyas - Clay Set of 12,3
2024-12-02,Priya General Store - Kondapur Branch,SKU-1042,Umbrella - Standard 21in,6
2024-12-02,Priya General Store - Kondapur Branch,SKU-1043,Raincoat - Adult M,6
2024-12-02,Priya General Store - Kondapur Branch,SKU-2091,Sunscreen SPF50 100ml,18
2024-12-02,Priya General Store - Kondapur Branch,SKU-3087,Diyas - Clay Set of 12,1
2024-12-03,Priya General Store - Kondapur Branch,SKU-1042,Umbrella - Standard 21in,10
2024-12-03,Priya General Store - Kondapur Branch,SKU-1043,Raincoat - Adult M,5
2024-12-03,Priya General Store - Kondapur Branch,SKU-2091,Sunscreen SPF50 100ml,18
2024-12-03,Priya General Store - Kondapur Branch,SKU-3087,Diyas - Clay Set of 12,2
2024-12-04,Priya General Store - Kondapur Branch,SKU-1042,Umbrella - Standard 21in,9
2024-12-04,Priya General Store - Kondapur Branch,SKU-1043,Raincoat - Adult M,4
2024-12-04,Priya General Store - Kondapur Branch,SKU-2091,Sunscreen SPF50 100ml,16
2024-12-04,Priya General Store - Kondapur Branch,SKU-3087,Diyas - Clay Set of 12,3
2024-12-05,Priya General Store - Kondapur Branch,SKU-1042,Umbrella - Standard 21in,5
2024-12-05,Priya General Store - Kondapur Branch,SKU-1043,Raincoat - Adult M,2
2024-12-05,Priya General Store - Kondapur Branch,SKU-2091,Sunscreen SPF50 100ml,18
2024-12-05,Priya General Store - Kondapur Branch,SKU-3087,Diyas - Clay Set of 12,3
2024-12-06,Priya General Store - Kondapur Branch,SKU-1042,Umbrella - Standard 21in,9
2024-12-06,Priya General Store - Kondapur Branch,SKU-1043,Raincoat - Adult M,6
2024-12-06,Priya General Store - Kondapur Branch,SKU-2091,Sunscreen SPF50 100ml,12
2024-12-06,Priya General Store - Kondapur Branch,SKU-3087,Diyas - Clay Set of 12,1
2024-12-07,Priya General Store - Kondapur Branch,SKU-1042,Umbrella - Standard 21in,9
2024-12-07,Priya General Store - Kondapur Branch,SKU-1043,Raincoat - Adult M,6
2024-12-07,Priya General Store - Kondapur Branch,SKU-2091,Sunscreen SPF50 100ml,14
2024-12-07,Priya General Store - Kondapur Branch,SKU-3087,Diyas - Clay Set of 12,4
2024-12-08,Priya General Store - Kondapur Branch,SKU-1042,Umbrella - Standard 21in,7
2024-12-08,Priya General Store - Kondapur Branch,SKU-1043,Raincoat - Adult M,6
2024-12-08,Priya General Store - Kondapur Branch,SKU-2091,Sunscreen SPF50 100ml,17
2024-12-08,Priya General Store - Kondapur Branch,SKU-3087,Diyas - Clay Set of 12,3
2024-12-09,Priya General Store - Kondapur Branch,SKU-1042,Umbrella - Standard 21in,6
2024-12-09,Priya General Store - Kondapur Branch,SKU-1043,Raincoat - Adult M,2
2024-12-09,Priya General Store - Kondapur Branch,SKU-2091,Sunscreen SPF50 100ml,18
2024-12-09,Priya General Store - Kondapur Branch,SKU-3087,Diyas - Clay Set of 12,5
2024-12-10,Priya General Store - Kondapur Branch,SKU-1042,Umbrella - Standard 21in,9
2024-12-10,Priya General Store - Kondapur Branch,SKU-1043,Raincoat - Adult M,5
2024-12-10,Priya General Store - Kondapur Branch,SKU-2091,Sunscreen SPF50 100ml,17
2024-12-10,Priya General Store - Kondapur Branch,SKU-3087,Diyas - Clay Set of 12,1
2024-12-11,Priya General Store - Kondapur Branch,SKU-1042,Umbrella - Standard 21in,9
2024-12-11,Priya General Store - Kondapur Branch,SKU-1043,Raincoat - Adult M,5
2024-12-11,Priya General Store - Kondapur Branch,SKU-2091,Sunscreen SPF50 100ml,11
2024-12-11,Priya General Store - Kondapur Branch,SKU-3087,Diyas - Clay Set of 12,2
2024-12-12,Priya General Store - Kondapur Branch,SKU-1042,Umbrella - Standard 21in,11
2024-12-12,Priya General Store - Kondapur Branch,SKU-1043,Raincoat - Adult M,2
2024-12-12,Priya General Store - Kondapur Branch,SKU-2091,Sunscreen SPF50 100ml,13
2024-12-12,Priya General Store - Kondapur Branch,SKU-3087,Diyas - Clay Set of 12,3
2024-12-13,Priya General Store - Kondapur Branch,SKU-1042,Umbrella - Standard 21in,9
2024-12-13,Priya General Store - Kondapur Branch,SKU-1043,Raincoat - Adult M,3
2024-12-13,Priya General Store - Kondapur Branch,SKU-2091,Sunscreen SPF50 100ml,16
2024-12-13,Priya General Store - Kondapur Branch,SKU-3087,Diyas - Clay Set of 12,3
2024-12-14,Priya General Store - Kondapur Branch,SKU-1042,Umbrella - Standard 21in,8
2024-12-14,Priya General Store - Kondapur Branch,SKU-1043,Raincoat - Adult M,4
2024-12-14,Priya General Store - Kondapur Branch,SKU-2091,Sunscreen SPF50 100ml,11
2024-12-14,Priya General Store - Kondapur Branch,SKU-3087,Diyas - Clay Set of 12,5
2024-12-15,Priya General Store - Kondapur Branch,SKU-1042,Umbrella - Standard 21in,6
2024-12-15,Priya General Store - Kondapur Branch,SKU-1043,Raincoat - Adult M,2
2024-12-15,Priya General Store - Kondapur Branch,SKU-2091,Sunscreen SPF50 100ml,19
2024-12-15,Priya General Store - Kondapur Branch,SKU-3087,Diyas - Clay Set of 12,1
2024-12-16,Priya General Store - Kondapur Branch,SKU-1042,Umbrella - Standard 21in,11
2024-12-16,Priya General Store - Kondapur Branch,SKU-1043,Raincoat - Adult M,2
2024-12-16,Priya General Store - Kondapur Branch,SKU-2091,Sunscreen SPF50 100ml,11
2024-12-16,Priya General Store - Kondapur Branch,SKU-3087,Diyas - Clay Set of 12,5
2024-12-17,Priya General Store - Kondapur Branch,SKU-1042,Umbrella - Standard 21in,7
2024-12-17,Priya General Store - Kondapur Branch,SKU-1043,Raincoat - Adult M,5
2024-12-17,Priya General Store - Kondapur Branch,SKU-2091,Sunscreen SPF50 100ml,19
2024-12-17,Priya General Store - Kondapur Branch,SKU-3087,Diyas - Clay Set of 12,2
2024-12-18,Priya General Store - Kondapur Branch,SKU-1042,Umbrella - Standard 21in,6
2024-12-18,Priya General Store - Kondapur Branch,SKU-1043,Raincoat - Adult M,4
2024-12-18,Priya General Store - Kondapur Branch,SKU-2091,Sunscreen SPF50 100ml,13
2024-12-18,Priya General Store - Kondapur Branch,SKU-3087,Diyas - Clay Set of 12,2
2024-12-19,Priya General Store - Kondapur Branch,SKU-1042,Umbrella - Standard 21in,5
2024-12-19,Priya General Store - Kondapur Branch,SKU-1043,Raincoat - Adult M,3
2024-12-19,Priya General Store - Kondapur Branch,SKU-2091,Sunscreen SPF50 100ml,18
2024-12-19,Priya General Store - Kondapur Branch,SKU-3087,Diyas - Clay Set of 12,2
2024-12-20,Priya General Store - Kondapur Branch,SKU-1042,Umbrella - Standard 21in,10
2024-12-20,Priya General Store - Kondapur Branch,SKU-1043,Raincoat - Adult M,5
2024-12-20,Priya General Store - Kondapur Branch,SKU-2091,Sunscreen SPF50 100ml,17
2024-12-20,Priya General Store - Kondapur Branch,SKU-3087,Diyas - Clay Set of 12,4
2024-12-21,Priya General Store - Kondapur Branch,SKU-1042,Umbrella - Standard 21in,9
2024-12-21,Priya General Store - Kondapur Branch,SKU-1043,Raincoat - Adult M,5
2024-12-21,Priya General Store - Kondapur Branch,SKU-2091,Sunscreen SPF50 100ml,13
2024-12-21,Priya General Store - Kondapur Branch,SKU-3087,Diyas - Clay Set of 12,1
2024-12-22,Priya General Store - Kondapur Branch,SKU-1042,Umbrella - Standard 21in,11
2024-12-22,Priya General Store - Kondapur Branch,SKU-1043,Raincoat - Adult M,6
2024-12-22,Priya General Store - Kondapur Branch,SKU-2091,Sunscreen SPF50 100ml,19
2024-12-22,Priya General Store - Kondapur Branch,SKU-3087,Diyas - Clay Set of 12,1
2024-12-23,Priya General Store - Kondapur Branch,SKU-1042,Umbrella - Standard 21in,9
2024-12-23,Priya General Store - Kondapur Branch,SKU-1043,Raincoat - Adult M,4
2024-12-23,Priya General Store - Kondapur Branch,SKU-2091,Sunscreen SPF50 100ml,18
2024-12-23,Priya General Store - Kondapur Branch,SKU-3087,Diyas - Clay Set of 12,1
2024-12-24,Priya General Store - Kondapur Branch,SKU-1042,Umbrella - Standard 21in,10
2024-12-24,Priya General Store - Kondapur Branch,SKU-1043,Raincoat - Adult M,4
2024-12-24,Priya General Store - Kondapur Branch,SKU-2091,Sunscreen SPF50 100ml,12
2024-12-24,Priya General Store - Kondapur Branch,SKU-3087,Diyas - Clay Set of 12,5
2024-12-25,Priya General Store - Kondapur Branch,SKU-1042,Umbrella - Standard 21in,8
2024-12-25,Priya General Store - Kondapur Branch,SKU-1043,Raincoat - Adult M,2
2024-12-25,Priya General Store - Kondapur Branch,SKU-2091,Sunscreen SPF50 100ml,19
2024-12-25,Priya General Store - Kondapur Branch,SKU-3087,Diyas - Clay Set of 12,3
2024-12-26,Priya General Store - Kondapur Branch,SKU-1042,Umbrella - Standard 21in,7
2024-12-26,Priya General Store - Kondapur Branch,SKU-1043,Raincoat - Adult M,2
2024-12-26,Priya General Store - Kondapur Branch,SKU-2091,Sunscreen SPF50 100ml,19
2024-12-26,Priya General Store - Kondapur Branch,SKU-3087,Diyas - Clay Set of 12,5
2024-12-27,Priya General Store - Kondapur Branch,SKU-1042,Umbrella - Standard 21in,8
2024-12-27,Priya General Store - Kondapur Branch,SKU-1043,Raincoat - Adult M,4
2024-12-27,Priya General Store - Kondapur Branch,SKU-2091,Sunscreen SPF50 100ml,11
2024-12-27,Priya General Store - Kondapur Branch,SKU-3087,Diyas - Clay Set of 12,5
2024-12-28,Priya General Store - Kondapur Branch,SKU-1042,Umbrella - Standard 21in,10
2024-12-28,Priya General Store - Kondapur Branch,SKU-1043,Raincoat - Adult M,4
2024-12-28,Priya General Store - Kondapur Branch,SKU-2091,Sunscreen SPF50 100ml,18
2024-12-28,Priya General Store - Kondapur Branch,SKU-3087,Diyas - Clay Set of 12,5
2024-12-29,Priya General Store - Kondapur Branch,SKU-1042,Umbrella - Standard 21in,7
2024-12-29,Priya General Store - Kondapur Branch,SKU-1043,Raincoat - Adult M,6
2024-12-29,Priya General Store - Kondapur Branch,SKU-2091,Sunscreen SPF50 100ml,18
2024-12-29,Priya General Store - Kondapur Branch,SKU-3087,Diyas - Clay Set of 12,5
2024-12-30,Priya General Store - Kondapur Branch,SKU-1042,Umbrella - Standard 21in,11
2024-12-30,Priya General Store - Kondapur Branch,SKU-1043,Raincoat - Adult M,3
2024-12-30,Priya General Store - Kondapur Branch,SKU-2091,Sunscreen SPF50 100ml,15
2024-12-30,Priya General Store - Kondapur Branch,SKU-3087,Diyas - Clay Set of 12,1
2024-12-31,Priya General Store - Kondapur Branch,SKU-1042,Umbrella - Standard 21in,9
2024-12-31,Priya General Store - Kondapur Branch,SKU-1043,Raincoat - Adult M,6
2024-12-31,Priya General Store - Kondapur Branch,SKU-2091,Sunscreen SPF50 100ml,18
2024-12-31,Priya General Store - Kondapur Branch,SKU-3087,Diyas - Clay Set of 12,2
2025-01-01,Priya General Store - Kondapur Branch,SKU-1042,Umbrella - Standard 21in,10
2025-01-01,Priya General Store - Kondapur Branch,SKU-1043,Raincoat - Adult M,3
2025-01-01,Priya General Store - Kondapur Branch,SKU-2091,Sunscreen SPF50 100ml,11
2025-01-01,Priya General Store - Kondapur Branch,SKU-3087,Diyas - Clay Set of 12,1
2025-01-02,Priya General Store - Kondapur Branch,SKU-1042,Umbrella - Standard 21in,9
2025-01-02,Priya General Store - Kondapur Branch,SKU-1043,Raincoat - Adult M,3
2025-01-02,Priya General Store - Kondapur Branch,SKU-2091,Sunscreen SPF50 100ml,17
2025-01-02,Priya General Store - Kondapur Branch,SKU-3087,Diyas - Clay Set of 12,2
2025-01-03,Priya General Store - Kondapur Branch,SKU-1042,Umbrella - Standard 21in,10
2025-01-03,Priya General Store - Kondapur Branch,SKU-1043,Raincoat - Adult M,3
2025-01-03,Priya General Store - Kondapur Branch,SKU-2091,Sunscreen SPF50 100ml,16
2025-01-03,Priya General Store - Kondapur Branch,SKU-3087,Diyas - Clay Set of 12,3
2025-01-04,Priya General Store - Kondapur Branch,SKU-1042,Umbrella - Standard 21in,5
2025-01-04,Priya General Store - Kondapur Branch,SKU-1043,Raincoat - Adult M,5
2025-01-04,Priya General Store - Kondapur Branch,SKU-2091,Sunscreen SPF50 100ml,15
2025-01-04,Priya General Store - Kondapur Branch,SKU-3087,Diyas - Clay Set of 12,5
2025-01-05,Priya General Store - Kondapur Branch,SKU-1042,Umbrella - Standard 21in,10
2025-01-05,Priya General Store - Kondapur Branch,SKU-1043,Raincoat - Adult M,5
2025-01-05,Priya General Store - Kondapur Branch,SKU-2091,Sunscreen SPF50 100ml,19
2025-01-05,Priya General Store - Kondapur Branch,SKU-3087,Diyas - Clay Set of 12,1
2025-01-06,Priya General Store - Kondapur Branch,SKU-1042,Umbrella - Standard 21in,11
2025-01-06,Priya General Store - Kondapur Branch,SKU-1043,Raincoat - Adult M,4
2025-01-06,Priya General Store - Kondapur Branch,SKU-2091,Sunscreen SPF50 100ml,11
2025-01-06,Priya General Store - Kondapur Branch,SKU-3087,Diyas - Clay Set of 12,5
2025-01-07,Priya General Store - Kondapur Branch,SKU-1042,Umbrella - Standard 21in,11
2025-01-07,Priya General Store - Kondapur Branch,SKU-1043,Raincoat - Adult M,4
2025-01-07,Priya General Store - Kondapur Branch,SKU-2091,Sunscreen SPF50 100ml,15
2025-01-07,Priya General Store - Kondapur Branch,SKU-3087,Diyas - Clay Set of 12,3
2025-01-08,Priya General Store - Kondapur Branch,SKU-1042,Umbrella - Standard 21in,8
2025-01-08,Priya General Store - Kondapur Branch,SKU-1043,Raincoat - Adult M,3
2025-01-08,Priya General Store - Kondapur Branch,SKU-2091,Sunscreen SPF50 100ml,14
2025-01-08,Priya General Store - Kondapur Branch,SKU-3087,Diyas - Clay Set of 12,2
2025-01-09,Priya General Store - Kondapur Branch,SKU-1042,Umbrella - Standard 21in,5
2025-01-09,Priya General Store - Kondapur Branch,SKU-1043,Raincoat - Adult M,0
2025-01-09,Priya General Store - Kondapur Branch,SKU-2091,Sunscreen SPF50 100ml,12
2025-01-09,Priya General Store - Kondapur Branch,SKU-3087,Diyas - Clay Set of 12,4
2025-01-10,Priya General Store - Kondapur Branch,SKU-1042,Umbrella - Standard 21in,10
2025-01-10,Priya General Store - Kondapur Branch,SKU-1043,Raincoat - Adult M,3
2025-01-10,Priya General Store - Kondapur Branch,SKU-2091,Sunscreen SPF50 100ml,12
2025-01-10,Priya General Store - Kondapur Branch,SKU-3087,Diyas - Clay Set of 12,5
2025-01-11,Priya General Store - Kondapur Branch,SKU-1042,Umbrella - Standard 21in,11
2025-01-11,Priya General Store - Kondapur Branch,SKU-1043,Raincoat - Adult M,6
2025-01-11,Priya General Store - Kondapur Branch,SKU-2091,Sunscreen SPF50 100ml,12
2025-01-11,Priya General Store - Kondapur Branch,SKU-3087,Diyas - Clay Set of 12,5
2025-01-12,Priya General Store - Kondapur Branch,SKU-1042,Umbrella - Standard 21in,10
2025-01-12,Priya General Store - Kondapur Branch,SKU-1043,Raincoat - Adult M,6
2025-01-12,Priya General Store - Kondapur Branch,SKU-2091,Sunscreen SPF50 100ml,13
2025-01-12,Priya General Store - Kondapur Branch,SKU-3087,Diyas - Clay Set of 12,2
2025-01-13,Priya General Store - Kondapur Branch,SKU-1042,Umbrella - Standard 21in,8
2025-01-13,Priya General Store - Kondapur Branch,SKU-1043,Raincoat - Adult M,2
2025-01-13,Priya General Store - Kondapur Branch,SKU-2091,Sunscreen SPF50 100ml,15
2025-01-13,Priya General Store - Kondapur Branch,SKU-3087,Diyas - Clay Set of 12,3
2025-01-14,Priya General Store - Kondapur Branch,SKU-1042,Umbrella - Standard 21in,11
2025-01-14,Priya General Store - Kondapur Branch,SKU-1043,Raincoat - Adult M,2
2025-01-14,Priya General Store - Kondapur Branch,SKU-2091,Sunscreen SPF50 100ml,16
2025-01-14,Priya General Store - Kondapur Branch,SKU-3087,Diyas - Clay Set of 12,3
2025-01-15,Priya General Store - Kondapur Branch,SKU-1042,Umbrella - Standard 21in,7
2025-01-15,Priya General Store - Kondapur Branch,SKU-1043,Raincoat - Adult M,2
2025-01-15,Priya General Store - Kondapur Branch,SKU-2091,Sunscreen SPF50 100ml,14
2025-01-15,Priya General Store - Kondapur Branch,SKU-3087,Diyas - Clay Set of 12,2
2025-01-16,Priya General Store - Kondapur Branch,SKU-1042,Umbrella - Standard 21in,5
2025-01-16,Priya General Store - Kondapur Branch,SKU-1043,Raincoat - Adult M,5
2025-01-16,Priya General Store - Kondapur Branch,SKU-2091,Sunscreen SPF50 100ml,12
2025-01-16,Priya General Store - Kondapur Branch,SKU-3087,Diyas - Clay Set of 12,3
2025-01-17,Priya General Store - Kondapur Branch,SKU-1042,Umbrella - Standard 21in,5
2025-01-17,Priya General Store - Kondapur Branch,SKU-1043,Raincoat - Adult M,4
2025-01-17,Priya General Store - Kondapur Branch,SKU-2091,Sunscreen SPF50 100ml,11
2025-01-17,Priya General Store - Kondapur Branch,SKU-3087,Diyas - Clay Set of 12,2
2025-01-18,Priya General Store - Kondapur Branch,SKU-1042,Umbrella - Standard 21in,5
2025-01-18,Priya General Store - Kondapur Branch,SKU-1043,Raincoat - Adult M,5
2025-01-18,Priya General Store - Kondapur Branch,SKU-2091,Sunscreen SPF50 100ml,16
2025-01-18,Priya General Store - Kondapur Branch,SKU-3087,Diyas - Clay Set of 12,0
2025-01-19,Priya General Store - Kondapur Branch,SKU-1042,Umbrella - Standard 21in,10
2025-01-19,Priya General Store - Kondapur Branch,SKU-1043,Raincoat - Adult M,5
2025-01-19,Priya General Store - Kondapur Branch,SKU-2091,Sunscreen SPF50 100ml,17
2025-01-19,Priya General Store - Kondapur Branch,SKU-3087,Diyas - Clay Set of 12,1
2025-01-20,Priya General Store - Kondapur Branch,SKU-1042,Umbrella - Standard 21in,5
2025-01-20,Priya General Store - Kondapur Branch,SKU-1043,Raincoat - Adult M,5
2025-01-20,Priya General Store - Kondapur Branch,SKU-2091,Sunscreen SPF50 100ml,19
2025-01-20,Priya General Store - Kondapur Branch,SKU-3087,Diyas - Clay Set of 12,3
2025-01-21,Priya General Store - Kondapur Branch,SKU-1042,Umbrella - Standard 21in,7
2025-01-21,Priya General Store - Kondapur Branch,SKU-1043,Raincoat - Adult M,2
2025-01-21,Priya General Store - Kondapur Branch,SKU-2091,Sunscreen SPF50 100ml,16
2025-01-21,Priya General Store - Kondapur Branch,SKU-3087,Diyas - Clay Set of 12,4
2025-01-22,Priya General Store - Kondapur Branch,SKU-1042,Umbrella - Standard 21in,7
2025-01-22,Priya General Store - Kondapur Branch,SKU-1043,Raincoat - Adult M,3
2025-01-22,Priya General Store - Kondapur Branch,SKU-2091,Sunscreen SPF50 100ml,17
2025-01-22,Priya General Store - Kondapur Branch,SKU-3087,Diyas - Clay Set of 12,3
2025-01-23,Priya General Store - Kondapur Branch,SKU-1042,Umbrella - Standard 21in,5
2025-01-23,Priya General Store - Kondapur Branch,SKU-1043,Raincoat - Adult M,4
2025-01-23,Priya General Store - Kondapur Branch,SKU-2091,Sunscreen SPF50 100ml,18
2025-01-23,Priya General Store - Kondapur Branch,SKU-3087,Diyas - Clay Set of 12,2
2025-01-24,Priya General Store - Kondapur Branch,SKU-1042,Umbrella - Standard 21in,5
2025-01-24,Priya General Store - Kondapur Branch,SKU-1043,Raincoat - Adult M,6
2025-01-24,Priya General Store - Kondapur Branch,SKU-2091,Sunscreen SPF50 100ml,17
2025-01-24,Priya General Store - Kondapur Branch,SKU-3087,Diyas - Clay Set of 12,5
2025-01-25,Priya General Store - Kondapur Branch,SKU-1042,Umbrella - Standard 21in,8
2025-01-25,Priya General Store - Kondapur Branch,SKU-1043,Raincoat - Adult M,5
2025-01-25,Priya General Store - Kondapur Branch,SKU-2091,Sunscreen SPF50 100ml,11
2025-01-25,Priya General Store - Kondapur Branch,SKU-3087,Diyas - Clay Set of 12,1
2025-01-26,Priya General Store - Kondapur Branch,SKU-1042,Umbrella - Standard 21in,10
2025-01-26,Priya General Store - Kondapur Branch,SKU-1043,Raincoat - Adult M,2
2025-01-26,Priya General Store - Kondapur Branch,SKU-2091,Sunscreen SPF50 100ml,19
2025-01-26,Priya General Store - Kondapur Branch,SKU-3087,Diyas - Clay Set of 12,5
2025-01-27,Priya General Store - Kondapur Branch,SKU-1042,Umbrella - Standard 21in,9
2025-01-27,Priya General Store - Kondapur Branch,SKU-1043,Raincoat - Adult M,2
2025-01-27,Priya General Store - Kondapur Branch,SKU-2091,Sunscreen SPF50 100ml,13
2025-01-27,Priya General Store - Kondapur Branch,SKU-3087,Diyas - Clay Set of 12,1
2025-01-28,Priya General Store - Kondapur Branch,SKU-1042,Umbrella - Standard 21in,9
2025-01-28,Priya General Store - Kondapur Branch,SKU-1043,Raincoat - Adult M,0
2025-01-28,Priya General Store - Kondapur Branch,SKU-2091,Sunscreen SPF50 100ml,11
2025-01-28,Priya General Store - Kondapur Branch,SKU-3087,Diyas - Clay Set of 12,1
2025-01-29,Priya General Store - Kondapur Branch,SKU-1042,Umbrella - Standard 21in,6
2025-01-29,Priya General Store - Kondapur Branch,SKU-1043,Raincoat - Adult M,2
2025-01-29,Priya General Store - Kondapur Branch,SKU-2091,Sunscreen SPF50 100ml,12
2025-01-29,Priya General Store - Kondapur Branch,SKU-3087,Diyas - Clay Set of 12,5
2025-01-30,Priya General Store - Kondapur Branch,SKU-1042,Umbrella - Standard 21in,6
2025-01-30,Priya General Store - Kondapur Branch,SKU-1043,Raincoat - Adult M,3
2025-01-30,Priya General Store - Kondapur Branch,SKU-2091,Sunscreen SPF50 100ml,17
2025-01-30,Priya General Store - Kondapur Branch,SKU-3087,Diyas - Clay Set of 12,5
2025-01-31,Priya General Store - Kondapur Branch,SKU-1042,Umbrella - Standard 21in,7
2025-01-31,Priya General Store - Kondapur Branch,SKU-1043,Raincoat - Adult M,3
2025-01-31,Priya General Store - Kondapur Branch,SKU-2091,Sunscreen SPF50 100ml,13
2025-01-31,Priya General Store - Kondapur Branch,SKU-3087,Diyas - Clay Set of 12,1
2025-02-01,Priya General Store - Kondapur Branch,SKU-1042,Umbrella - Standard 21in,11
2025-02-01,Priya General Store - Kondapur Branch,SKU-1043,Raincoat - Adult M,4
2025-02-01,Priya General Store - Kondapur Branch,SKU-2091,Sunscreen SPF50 100ml,18
2025-02-01,Priya General Store - Kondapur Branch,SKU-3087,Diyas - Clay Set of 12,5
2025-02-02,Priya General Store - Kondapur Branch,SKU-1042,Umbrella - Standard 21in,5
2025-02-02,Priya General Store - Kondapur Branch,SKU-1043,Raincoat - Adult M,6
2025-02-02,Priya General Store - Kondapur Branch,SKU-2091,Sunscreen SPF50 100ml,13
2025-02-02,Priya General Store - Kondapur Branch,SKU-3087,Diyas - Clay Set of 12,4
2025-02-03,Priya General Store - Kondapur Branch,SKU-1042,Umbrella - Standard 21in,5
2025-02-03,Priya General Store - Kondapur Branch,SKU-1043,Raincoat - Adult M,2
2025-02-03,Priya General Store - Kondapur Branch,SKU-2091,Sunscreen SPF50 100ml,15
2025-02-03,Priya General Store - Kondapur Branch,SKU-3087,Diyas - Clay Set of 12,4
2025-02-04,Priya General Store - Kondapur Branch,SKU-1042,Umbrella - Standard 21in,6
2025-02-04,Priya General Store - Kondapur Branch,SKU-1043,Raincoat - Adult M,4
2025-02-04,Priya General Store - Kondapur Branch,SKU-2091,Sunscreen SPF50 100ml,17
2025-02-04,Priya General Store - Kondapur Branch,SKU-3087,Diyas - Clay Set of 12,2
2025-02-05,Priya General Store - Kondapur Branch,SKU-1042,Umbrella - Standard 21in,5
2025-02-05,Priya General Store - Kondapur Branch,SKU-1043,Raincoat - Adult M,5
2025-02-05,Priya General Store - Kondapur Branch,SKU-2091,Sunscreen SPF50 100ml,12
2025-02-05,Priya General Store - Kondapur Branch,SKU-3087,Diyas - Clay Set of 12,3
2025-02-06,Priya General Store - Kondapur Branch,SKU-1042,Umbrella - Standard 21in,5
2025-02-06,Priya General Store - Kondapur Branch,SKU-1043,Raincoat - Adult M,3
2025-02-06,Priya General Store - Kondapur Branch,SKU-2091,Sunscreen SPF50 100ml,19
2025-02-06,Priya General Store - Kondapur Branch,SKU-3087,Diyas - Clay Set of 12,5
2025-02-07,Priya General Store - Kondapur Branch,SKU-1042,Umbrella - Standard 21in,11
2025-02-07,Priya General Store - Kondapur Branch,SKU-1043,Raincoat - Adult M,6
2025-02-07,Priya General Store - Kondapur Branch,SKU-2091,Sunscreen SPF50 100ml,14
2025-02-07,Priya General Store - Kondapur Branch,SKU-3087,Diyas - Clay Set of 12,2
2025-02-08,Priya General Store - Kondapur Branch,SKU-1042,Umbrella - Standard 21in,6
2025-02-08,Priya General Store - Kondapur Branch,SKU-1043,Raincoat - Adult M,5
2025-02-08,Priya General Store - Kondapur Branch,SKU-2091,Sunscreen SPF50 100ml,13
2025-02-08,Priya General Store - Kondapur Branch,SKU-3087,Diyas - Clay Set of 12,1
2025-02-09,Priya General Store - Kondapur Branch,SKU-1042,Umbrella - Standard 21in,7
2025-02-09,Priya General Store - Kondapur Branch,SKU-1043,Raincoat - Adult M,5
2025-02-09,Priya General Store - Kondapur Branch,SKU-2091,Sunscreen SPF50 100ml,18
2025-02-09,Priya General Store - Kondapur Branch,SKU-3087,Diyas - Clay Set of 12,1
2025-02-10,Priya General Store - Kondapur Branch,SKU-1042,Umbrella - Standard 21in,6
2025-02-10,Priya General Store - Kondapur Branch,SKU-1043,Raincoat - Adult M,2
2025-02-10,Priya General Store - Kondapur Branch,SKU-2091,Sunscreen SPF50 100ml,12
2025-02-10,Priya General Store - Kondapur Branch,SKU-3087,Diyas - Clay Set of 12,2
2025-02-11,Priya General Store - Kondapur Branch,SKU-1042,Umbrella - Standard 21in,9
2025-02-11,Priya General Store - Kondapur Branch,SKU-1043,Raincoat - Adult M,5
2025-02-11,Priya General Store - Kondapur Branch,SKU-2091,Sunscreen SPF50 100ml,16
2025-02-11,Priya General Store - Kondapur Branch,SKU-3087,Diyas - Clay Set of 12,1
2025-02-12,Priya General Store - Kondapur Branch,SKU-1042,Umbrella - Standard 21in,5
2025-02-12,Priya General Store - Kondapur Branch,SKU-1043,Raincoat - Adult M,5
2025-02-12,Priya General Store - Kondapur Branch,SKU-2091,Sunscreen SPF50 100ml,17
2025-02-12,Priya General Store - Kondapur Branch,SKU-3087,Diyas - Clay Set of 12,1
2025-02-13,Priya General Store - Kondapur Branch,SKU-1042,Umbrella - Standard 21in,8
2025-02-13,Priya General Store - Kondapur Branch,SKU-1043,Raincoat - Adult M,5
2025-02-13,Priya General Store - Kondapur Branch,SKU-2091,Sunscreen SPF50 100ml,18
2025-02-13,Priya General Store - Kondapur Branch,SKU-3087,Diyas - Clay Set of 12,3
2025-02-14,Priya General Store - Kondapur Branch,SKU-1042,Umbrella - Standard 21in,10
2025-02-14,Priya General Store - Kondapur Branch,SKU-1043,Raincoat - Adult M,4
2025-02-14,Priya General Store - Kondapur Branch,SKU-2091,Sunscreen SPF50 100ml,14
2025-02-14,Priya General Store - Kondapur Branch,SKU-3087,Diyas - Clay Set of 12,1
2025-02-15,Priya General Store - Kondapur Branch,SKU-1042,Umbrella - Standard 21in,5
2025-02-15,Priya General Store - Kondapur Branch,SKU-1043,Raincoat - Adult M,2
2025-02-15,Priya General Store - Kondapur Branch,SKU-2091,Sunscreen SPF50 100ml,18
2025-02-15,Priya General Store - Kondapur Branch,SKU-3087,Diyas - Clay Set of 12,3
2025-02-16,Priya General Store - Kondapur Branch,SKU-1042,Umbrella - Standard 21in,7
2025-02-16,Priya General Store - Kondapur Branch,SKU-1043,Raincoat - Adult M,6
2025-02-16,Priya General Store - Kondapur Branch,SKU-2091,Sunscreen SPF50 100ml,19
2025-02-16,Priya General Store - Kondapur Branch,SKU-3087,Diyas - Clay Set of 12,1
2025-02-17,Priya General Store - Kondapur Branch,SKU-1042,Umbrella - Standard 21in,9
2025-02-17,Priya General Store - Kondapur Branch,SKU-1043,Raincoat - Adult M,3
2025-02-17,Priya General Store - Kondapur Branch,SKU-2091,Sunscreen SPF50 100ml,18
2025-02-17,Priya General Store - Kondapur Branch,SKU-3087,Diyas - Clay Set of 12,4
2025-02-18,Priya General Store - Kondapur Branch,SKU-1042,Umbrella - Standard 21in,6
2025-02-18,Priya General Store - Kondapur Branch,SKU-1043,Raincoat - Adult M,5
2025-02-18,Priya General Store - Kondapur Branch,SKU-2091,Sunscreen SPF50 100ml,13
2025-02-18,Priya General Store - Kondapur Branch,SKU-3087,Diyas - Clay Set of 12,1
2025-02-19,Priya General Store - Kondapur Branch,SKU-1042,Umbrella - Standard 21in,5
2025-02-19,Priya General Store - Kondapur Branch,SKU-1043,Raincoat - Adult M,5
2025-02-19,Priya General Store - Kondapur Branch,SKU-2091,Sunscreen SPF50 100ml,19
2025-02-19,Priya General Store - Kondapur Branch,SKU-3087,Diyas - Clay Set of 12,5
2025-02-20,Priya General Store - Kondapur Branch,SKU-1042,Umbrella - Standard 21in,11
2025-02-20,Priya General Store - Kondapur Branch,SKU-1043,Raincoat - Adult M,2
2025-02-20,Priya General Store - Kondapur Branch,SKU-2091,Sunscreen SPF50 100ml,14
2025-02-20,Priya General Store - Kondapur Branch,SKU-3087,Diyas - Clay Set of 12,1
2025-02-21,Priya General Store - Kondapur Branch,SKU-1042,Umbrella - Standard 21in,8
2025-02-21,Priya General Store - Kondapur Branch,SKU-1043,Raincoat - Adult M,3
2025-02-21,Priya General Store - Kondapur Branch,SKU-2091,Sunscreen SPF50 100ml,14
2025-02-21,Priya General Store - Kondapur Branch,SKU-3087,Diyas - Clay Set of 12,1
2025-02-22,Priya General Store - Kondapur Branch,SKU-1042,Umbrella - Standard 21in,10
2025-02-22,Priya General Store - Kondapur Branch,SKU-1043,Raincoat - Adult M,5
2025-02-22,Priya General Store - Kondapur Branch,SKU-2091,Sunscreen SPF50 100ml,11
2025-02-22,Priya General Store - Kondapur Branch,SKU-3087,Diyas - Clay Set of 12,4
2025-02-23,Priya General Store - Kondapur Branch,SKU-1042,Umbrella - Standard 21in,11
2025-02-23,Priya General Store - Kondapur Branch,SKU-1043,Raincoat - Adult M,3
2025-02-23,Priya General Store - Kondapur Branch,SKU-2091,Sunscreen SPF50 100ml,16
2025-02-23,Priya General Store - Kondapur Branch,SKU-3087,Diyas - Clay Set of 12,1
2025-02-24,Priya General Store - Kondapur Branch,SKU-1042,Umbrella - Standard 21in,5
2025-02-24,Priya General Store - Kondapur Branch,SKU-1043,Raincoat - Adult M,4
2025-02-24,Priya General Store - Kondapur Branch,SKU-2091,Sunscreen SPF50 100ml,19
2025-02-24,Priya General Store - Kondapur Branch,SKU-3087,Diyas - Clay Set of 12,5
2025-02-25,Priya General Store - Kondapur Branch,SKU-1042,Umbrella - Standard 21in,11
2025-02-25,Priya General Store - Kondapur Branch,SKU-1043,Raincoat - Adult M,2
2025-02-25,Priya General Store - Kondapur Branch,SKU-2091,Sunscreen SPF50 100ml,16
2025-02-25,Priya General Store - Kondapur Branch,SKU-3087,Diyas - Clay Set of 12,3
2025-02-26,Priya General Store - Kondapur Branch,SKU-1042,Umbrella - Standard 21in,5
2025-02-26,Priya General Store - Kondapur Branch,SKU-1043,Raincoat - Adult M,5
2025-02-26,Priya General Store - Kondapur Branch,SKU-2091,Sunscreen SPF50 100ml,20
2025-02-26,Priya General Store - Kondapur Branch,SKU-3087,Diyas - Clay Set of 12,1
2025-02-27,Priya General Store - Kondapur Branch,SKU-1042,Umbrella - Standard 21in,11
2025-02-27,Priya General Store - Kondapur Branch,SKU-1043,Raincoat - Adult M,4
2025-02-27,Priya General Store - Kondapur Branch,SKU-2091,Sunscreen SPF50 100ml,12
2025-02-27,Priya General Store - Kondapur Branch,SKU-3087,Diyas - Clay Set of 12,5
2025-02-28,Priya General Store - Kondapur Branch,SKU-1042,Umbrella - Standard 21in,10
2025-02-28,Priya General Store - Kondapur Branch,SKU-1043,Raincoat - Adult M,3
2025-02-28,Priya General Store - Kondapur Branch,SKU-2091,Sunscreen SPF50 100ml,19
2025-02-28,Priya General Store - Kondapur Branch,SKU-3087,Diyas - Clay Set of 12,1
2025-03-01,Priya General Store - Kondapur Branch,SKU-1042,Umbrella - Standard 21in,7
2025-03-01,Priya General Store - Kondapur Branch,SKU-1043,Raincoat - Adult M,6
2025-03-01,Priya General Store - Kondapur Branch,SKU-2091,Sunscreen SPF50 100ml,21
2025-03-01,Priya General Store - Kondapur Branch,SKU-3087,Diyas - Clay Set of 12,5
2025-03-02,Priya General Store - Kondapur Branch,SKU-1042,Umbrella - Standard 21in,8
2025-03-02,Priya General Store - Kondapur Branch,SKU-1043,Raincoat - Adult M,2
2025-03-02,Priya General Store - Kondapur Branch,SKU-2091,Sunscreen SPF50 100ml,28
2025-03-02,Priya General Store - Kondapur Branch,SKU-3087,Diyas - Clay Set of 12,2
2025-03-03,Priya General Store - Kondapur Branch,SKU-1042,Umbrella - Standard 21in,5
2025-03-03,Priya General Store - Kondapur Branch,SKU-1043,Raincoat - Adult M,4
2025-03-03,Priya General Store - Kondapur Branch,SKU-2091,Sunscreen SPF50 100ml,24
2025-03-03,Priya General Store - Kondapur Branch,SKU-3087,Diyas - Clay Set of 12,2
2025-03-04,Priya General Store - Kondapur Branch,SKU-1042,Umbrella - Standard 21in,10
2025-03-04,Priya General Store - Kondapur Branch,SKU-1043,Raincoat - Adult M,5
2025-03-04,Priya General Store - Kondapur Branch,SKU-2091,Sunscreen SPF50 100ml,32
2025-03-04,Priya General Store - Kondapur Branch,SKU-3087,Diyas - Clay Set of 12,4
2025-03-05,Priya General Store - Kondapur Branch,SKU-1042,Umbrella - Standard 21in,10
2025-03-05,Priya General Store - Kondapur Branch,SKU-1043,Raincoat - Adult M,3
2025-03-05,Priya General Store - Kondapur Branch,SKU-2091,Sunscreen SPF50 100ml,27
2025-03-05,Priya General Store - Kondapur Branch,SKU-3087,Diyas - Clay Set of 12,4
2025-03-06,Priya General Store - Kondapur Branch,SKU-1042,Umbrella - Standard 21in,10
2025-03-06,Priya General Store - Kondapur Branch,SKU-1043,Raincoat - Adult M,4
2025-03-06,Priya General Store - Kondapur Branch,SKU-2091,Sunscreen SPF50 100ml,36
2025-03-06,Priya General Store - Kondapur Branch,SKU-3087,Diyas - Clay Set of 12,3
2025-03-07,Priya General Store - Kondapur Branch,SKU-1042,Umbrella - Standard 21in,11
2025-03-07,Priya General Store - Kondapur Branch,SKU-1043,Raincoat - Adult M,4
2025-03-07,Priya General Store - Kondapur Branch,SKU-2091,Sunscreen SPF50 100ml,29
2025-03-07,Priya General Store - Kondapur Branch,SKU-3087,Diyas - Clay Set of 12,1
2025-03-08,Priya General Store - Kondapur Branch,SKU-1042,Umbrella - Standard 21in,7
2025-03-08,Priya General Store - Kondapur Branch,SKU-1043,Raincoat - Adult M,3
2025-03-08,Priya General Store - Kondapur Branch,SKU-2091,Sunscreen SPF50 100ml,26
2025-03-08,Priya General Store - Kondapur Branch,SKU-3087,Diyas - Clay Set of 12,2
2025-03-09,Priya General Store - Kondapur Branch,SKU-1042,Umbrella - Standard 21in,10
2025-03-09,Priya General Store - Kondapur Branch,SKU-1043,Raincoat - Adult M,3
2025-03-09,Priya General Store - Kondapur Branch,SKU-2091,Sunscreen SPF50 100ml,21
2025-03-09,Priya General Store - Kondapur Branch,SKU-3087,Diyas - Clay Set of 12,5
2025-03-10,Priya General Store - Kondapur Branch,SKU-1042,Umbrella - Standard 21in,7
2025-03-10,Priya General Store - Kondapur Branch,SKU-1043,Raincoat - Adult M,3
2025-03-10,Priya General Store - Kondapur Branch,SKU-2091,Sunscreen SPF50 100ml,21
2025-03-10,Priya General Store - Kondapur Branch,SKU-3087,Diyas - Clay Set of 12,2
2025-03-11,Priya General Store - Kondapur Branch,SKU-1042,Umbrella - Standard 21in,9
2025-03-11,Priya General Store - Kondapur Branch,SKU-1043,Raincoat - Adult M,6
2025-03-11,Priya General Store - Kondapur Branch,SKU-2091,Sunscreen SPF50 100ml,22
2025-03-11,Priya General Store - Kondapur Branch,SKU-3087,Diyas - Clay Set of 12,2
2025-03-12,Priya General Store - Kondapur Branch,SKU-1042,Umbrella - Standard 21in,7
2025-03-12,Priya General Store - Kondapur Branch,SKU-1043,Raincoat - Adult M,6
2025-03-12,Priya General Store - Kondapur Branch,SKU-2091,Sunscreen SPF50 100ml,31
2025-03-12,Priya General Store - Kondapur Branch,SKU-3087,Diyas - Clay Set of 12,3
2025-03-13,Priya General Store - Kondapur Branch,SKU-1042,Umbrella - Standard 21in,11
2025-03-13,Priya General Store - Kondapur Branch,SKU-1043,Raincoat - Adult M,6
2025-03-13,Priya General Store - Kondapur Branch,SKU-2091,Sunscreen SPF50 100ml,35
2025-03-13,Priya General Store - Kondapur Branch,SKU-3087,Diyas - Clay Set of 12,4
2025-03-14,Priya General Store - Kondapur Branch,SKU-1042,Umbrella - Standard 21in,6
2025-03-14,Priya General Store - Kondapur Branch,SKU-1043,Raincoat - Adult M,2
2025-03-14,Priya General Store - Kondapur Branch,SKU-2091,Sunscreen SPF50 100ml,35
2025-03-14,Priya General Store - Kondapur Branch,SKU-3087,Diyas - Clay Set of 12,4
2025-03-15,Priya General Store - Kondapur Branch,SKU-1042,Umbrella - Standard 21in,7
2025-03-15,Priya General Store - Kondapur Branch,SKU-1043,Raincoat - Adult M,3
2025-03-15,Priya General Store - Kondapur Branch,SKU-2091,Sunscreen SPF50 100ml,28
2025-03-15,Priya General Store - Kondapur Branch,SKU-3087,Diyas - Clay Set of 12,1
2025-03-16,Priya General Store - Kondapur Branch,SKU-1042,Umbrella - Standard 21in,8
2025-03-16,Priya General Store - Kondapur Branch,SKU-1043,Raincoat - Adult M,2
2025-03-16,Priya General Store - Kondapur Branch,SKU-2091,Sunscreen SPF50 100ml,33
2025-03-16,Priya General Store - Kondapur Branch,SKU-3087,Diyas - Clay Set of 12,5
2025-03-17,Priya General Store - Kondapur Branch,SKU-1042,Umbrella - Standard 21in,5
2025-03-17,Priya General Store - Kondapur Branch,SKU-1043,Raincoat - Adult M,4
2025-03-17,Priya General Store - Kondapur Branch,SKU-2091,Sunscreen SPF50 100ml,35
2025-03-17,Priya General Store - Kondapur Branch,SKU-3087,Diyas - Clay Set of 12,1
2025-03-18,Priya General Store - Kondapur Branch,SKU-1042,Umbrella - Standard 21in,7
2025-03-18,Priya General Store - Kondapur Branch,SKU-1043,Raincoat - Adult M,5
2025-03-18,Priya General Store - Kondapur Branch,SKU-2091,Sunscreen SPF50 100ml,24
2025-03-18,Priya General Store - Kondapur Branch,SKU-3087,Diyas - Clay Set of 12,4
2025-03-19,Priya General Store - Kondapur Branch,SKU-1042,Umbrella - Standard 21in,8
2025-03-19,Priya General Store - Kondapur Branch,SKU-1043,Raincoat - Adult M,4
2025-03-19,Priya General Store - Kondapur Branch,SKU-2091,Sunscreen SPF50 100ml,37
2025-03-19,Priya General Store - Kondapur Branch,SKU-3087,Diyas - Clay Set of 12,5
2025-03-20,Priya General Store - Kondapur Branch,SKU-1042,Umbrella - Standard 21in,6
2025-03-20,Priya General Store - Kondapur Branch,SKU-1043,Raincoat - Adult M,5
2025-03-20,Priya General Store - Kondapur Branch,SKU-2091,Sunscreen SPF50 100ml,39
2025-03-20,Priya General Store - Kondapur Branch,SKU-3087,Diyas - Clay Set of 12,5
2025-03-21,Priya General Store - Kondapur Branch,SKU-1042,Umbrella - Standard 21in,0
2025-03-21,Priya General Store - Kondapur Branch,SKU-1043,Raincoat - Adult M,4
2025-03-21,Priya General Store - Kondapur Branch,SKU-2091,Sunscreen SPF50 100ml,40
2025-03-21,Priya General Store - Kondapur Branch,SKU-3087,Diyas - Clay Set of 12,2
2025-03-22,Priya General Store - Kondapur Branch,SKU-1042,Umbrella - Standard 21in,11
2025-03-22,Priya General Store - Kondapur Branch,SKU-1043,Raincoat - Adult M,6
2025-03-22,Priya General Store - Kondapur Branch,SKU-2091,Sunscreen SPF50 100ml,32
2025-03-22,Priya General Store - Kondapur Branch,SKU-3087,Diyas - Clay Set of 12,5
2025-03-23,Priya General Store - Kondapur Branch,SKU-1042,Umbrella - Standard 21in,6
2025-03-23,Priya General Store - Kondapur Branch,SKU-1043,Raincoat - Adult M,2
2025-03-23,Priya General Store - Kondapur Branch,SKU-2091,Sunscreen SPF50 100ml,31
2025-03-23,Priya General Store - Kondapur Branch,SKU-3087,Diyas - Clay Set of 12,3
2025-03-24,Priya General Store - Kondapur Branch,SKU-1042,Umbrella - Standard 21in,8
2025-03-24,Priya General Store - Kondapur Branch,SKU-1043,Raincoat - Adult M,3
2025-03-24,Priya General Store - Kondapur Branch,SKU-2091,Sunscreen SPF50 100ml,31
2025-03-24,Priya General Store - Kondapur Branch,SKU-3087,Diyas - Clay Set of 12,1
2025-03-25,Priya General Store - Kondapur Branch,SKU-1042,Umbrella - Standard 21in,7
2025-03-25,Priya General Store - Kondapur Branch,SKU-1043,Raincoat - Adult M,6
2025-03-25,Priya General Store - Kondapur Branch,SKU-2091,Sunscreen SPF50 100ml,30
2025-03-25,Priya General Store - Kondapur Branch,SKU-3087,Diyas - Clay Set of 12,1
2025-03-26,Priya General Store - Kondapur Branch,SKU-1042,Umbrella - Standard 21in,10
2025-03-26,Priya General Store - Kondapur Branch,SKU-1043,Raincoat - Adult M,4
2025-03-26,Priya General Store - Kondapur Branch,SKU-2091,Sunscreen SPF50 100ml,21
2025-03-26,Priya General Store - Kondapur Branch,SKU-3087,Diyas - Clay Set of 12,2
2025-03-27,Priya General Store - Kondapur Branch,SKU-1042,Umbrella - Standard 21in,5
2025-03-27,Priya General Store - Kondapur Branch,SKU-1043,Raincoat - Adult M,5
2025-03-27,Priya General Store - Kondapur Branch,SKU-2091,Sunscreen SPF50 100ml,28
2025-03-27,Priya General Store - Kondapur Branch,SKU-3087,Diyas - Clay Set of 12,5
2025-03-28,Priya General Store - Kondapur Branch,SKU-1042,Umbrella - Standard 21in,5
2025-03-28,Priya General Store - Kondapur Branch,SKU-1043,Raincoat - Adult M,3
2025-03-28,Priya General Store - Kondapur Branch,SKU-2091,Sunscreen SPF50 100ml,27
2025-03-28,Priya General Store - Kondapur Branch,SKU-3087,Diyas - Clay Set of 12,3
2025-03-29,Priya General Store - Kondapur Branch,SKU-1042,Umbrella - Standard 21in,10
2025-03-29,Priya General Store - Kondapur Branch,SKU-1043,Raincoat - Adult M,4
2025-03-29,Priya General Store - Kondapur Branch,SKU-2091,Sunscreen SPF50 100ml,28
2025-03-29,Priya General Store - Kondapur Branch,SKU-3087,Diyas - Clay Set of 12,3
2025-03-30,Priya General Store - Kondapur Branch,SKU-1042,Umbrella - Standard 21in,5
2025-03-30,Priya General Store - Kondapur Branch,SKU-1043,Raincoat - Adult M,4
2025-03-30,Priya General Store - Kondapur Branch,SKU-2091,Sunscreen SPF50 100ml,34
2025-03-30,Priya General Store - Kondapur Branch,SKU-3087,Diyas - Clay Set of 12,2
2025-03-31,Priya General Store - Kondapur Branch,SKU-1042,Umbrella - Standard 21in,6
2025-03-31,Priya General Store - Kondapur Branch,SKU-1043,Raincoat - Adult M,3
2025-03-31,Priya General Store - Kondapur Branch,SKU-2091,Sunscreen SPF50 100ml,36
2025-03-31,Priya General Store - Kondapur Branch,SKU-3087,Diyas - Clay Set of 12,5
2025-04-01,Priya General Store - Kondapur Branch,SKU-1042,Umbrella - Standard 21in,10
2025-04-01,Priya General Store - Kondapur Branch,SKU-1043,Raincoat - Adult M,2
2025-04-01,Priya General Store - Kondapur Branch,SKU-2091,Sunscreen SPF50 100ml,20
2025-04-01,Priya General Store - Kondapur Branch,SKU-3087,Diyas - Clay Set of 12,1
2025-04-02,Priya General Store - Kondapur Branch,SKU-1042,Umbrella - Standard 21in,7
2025-04-02,Priya General Store - Kondapur Branch,SKU-1043,Raincoat - Adult M,3
2025-04-02,Priya General Store - Kondapur Branch,SKU-2091,Sunscreen SPF50 100ml,33
2025-04-02,Priya General Store - Kondapur Branch,SKU-3087,Diyas - Clay Set of 12,3
2025-04-03,Priya General Store - Kondapur Branch,SKU-1042,Umbrella - Standard 21in,11
2025-04-03,Priya General Store - Kondapur Branch,SKU-1043,Raincoat - Adult M,3
2025-04-03,Priya General Store - Kondapur Branch,SKU-2091,Sunscreen SPF50 100ml,22
2025-04-03,Priya General Store - Kondapur Branch,SKU-3087,Diyas - Clay Set of 12,2
2025-04-04,Priya General Store - Kondapur Branch,SKU-1042,Umbrella - Standard 21in,5
2025-04-04,Priya General Store - Kondapur Branch,SKU-1043,Raincoat - Adult M,2
2025-04-04,Priya General Store - Kondapur Branch,SKU-2091,Sunscreen SPF50 100ml,32
2025-04-04,Priya General Store - Kondapur Branch,SKU-3087,Diyas - Clay Set of 12,1
2025-04-05,Priya General Store - Kondapur Branch,SKU-1042,Umbrella - Standard 21in,10
2025-04-05,Priya General Store - Kondapur Branch,SKU-1043,Raincoat - Adult M,2
2025-04-05,Priya General Store - Kondapur Branch,SKU-2091,Sunscreen SPF50 100ml,23
2025-04-05,Priya General Store - Kondapur Branch,SKU-3087,Diyas - Clay Set of 12,1
2025-04-06,Priya General Store - Kondapur Branch,SKU-1042,Umbrella - Standard 21in,11
2025-04-06,Priya General Store - Kondapur Branch,SKU-1043,Raincoat - Adult M,6
2025-04-06,Priya General Store - Kondapur Branch,SKU-2091,Sunscreen SPF50 100ml,23
2025-04-06,Priya General Store - Kondapur Branch,SKU-3087,Diyas - Clay Set of 12,1
2025-04-07,Priya General Store - Kondapur Branch,SKU-1042,Umbrella - Standard 21in,11
2025-04-07,Priya General Store - Kondapur Branch,SKU-1043,Raincoat - Adult M,4
2025-04-07,Priya General Store - Kondapur Branch,SKU-2091,Sunscreen SPF50 100ml,26
2025-04-07,Priya General Store - Kondapur Branch,SKU-3087,Diyas - Clay Set of 12,5
2025-04-08,Priya General Store - Kondapur Branch,SKU-1042,Umbrella - Standard 21in,9
2025-04-08,Priya General Store - Kondapur Branch,SKU-1043,Raincoat - Adult M,6
2025-04-08,Priya General Store - Kondapur Branch,SKU-2091,Sunscreen SPF50 100ml,20
2025-04-08,Priya General Store - Kondapur Branch,SKU-3087,Diyas - Clay Set of 12,2
2025-04-09,Priya General Store - Kondapur Branch,SKU-1042,Umbrella - Standard 21in,6
2025-04-09,Priya General Store - Kondapur Branch,SKU-1043,Raincoat - Adult M,0
2025-04-09,Priya General Store - Kondapur Branch,SKU-2091,Sunscreen SPF50 100ml,19
2025-04-09,Priya General Store - Kondapur Branch,SKU-3087,Diyas - Clay Set of 12,4
2025-04-10,Priya General Store - Kondapur Branch,SKU-1042,Umbrella - Standard 21in,9
2025-04-10,Priya General Store - Kondapur Branch,SKU-1043,Raincoat - Adult M,2
2025-04-10,Priya General Store - Kondapur Branch,SKU-2091,Sunscreen SPF50 100ml,26
2025-04-10,Priya General Store - Kondapur Branch,SKU-3087,Diyas - Clay Set of 12,5
2025-04-11,Priya General Store - Kondapur Branch,SKU-1042,Umbrella - Standard 21in,5
2025-04-11,Priya General Store - Kondapur Branch,SKU-1043,Raincoat - Adult M,4
2025-04-11,Priya General Store - Kondapur Branch,SKU-2091,Sunscreen SPF50 100ml,21
2025-04-11,Priya General Store - Kondapur Branch,SKU-3087,Diyas - Clay Set of 12,3
2025-04-12,Priya General Store - Kondapur Branch,SKU-1042,Umbrella - Standard 21in,9
2025-04-12,Priya General Store - Kondapur Branch,SKU-1043,Raincoat - Adult M,2
2025-04-12,Priya General Store - Kondapur Branch,SKU-2091,Sunscreen SPF50 100ml,20
2025-04-12,Priya General Store - Kondapur Branch,SKU-3087,Diyas - Clay Set of 12,5
2025-04-13,Priya General Store - Kondapur Branch,SKU-1042,Umbrella - Standard 21in,10
2025-04-13,Priya General Store - Kondapur Branch,SKU-1043,Raincoat - Adult M,5
2025-04-13,Priya General Store - Kondapur Branch,SKU-2091,Sunscreen SPF50 100ml,26
2025-04-13,Priya General Store - Kondapur Branch,SKU-3087,Diyas - Clay Set of 12,4
2025-04-14,Priya General Store - Kondapur Branch,SKU-1042,Umbrella - Standard 21in,5
2025-04-14,Priya General Store - Kondapur Branch,SKU-1043,Raincoat - Adult M,5
2025-04-14,Priya General Store - Kondapur Branch,SKU-2091,Sunscreen SPF50 100ml,0
2025-04-14,Priya General Store - Kondapur Branch,SKU-3087,Diyas - Clay Set of 12,4
2025-04-15,Priya General Store - Kondapur Branch,SKU-1042,Umbrella - Standard 21in,8
2025-04-15,Priya General Store - Kondapur Branch,SKU-1043,Raincoat - Adult M,2
2025-04-15,Priya General Store - Kondapur Branch,SKU-2091,Sunscreen SPF50 100ml,26
2025-04-15,Priya General Store - Kondapur Branch,SKU-3087,Diyas - Clay Set of 12,1
2025-04-16,Priya General Store - Kondapur Branch,SKU-1042,Umbrella - Standard 21in,6
2025-04-16,Priya General Store - Kondapur Branch,SKU-1043,Raincoat - Adult M,3
2025-04-16,Priya General Store - Kondapur Branch,SKU-2091,Sunscreen SPF50 100ml,23
2025-04-16,Priya General Store - Kondapur Branch,SKU-3087,Diyas - Clay Set of 12,4
2025-04-17,Priya General Store - Kondapur Branch,SKU-1042,Umbrella - Standard 21in,7
2025-04-17,Priya General Store - Kondapur Branch,SKU-1043,Raincoat - Adult M,6
2025-04-17,Priya General Store - Kondapur Branch,SKU-2091,Sunscreen SPF50 100ml,25
2025-04-17,Priya General Store - Kondapur Branch,SKU-3087,Diyas - Clay Set of 12,5
2025-04-18,Priya General Store - Kondapur Branch,SKU-1042,Umbrella - Standard 21in,8
2025-04-18,Priya General Store - Kondapur Branch,SKU-1043,Raincoat - Adult M,3
2025-04-18,Priya General Store - Kondapur Branch,SKU-2091,Sunscreen SPF50 100ml,16
2025-04-18,Priya General Store - Kondapur Branch,SKU-3087,Diyas - Clay Set of 12,4
2025-04-19,Priya General Store - Kondapur Branch,SKU-1042,Umbrella - Standard 21in,6
2025-04-19,Priya General Store - Kondapur Branch,SKU-1043,Raincoat - Adult M,2
2025-04-19,Priya General Store - Kondapur Branch,SKU-2091,Sunscreen SPF50 100ml,24
2025-04-19,Priya General Store - Kondapur Branch,SKU-3087,Diyas - Clay Set of 12,4
2025-04-20,Priya General Store - Kondapur Branch,SKU-1042,Umbrella - Standard 21in,7
2025-04-20,Priya General Store - Kondapur Branch,SKU-1043,Raincoat - Adult M,6
2025-04-20,Priya General Store - Kondapur Branch,SKU-2091,Sunscreen SPF50 100ml,20
2025-04-20,Priya General Store - Kondapur Branch,SKU-3087,Diyas - Clay Set of 12,4
2025-04-21,Priya General Store - Kondapur Branch,SKU-1042,Umbrella - Standard 21in,10
2025-04-21,Priya General Store - Kondapur Branch,SKU-1043,Raincoat - Adult M,6
2025-04-21,Priya General Store - Kondapur Branch,SKU-2091,Sunscreen SPF50 100ml,25
2025-04-21,Priya General Store - Kondapur Branch,SKU-3087,Diyas - Clay Set of 12,1
2025-04-22,Priya General Store - Kondapur Branch,SKU-1042,Umbrella - Standard 21in,5
2025-04-22,Priya General Store - Kondapur Branch,SKU-1043,Raincoat - Adult M,4
2025-04-22,Priya General Store - Kondapur Branch,SKU-2091,Sunscreen SPF50 100ml,27
2025-04-22,Priya General Store - Kondapur Branch,SKU-3087,Diyas - Clay Set of 12,2
2025-04-23,Priya General Store - Kondapur Branch,SKU-1042,Umbrella - Standard 21in,11
2025-04-23,Priya General Store - Kondapur Branch,SKU-1043,Raincoat - Adult M,3
2025-04-23,Priya General Store - Kondapur Branch,SKU-2091,Sunscreen SPF50 100ml,19
2025-04-23,Priya General Store - Kondapur Branch,SKU-3087,Diyas - Clay Set of 12,4
2025-04-24,Priya General Store - Kondapur Branch,SKU-1042,Umbrella - Standard 21in,9
2025-04-24,Priya General Store - Kondapur Branch,SKU-1043,Raincoat - Adult M,6
2025-04-24,Priya General Store - Kondapur Branch,SKU-2091,Sunscreen SPF50 100ml,27
2025-04-24,Priya General Store - Kondapur Branch,SKU-3087,Diyas - Clay Set of 12,2
2025-04-25,Priya General Store - Kondapur Branch,SKU-1042,Umbrella - Standard 21in,8
2025-04-25,Priya General Store - Kondapur Branch,SKU-1043,Raincoat - Adult M,6
2025-04-25,Priya General Store - Kondapur Branch,SKU-2091,Sunscreen SPF50 100ml,23
2025-04-25,Priya General Store - Kondapur Branch,SKU-3087,Diyas - Clay Set of 12,1
2025-04-26,Priya General Store - Kondapur Branch,SKU-1042,Umbrella - Standard 21in,6
2025-04-26,Priya General Store - Kondapur Branch,SKU-1043,Raincoat - Adult M,4
2025-04-26,Priya General Store - Kondapur Branch,SKU-2091,Sunscreen SPF50 100ml,16
2025-04-26,Priya General Store - Kondapur Branch,SKU-3087,Diyas - Clay Set of 12,4
2025-04-27,Priya General Store - Kondapur Branch,SKU-1042,Umbrella - Standard 21in,7
2025-04-27,Priya General Store - Kondapur Branch,SKU-1043,Raincoat - Adult M,2
2025-04-27,Priya General Store - Kondapur Branch,SKU-2091,Sunscreen SPF50 100ml,19
2025-04-27,Priya General Store - Kondapur Branch,SKU-3087,Diyas - Clay Set of 12,5
2025-04-28,Priya General Store - Kondapur Branch,SKU-1042,Umbrella - Standard 21in,10
2025-04-28,Priya General Store - Kondapur Branch,SKU-1043,Raincoat - Adult M,4
2025-04-28,Priya General Store - Kondapur Branch,SKU-2091,Sunscreen SPF50 100ml,17
2025-04-28,Priya General Store - Kondapur Branch,SKU-3087,Diyas - Clay Set of 12,1
2025-04-29,Priya General Store - Kondapur Branch,SKU-1042,Umbrella - Standard 21in,11
2025-04-29,Priya General Store - Kondapur Branch,SKU-1043,Raincoat - Adult M,6
2025-04-29,Priya General Store - Kondapur Branch,SKU-2091,Sunscreen SPF50 100ml,19
2025-04-29,Priya General Store - Kondapur Branch,SKU-3087,Diyas - Clay Set of 12,5
2025-04-30,Priya General Store - Kondapur Branch,SKU-1042,Umbrella - Standard 21in,7
2025-04-30,Priya General Store - Kondapur Branch,SKU-1043,Raincoat - Adult M,5
2025-04-30,Priya General Store - Kondapur Branch,SKU-2091,Sunscreen SPF50 100ml,18
2025-04-30,Priya General Store - Kondapur Branch,SKU-3087,Diyas - Clay Set of 12,2
2025-05-01,Priya General Store - Kondapur Branch,SKU-1042,Umbrella - Standard 21in,9
2025-05-01,Priya General Store - Kondapur Branch,SKU-1043,Raincoat - Adult M,4
2025-05-01,Priya General Store - Kondapur Branch,SKU-2091,Sunscreen SPF50 100ml,15
2025-05-01,Priya General Store - Kondapur Branch,SKU-3087,Diyas - Clay Set of 12,4
2025-05-02,Priya General Store - Kondapur Branch,SKU-1042,Umbrella - Standard 21in,10
2025-05-02,Priya General Store - Kondapur Branch,SKU-1043,Raincoat - Adult M,2
2025-05-02,Priya General Store - Kondapur Branch,SKU-2091,Sunscreen SPF50 100ml,19
2025-05-02,Priya General Store - Kondapur Branch,SKU-3087,Diyas - Clay Set of 12,3
2025-05-03,Priya General Store - Kondapur Branch,SKU-1042,Umbrella - Standard 21in,9
2025-05-03,Priya General Store - Kondapur Branch,SKU-1043,Raincoat - Adult M,3
2025-05-03,Priya General Store - Kondapur Branch,SKU-2091,Sunscreen SPF50 100ml,12
2025-05-03,Priya General Store - Kondapur Branch,SKU-3087,Diyas - Clay Set of 12,5
2025-05-04,Priya General Store - Kondapur Branch,SKU-1042,Umbrella - Standard 21in,7
2025-05-04,Priya General Store - Kondapur Branch,SKU-1043,Raincoat - Adult M,6
2025-05-04,Priya General Store - Kondapur Branch,SKU-2091,Sunscreen SPF50 100ml,18
2025-05-04,Priya General Store - Kondapur Branch,SKU-3087,Diyas - Clay Set of 12,3
2025-05-05,Priya General Store - Kondapur Branch,SKU-1042,Umbrella - Standard 21in,10
2025-05-05,Priya General Store - Kondapur Branch,SKU-1043,Raincoat - Adult M,6
2025-05-05,Priya General Store - Kondapur Branch,SKU-2091,Sunscreen SPF50 100ml,17
2025-05-05,Priya General Store - Kondapur Branch,SKU-3087,Diyas - Clay Set of 12,3
2025-05-06,Priya General Store - Kondapur Branch,SKU-1042,Umbrella - Standard 21in,8
2025-05-06,Priya General Store - Kondapur Branch,SKU-1043,Raincoat - Adult M,6
2025-05-06,Priya General Store - Kondapur Branch,SKU-2091,Sunscreen SPF50 100ml,19
2025-05-06,Priya General Store - Kondapur Branch,SKU-3087,Diyas - Clay Set of 12,1
2025-05-07,Priya General Store - Kondapur Branch,SKU-1042,Umbrella - Standard 21in,9
2025-05-07,Priya General Store - Kondapur Branch,SKU-1043,Raincoat - Adult M,6
2025-05-07,Priya General Store - Kondapur Branch,SKU-2091,Sunscreen SPF50 100ml,18
2025-05-07,Priya General Store - Kondapur Branch,SKU-3087,Diyas - Clay Set of 12,5
2025-05-08,Priya General Store - Kondapur Branch,SKU-1042,Umbrella - Standard 21in,11
2025-05-08,Priya General Store - Kondapur Branch,SKU-1043,Raincoat - Adult M,5
2025-05-08,Priya General Store - Kondapur Branch,SKU-2091,Sunscreen SPF50 100ml,11
2025-05-08,Priya General Store - Kondapur Branch,SKU-3087,Diyas - Clay Set of 12,3
2025-05-09,Priya General Store - Kondapur Branch,SKU-1042,Umbrella - Standard 21in,6
2025-05-09,Priya General Store - Kondapur Branch,SKU-1043,Raincoat - Adult M,4
2025-05-09,Priya General Store - Kondapur Branch,SKU-2091,Sunscreen SPF50 100ml,17
2025-05-09,Priya General Store - Kondapur Branch,SKU-3087,Diyas - Clay Set of 12,1
2025-05-10,Priya General Store - Kondapur Branch,SKU-1042,Umbrella - Standard 21in,11
2025-05-10,Priya General Store - Kondapur Branch,SKU-1043,Raincoat - Adult M,4
2025-05-10,Priya General Store - Kondapur Branch,SKU-2091,Sunscreen SPF50 100ml,15
2025-05-10,Priya General Store - Kondapur Branch,SKU-3087,Diyas - Clay Set of 12,2
2025-05-11,Priya General Store - Kondapur Branch,SKU-1042,Umbrella - Standard 21in,5
2025-05-11,Priya General Store - Kondapur Branch,SKU-1043,Raincoat - Adult M,2
2025-05-11,Priya General Store - Kondapur Branch,SKU-2091,Sunscreen SPF50 100ml,15
2025-05-11,Priya General Store - Kondapur Branch,SKU-3087,Diyas - Clay Set of 12,5
2025-05-12,Priya General Store - Kondapur Branch,SKU-1042,Umbrella - Standard 21in,8
2025-05-12,Priya General Store - Kondapur Branch,SKU-1043,Raincoat - Adult M,2
2025-05-12,Priya General Store - Kondapur Branch,SKU-2091,Sunscreen SPF50 100ml,15
2025-05-12,Priya General Store - Kondapur Branch,SKU-3087,Diyas - Clay Set of 12,3
2025-05-13,Priya General Store - Kondapur Branch,SKU-1042,Umbrella - Standard 21in,7
2025-05-13,Priya General Store - Kondapur Branch,SKU-1043,Raincoat - Adult M,3
2025-05-13,Priya General Store - Kondapur Branch,SKU-2091,Sunscreen SPF50 100ml,11
2025-05-13,Priya General Store - Kondapur Branch,SKU-3087,Diyas - Clay Set of 12,4
2025-05-14,Priya General Store - Kondapur Branch,SKU-1042,Umbrella - Standard 21in,5
2025-05-14,Priya General Store - Kondapur Branch,SKU-1043,Raincoat - Adult M,2
2025-05-14,Priya General Store - Kondapur Branch,SKU-2091,Sunscreen SPF50 100ml,15
2025-05-14,Priya General Store - Kondapur Branch,SKU-3087,Diyas - Clay Set of 12,4
2025-05-15,Priya General Store - Kondapur Branch,SKU-1042,Umbrella - Standard 21in,10
2025-05-15,Priya General Store - Kondapur Branch,SKU-1043,Raincoat - Adult M,2
2025-05-15,Priya General Store - Kondapur Branch,SKU-2091,Sunscreen SPF50 100ml,13
2025-05-15,Priya General Store - Kondapur Branch,SKU-3087,Diyas - Clay Set of 12,5
2025-05-16,Priya General Store - Kondapur Branch,SKU-1042,Umbrella - Standard 21in,5
2025-05-16,Priya General Store - Kondapur Branch,SKU-1043,Raincoat - Adult M,6
2025-05-16,Priya General Store - Kondapur Branch,SKU-2091,Sunscreen SPF50 100ml,19
2025-05-16,Priya General Store - Kondapur Branch,SKU-3087,Diyas - Clay Set of 12,1
2025-05-17,Priya General Store - Kondapur Branch,SKU-1042,Umbrella - Standard 21in,5
2025-05-17,Priya General Store - Kondapur Branch,SKU-1043,Raincoat - Adult M,4
2025-05-17,Priya General Store - Kondapur Branch,SKU-2091,Sunscreen SPF50 100ml,17
2025-05-17,Priya General Store - Kondapur Branch,SKU-3087,Diyas - Clay Set of 12,2
2025-05-18,Priya General Store - Kondapur Branch,SKU-1042,Umbrella - Standard 21in,7
2025-05-18,Priya General Store - Kondapur Branch,SKU-1043,Raincoat - Adult M,4
2025-05-18,Priya General Store - Kondapur Branch,SKU-2091,Sunscreen SPF50 100ml,15
2025-05-18,Priya General Store - Kondapur Branch,SKU-3087,Diyas - Clay Set of 12,1
2025-05-19,Priya General Store - Kondapur Branch,SKU-1042,Umbrella - Standard 21in,7
2025-05-19,Priya General Store - Kondapur Branch,SKU-1043,Raincoat - Adult M,6
2025-05-19,Priya General Store - Kondapur Branch,SKU-2091,Sunscreen SPF50 100ml,14
2025-05-19,Priya General Store - Kondapur Branch,SKU-3087,Diyas - Clay Set of 12,2
2025-05-20,Priya General Store - Kondapur Branch,SKU-1042,Umbrella - Standard 21in,13
2025-05-20,Priya General Store - Kondapur Branch,SKU-1043,Raincoat - Adult M,7
2025-05-20,Priya General Store - Kondapur Branch,SKU-2091,Sunscreen SPF50 100ml,11
2025-05-20,Priya General Store - Kondapur Branch,SKU-3087,Diyas - Clay Set of 12,2
2025-05-21,Priya General Store - Kondapur Branch,SKU-1042,Umbrella - Standard 21in,10
2025-05-21,Priya General Store - Kondapur Branch,SKU-1043,Raincoat - Adult M,4
2025-05-21,Priya General Store - Kondapur Branch,SKU-2091,Sunscreen SPF50 100ml,19
2025-05-21,Priya General Store - Kondapur Branch,SKU-3087,Diyas - Clay Set of 12,4
2025-05-22,Priya General Store - Kondapur Branch,SKU-1042,Umbrella - Standard 21in,8
2025-05-22,Priya General Store - Kondapur Branch,SKU-1043,Raincoat - Adult M,5
2025-05-22,Priya General Store - Kondapur Branch,SKU-2091,Sunscreen SPF50 100ml,14
2025-05-22,Priya General Store - Kondapur Branch,SKU-3087,Diyas - Clay Set of 12,2
2025-05-23,Priya General Store - Kondapur Branch,SKU-1042,Umbrella - Standard 21in,57
2025-05-23,Priya General Store - Kondapur Branch,SKU-1043,Raincoat - Adult M,5
2025-05-23,Priya General Store - Kondapur Branch,SKU-2091,Sunscreen SPF50 100ml,12
2025-05-23,Priya General Store - Kondapur Branch,SKU-3087,Diyas - Clay Set of 12,4
2025-05-24,Priya General Store - Kondapur Branch,SKU-1042,Umbrella - Standard 21in,51
2025-05-24,Priya General Store - Kondapur Branch,SKU-1043,Raincoat - Adult M,2
2025-05-24,Priya General Store - Kondapur Branch,SKU-2091,Sunscreen SPF50 100ml,19
2025-05-24,Priya General Store - Kondapur Branch,SKU-3087,Diyas - Clay Set of 12,4
2025-05-25,Priya General Store - Kondapur Branch,SKU-1042,Umbrella - Standard 21in,77
2025-05-25,Priya General Store - Kondapur Branch,SKU-1043,Raincoat - Adult M,8
2025-05-25,Priya General Store - Kondapur Branch,SKU-2091,Sunscreen SPF50 100ml,13
2025-05-25,Priya General Store - Kondapur Branch,SKU-3087,Diyas - Clay Set of 12,0
2025-05-26,Priya General Store - Kondapur Branch,SKU-1042,Umbrella - Standard 21in,46
2025-05-26,Priya General Store - Kondapur Branch,SKU-1043,Raincoat - Adult M,10
2025-05-26,Priya General Store - Kondapur Branch,SKU-2091,Sunscreen SPF50 100ml,19
2025-05-26,Priya General Store - Kondapur Branch,SKU-3087,Diyas - Clay Set of 12,2
2025-05-27,Priya General Store - Kondapur Branch,SKU-1042,Umbrella - Standard 21in,84
2025-05-27,Priya General Store - Kondapur Branch,SKU-1043,Raincoat - Adult M,23
2025-05-27,Priya General Store - Kondapur Branch,SKU-2091,Sunscreen SPF50 100ml,13
2025-05-27,Priya General Store - Kondapur Branch,SKU-3087,Diyas - Clay Set of 12,5
2025-05-28,Priya General Store - Kondapur Branch,SKU-1042,Umbrella - Standard 21in,98
2025-05-28,Priya General Store - Kondapur Branch,SKU-1043,Raincoat - Adult M,31
2025-05-28,Priya General Store - Kondapur Branch,SKU-2091,Sunscreen SPF50 100ml,17
2025-05-28,Priya General Store - Kondapur Branch,SKU-3087,Diyas - Clay Set of 12,5
2025-05-29,Priya General Store - Kondapur Branch,SKU-1042,Umbrella - Standard 21in,44
2025-05-29,Priya General Store - Kondapur Branch,SKU-1043,Raincoat - Adult M,33
2025-05-29,Priya General Store - Kondapur Branch,SKU-2091,Sunscreen SPF50 100ml,13
2025-05-29,Priya General Store - Kondapur Branch,SKU-3087,Diyas - Clay Set of 12,5
2025-05-30,Priya General Store - Kondapur Branch,SKU-1042,Umbrella - Standard 21in,56
2025-05-30,Priya General Store - Kondapur Branch,SKU-1043,Raincoat - Adult M,26
2025-05-30,Priya General Store - Kondapur Branch,SKU-2091,Sunscreen SPF50 100ml,0
2025-05-30,Priya General Store - Kondapur Branch,SKU-3087,Diyas - Clay Set of 12,5
2025-05-31,Priya General Store - Kondapur Branch,SKU-1042,Umbrella - Standard 21in,61
2025-05-31,Priya General Store - Kondapur Branch,SKU-1043,Raincoat - Adult M,18
2025-05-31,Priya General Store - Kondapur Branch,SKU-2091,Sunscreen SPF50 100ml,15
2025-05-31,Priya General Store - Kondapur Branch,SKU-3087,Diyas - Clay Set of 12,4
2025-06-01,Priya General Store - Kondapur Branch,SKU-1042,Umbrella - Standard 21in,54
2025-06-01,Priya General Store - Kondapur Branch,SKU-1043,Raincoat - Adult M,24
2025-06-01,Priya General Store - Kondapur Branch,SKU-2091,Sunscreen SPF50 100ml,17
2025-06-01,Priya General Store - Kondapur Branch,SKU-3087,Diyas - Clay Set of 12,2
2025-06-02,Priya General Store - Kondapur Branch,SKU-1042,Umbrella - Standard 21in,43
2025-06-02,Priya General Store - Kondapur Branch,SKU-1043,Raincoat - Adult M,16
2025-06-02,Priya General Store - Kondapur Branch,SKU-2091,Sunscreen SPF50 100ml,18
2025-06-02,Priya General Store - Kondapur Branch,SKU-3087,Diyas - Clay Set of 12,4
2025-06-03,Priya General Store - Kondapur Branch,SKU-1042,Umbrella - Standard 21in,41
2025-06-03,Priya General Store - Kondapur Branch,SKU-1043,Raincoat - Adult M,24
2025-06-03,Priya General Store - Kondapur Branch,SKU-2091,Sunscreen SPF50 100ml,15
2025-06-03,Priya General Store - Kondapur Branch,SKU-3087,Diyas - Clay Set of 12,5
2025-06-04,Priya General Store - Kondapur Branch,SKU-1042,Umbrella - Standard 21in,34
2025-06-04,Priya General Store - Kondapur Branch,SKU-1043,Raincoat - Adult M,17
2025-06-04,Priya General Store - Kondapur Branch,SKU-2091,Sunscreen SPF50 100ml,0
2025-06-04,Priya General Store - Kondapur Branch,SKU-3087,Diyas - Clay Set of 12,5
2025-06-05,Priya General Store - Kondapur Branch,SKU-1042,Umbrella - Standard 21in,33
2025-06-05,Priya General Store - Kondapur Branch,SKU-1043,Raincoat - Adult M,12
2025-06-05,Priya General Store - Kondapur Branch,SKU-2091,Sunscreen SPF50 100ml,13
2025-06-05,Priya General Store - Kondapur Branch,SKU-3087,Diyas - Clay Set of 12,5
2025-06-06,Priya General Store - Kondapur Branch,SKU-1042,Umbrella - Standard 21in,31
2025-06-06,Priya General Store - Kondapur Branch,SKU-1043,Raincoat - Adult M,15
2025-06-06,Priya General Store - Kondapur Branch,SKU-2091,Sunscreen SPF50 100ml,13
2025-06-06,Priya General Store - Kondapur Branch,SKU-3087,Diyas - Clay Set of 12,3
2025-06-07,Priya General Store - Kondapur Branch,SKU-1042,Umbrella - Standard 21in,26
2025-06-07,Priya General Store - Kondapur Branch,SKU-1043,Raincoat - Adult M,14
2025-06-07,Priya General Store - Kondapur Branch,SKU-2091,Sunscreen SPF50 100ml,17
2025-06-07,Priya General Store - Kondapur Branch,SKU-3087,Diyas - Clay Set of 12,3
2025-06-08,Priya General Store - Kondapur Branch,SKU-1042,Umbrella - Standard 21in,42
2025-06-08,Priya General Store - Kondapur Branch,SKU-1043,Raincoat - Adult M,14
2025-06-08,Priya General Store - Kondapur Branch,SKU-2091,Sunscreen SPF50 100ml,18
2025-06-08,Priya General Store - Kondapur Branch,SKU-3087,Diyas - Clay Set of 12,2
2025-06-09,Priya General Store - Kondapur Branch,SKU-1042,Umbrella - Standard 21in,38
2025-06-09,Priya General Store - Kondapur Branch,SKU-1043,Raincoat - Adult M,8
2025-06-09,Priya General Store - Kondapur Branch,SKU-2091,Sunscreen SPF50 100ml,11
2025-06-09,Priya General Store - Kondapur Branch,SKU-3087,Diyas - Clay Set of 12,2
2025-06-10,Priya General Store - Kondapur Branch,SKU-1042,Umbrella - Standard 21in,27
2025-06-10,Priya General Store - Kondapur Branch,SKU-1043,Raincoat - Adult M,5
2025-06-10,Priya General Store - Kondapur Branch,SKU-2091,Sunscreen SPF50 100ml,16
2025-06-10,Priya General Store - Kondapur Branch,SKU-3087,Diyas - Clay Set of 12,5
2025-06-11,Priya General Store - Kondapur Branch,SKU-1042,Umbrella - Standard 21in,8
2025-06-11,Priya General Store - Kondapur Branch,SKU-1043,Raincoat - Adult M,3
2025-06-11,Priya General Store - Kondapur Branch,SKU-2091,Sunscreen SPF50 100ml,12
2025-06-11,Priya General Store - Kondapur Branch,SKU-3087,Diyas - Clay Set of 12,3
2025-06-12,Priya General Store - Kondapur Branch,SKU-1042,Umbrella - Standard 21in,6
2025-06-12,Priya General Store - Kondapur Branch,SKU-1043,Raincoat - Adult M,4
2025-06-12,Priya General Store - Kondapur Branch,SKU-2091,Sunscreen SPF50 100ml,14
2025-06-12,Priya General Store - Kondapur Branch,SKU-3087,Diyas - Clay Set of 12,1
2025-06-13,Priya General Store - Kondapur Branch,SKU-1042,Umbrella - Standard 21in,9
2025-06-13,Priya General Store - Kondapur Branch,SKU-1043,Raincoat - Adult M,2
2025-06-13,Priya General Store - Kondapur Branch,SKU-2091,Sunscreen SPF50 100ml,18
2025-06-13,Priya General Store - Kondapur Branch,SKU-3087,Diyas - Clay Set of 12,3
2025-06-14,Priya General Store - Kondapur Branch,SKU-1042,Umbrella - Standard 21in,10
2025-06-14,Priya General Store - Kondapur Branch,SKU-1043,Raincoat - Adult M,2
2025-06-14,Priya General Store - Kondapur Branch,SKU-2091,Sunscreen SPF50 100ml,12
2025-06-14,Priya General Store - Kondapur Branch,SKU-3087,Diyas - Clay Set of 12,2
2025-06-15,Priya General Store - Kondapur Branch,SKU-1042,Umbrella - Standard 21in,8
2025-06-15,Priya General Store - Kondapur Branch,SKU-1043,Raincoat - Adult M,5
2025-06-15,Priya General Store - Kondapur Branch,SKU-2091,Sunscreen SPF50 100ml,15
2025-06-15,Priya General Store - Kondapur Branch,SKU-3087,Diyas - Clay Set of 12,1
2025-06-16,Priya General Store - Kondapur Branch,SKU-1042,Umbrella - Standard 21in,5
2025-06-16,Priya General Store - Kondapur Branch,SKU-1043,Raincoat - Adult M,5
2025-06-16,Priya General Store - Kondapur Branch,SKU-2091,Sunscreen SPF50 100ml,13
2025-06-16,Priya General Store - Kondapur Branch,SKU-3087,Diyas - Clay Set of 12,1
2025-06-17,Priya General Store - Kondapur Branch,SKU-1042,Umbrella - Standard 21in,7
2025-06-17,Priya General Store - Kondapur Branch,SKU-1043,Raincoat - Adult M,2
2025-06-17,Priya General Store - Kondapur Branch,SKU-2091,Sunscreen SPF50 100ml,19
2025-06-17,Priya General Store - Kondapur Branch,SKU-3087,Diyas - Clay Set of 12,4
2025-06-18,Priya General Store - Kondapur Branch,SKU-1042,Umbrella - Standard 21in,7
2025-06-18,Priya General Store - Kondapur Branch,SKU-1043,Raincoat - Adult M,5
2025-06-18,Priya General Store - Kondapur Branch,SKU-2091,Sunscreen SPF50 100ml,14
2025-06-18,Priya General Store - Kondapur Branch,SKU-3087,Diyas - Clay Set of 12,4
2025-06-19,Priya General Store - Kondapur Branch,SKU-1042,Umbrella - Standard 21in,11
2025-06-19,Priya General Store - Kondapur Branch,SKU-1043,Raincoat - Adult M,3
2025-06-19,Priya General Store - Kondapur Branch,SKU-2091,Sunscreen SPF50 100ml,18
2025-06-19,Priya General Store - Kondapur Branch,SKU-3087,Diyas - Clay Set of 12,3
2025-06-20,Priya General Store - Kondapur Branch,SKU-1042,Umbrella - Standard 21in,9
2025-06-20,Priya General Store - Kondapur Branch,SKU-1043,Raincoat - Adult M,2
2025-06-20,Priya General Store - Kondapur Branch,SKU-2091,Sunscreen SPF50 100ml,19
2025-06-20,Priya General Store - Kondapur Branch,SKU-3087,Diyas - Clay Set of 12,4
2025-06-21,Priya General Store - Kondapur Branch,SKU-1042,Umbrella - Standard 21in,8
2025-06-21,Priya General Store - Kondapur Branch,SKU-1043,Raincoat - Adult M,6
2025-06-21,Priya General Store - Kondapur Branch,SKU-2091,Sunscreen SPF50 100ml,17
2025-06-21,Priya General Store - Kondapur Branch,SKU-3087,Diyas - Clay Set of 12,5
2025-06-22,Priya General Store - Kondapur Branch,SKU-1042,Umbrella - Standard 21in,10
2025-06-22,Priya General Store - Kondapur Branch,SKU-1043,Raincoat - Adult M,2
2025-06-22,Priya General Store - Kondapur Branch,SKU-2091,Sunscreen SPF50 100ml,18
2025-06-22,Priya General Store - Kondapur Branch,SKU-3087,Diyas - Clay Set of 12,2
2025-06-23,Priya General Store - Kondapur Branch,SKU-1042,Umbrella - Standard 21in,9
2025-06-23,Priya General Store - Kondapur Branch,SKU-1043,Raincoat - Adult M,6
2025-06-23,Priya General Store - Kondapur Branch,SKU-2091,Sunscreen SPF50 100ml,18
2025-06-23,Priya General Store - Kondapur Branch,SKU-3087,Diyas - Clay Set of 12,4
2025-06-24,Priya General Store - Kondapur Branch,SKU-1042,Umbrella - Standard 21in,6
2025-06-24,Priya General Store - Kondapur Branch,SKU-1043,Raincoat - Adult M,4
2025-06-24,Priya General Store - Kondapur Branch,SKU-2091,Sunscreen SPF50 100ml,19
2025-06-24,Priya General Store - Kondapur Branch,SKU-3087,Diyas - Clay Set of 12,5
2025-06-25,Priya General Store - Kondapur Branch,SKU-1042,Umbrella - Standard 21in,5
2025-06-25,Priya General Store - Kondapur Branch,SKU-1043,Raincoat - Adult M,6
2025-06-25,Priya General Store - Kondapur Branch,SKU-2091,Sunscreen SPF50 100ml,17
2025-06-25,Priya General Store - Kondapur Branch,SKU-3087,Diyas - Clay Set of 12,4
2025-06-26,Priya General Store - Kondapur Branch,SKU-1042,Umbrella - Standard 21in,9
2025-06-26,Priya General Store - Kondapur Branch,SKU-1043,Raincoat - Adult M,4
2025-06-26,Priya General Store - Kondapur Branch,SKU-2091,Sunscreen SPF50 100ml,12
2025-06-26,Priya General Store - Kondapur Branch,SKU-3087,Diyas - Clay Set of 12,1
2025-06-27,Priya General Store - Kondapur Branch,SKU-1042,Umbrella - Standard 21in,10
2025-06-27,Priya General Store - Kondapur Branch,SKU-1043,Raincoat - Adult M,3
2025-06-27,Priya General Store - Kondapur Branch,SKU-2091,Sunscreen SPF50 100ml,11
2025-06-27,Priya General Store - Kondapur Branch,SKU-3087,Diyas - Clay Set of 12,3
2025-06-28,Priya General Store - Kondapur Branch,SKU-1042,Umbrella - Standard 21in,10
2025-06-28,Priya General Store - Kondapur Branch,SKU-1043,Raincoat - Adult M,5
2025-06-28,Priya General Store - Kondapur Branch,SKU-2091,Sunscreen SPF50 100ml,15
2025-06-28,Priya General Store - Kondapur Branch,SKU-3087,Diyas - Clay Set of 12,2
2025-06-29,Priya General Store - Kondapur Branch,SKU-1042,Umbrella - Standard 21in,5
2025-06-29,Priya General Store - Kondapur Branch,SKU-1043,Raincoat - Adult M,6
2025-06-29,Priya General Store - Kondapur Branch,SKU-2091,Sunscreen SPF50 100ml,12
2025-06-29,Priya General Store - Kondapur Branch,SKU-3087,Diyas - Clay Set of 12,0
2025-06-30,Priya General Store - Kondapur Branch,SKU-1042,Umbrella - Standard 21in,0
2025-06-30,Priya General Store - Kondapur Branch,SKU-1043,Raincoat - Adult M,5
2025-06-30,Priya General Store - Kondapur Branch,SKU-2091,Sunscreen SPF50 100ml,17
2025-06-30,Priya General Store - Kondapur Branch,SKU-3087,Diyas - Clay Set of 12,5
2025-07-01,Priya General Store - Kondapur Branch,SKU-1042,Umbrella - Standard 21in,7
2025-07-01,Priya General Store - Kondapur Branch,SKU-1043,Raincoat - Adult M,6
2025-07-01,Priya General Store - Kondapur Branch,SKU-2091,Sunscreen SPF50 100ml,17
2025-07-01,Priya General Store - Kondapur Branch,SKU-3087,Diyas - Clay Set of 12,1
2025-07-02,Priya General Store - Kondapur Branch,SKU-1042,Umbrella - Standard 21in,5
2025-07-02,Priya General Store - Kondapur Branch,SKU-1043,Raincoat - Adult M,2
2025-07-02,Priya General Store - Kondapur Branch,SKU-2091,Sunscreen SPF50 100ml,14
2025-07-02,Priya General Store - Kondapur Branch,SKU-3087,Diyas - Clay Set of 12,2
2025-07-03,Priya General Store - Kondapur Branch,SKU-1042,Umbrella - Standard 21in,6
2025-07-03,Priya General Store - Kondapur Branch,SKU-1043,Raincoat - Adult M,5
2025-07-03,Priya General Store - Kondapur Branch,SKU-2091,Sunscreen SPF50 100ml,19
2025-07-03,Priya General Store - Kondapur Branch,SKU-3087,Diyas - Clay Set of 12,3
2025-07-04,Priya General Store - Kondapur Branch,SKU-1042,Umbrella - Standard 21in,6
2025-07-04,Priya General Store - Kondapur Branch,SKU-1043,Raincoat - Adult M,2
2025-07-04,Priya General Store - Kondapur Branch,SKU-2091,Sunscreen SPF50 100ml,13
2025-07-04,Priya General Store - Kondapur Branch,SKU-3087,Diyas - Clay Set of 12,4
2025-07-05,Priya General Store - Kondapur Branch,SKU-1042,Umbrella - Standard 21in,8
2025-07-05,Priya General Store - Kondapur Branch,SKU-1043,Raincoat - Adult M,5
2025-07-05,Priya General Store - Kondapur Branch,SKU-2091,Sunscreen SPF50 100ml,14
2025-07-05,Priya General Store - Kondapur Branch,SKU-3087,Diyas - Clay Set of 12,4
2025-07-06,Priya General Store - Kondapur Branch,SKU-1042,Umbrella - Standard 21in,5
2025-07-06,Priya General Store - Kondapur Branch,SKU-1043,Raincoat - Adult M,5
2025-07-06,Priya General Store - Kondapur Branch,SKU-2091,Sunscreen SPF50 100ml,18
2025-07-06,Priya General Store - Kondapur Branch,SKU-3087,Diyas - Clay Set of 12,5
2025-07-07,Priya General Store - Kondapur Branch,SKU-1042,Umbrella - Standard 21in,7
2025-07-07,Priya General Store - Kondapur Branch,SKU-1043,Raincoat - Adult M,5
2025-07-07,Priya General Store - Kondapur Branch,SKU-2091,Sunscreen SPF50 100ml,18
2025-07-07,Priya General Store - Kondapur Branch,SKU-3087,Diyas - Clay Set of 12,1
2025-07-08,Priya General Store - Kondapur Branch,SKU-1042,Umbrella - Standard 21in,8
2025-07-08,Priya General Store - Kondapur Branch,SKU-1043,Raincoat - Adult M,6
2025-07-08,Priya General Store - Kondapur Branch,SKU-2091,Sunscreen SPF50 100ml,17
2025-07-08,Priya General Store - Kondapur Branch,SKU-3087,Diyas - Clay Set of 12,1
2025-07-09,Priya General Store - Kondapur Branch,SKU-1042,Umbrella - Standard 21in,10
2025-07-09,Priya General Store - Kondapur Branch,SKU-1043,Raincoat - Adult M,5
2025-07-09,Priya General Store - Kondapur Branch,SKU-2091,Sunscreen SPF50 100ml,15
2025-07-09,Priya General Store - Kondapur Branch,SKU-3087,Diyas - Clay Set of 12,4
2025-07-10,Priya General Store - Kondapur Branch,SKU-1042,Umbrella - Standard 21in,6
2025-07-10,Priya General Store - Kondapur Branch,SKU-1043,Raincoat - Adult M,6
2025-07-10,Priya General Store - Kondapur Branch,SKU-2091,Sunscreen SPF50 100ml,16
2025-07-10,Priya General Store - Kondapur Branch,SKU-3087,Diyas - Clay Set of 12,4
2025-07-11,Priya General Store - Kondapur Branch,SKU-1042,Umbrella - Standard 21in,7
2025-07-11,Priya General Store - Kondapur Branch,SKU-1043,Raincoat - Adult M,5
2025-07-11,Priya General Store - Kondapur Branch,SKU-2091,Sunscreen SPF50 100ml,16
2025-07-11,Priya General Store - Kondapur Branch,SKU-3087,Diyas - Clay Set of 12,2
2025-07-12,Priya General Store - Kondapur Branch,SKU-1042,Umbrella - Standard 21in,7
2025-07-12,Priya General Store - Kondapur Branch,SKU-1043,Raincoat - Adult M,2
2025-07-12,Priya General Store - Kondapur Branch,SKU-2091,Sunscreen SPF50 100ml,13
2025-07-12,Priya General Store - Kondapur Branch,SKU-3087,Diyas - Clay Set of 12,2
2025-07-13,Priya General Store - Kondapur Branch,SKU-1042,Umbrella - Standard 21in,5
2025-07-13,Priya General Store - Kondapur Branch,SKU-1043,Raincoat - Adult M,5
2025-07-13,Priya General Store - Kondapur Branch,SKU-2091,Sunscreen SPF50 100ml,14
2025-07-13,Priya General Store - Kondapur Branch,SKU-3087,Diyas - Clay Set of 12,1
2025-07-14,Priya General Store - Kondapur Branch,SKU-1042,Umbrella - Standard 21in,7
2025-07-14,Priya General Store - Kondapur Branch,SKU-1043,Raincoat - Adult M,3
2025-07-14,Priya General Store - Kondapur Branch,SKU-2091,Sunscreen SPF50 100ml,19
2025-07-14,Priya General Store - Kondapur Branch,SKU-3087,Diyas - Clay Set of 12,1
2025-07-15,Priya General Store - Kondapur Branch,SKU-1042,Umbrella - Standard 21in,5
2025-07-15,Priya General Store - Kondapur Branch,SKU-1043,Raincoat - Adult M,2
2025-07-15,Priya General Store - Kondapur Branch,SKU-2091,Sunscreen SPF50 100ml,18
2025-07-15,Priya General Store - Kondapur Branch,SKU-3087,Diyas - Clay Set of 12,3
2025-07-16,Priya General Store - Kondapur Branch,SKU-1042,Umbrella - Standard 21in,11
2025-07-16,Priya General Store - Kondapur Branch,SKU-1043,Raincoat - Adult M,6
2025-07-16,Priya General Store - Kondapur Branch,SKU-2091,Sunscreen SPF50 100ml,13
2025-07-16,Priya General Store - Kondapur Branch,SKU-3087,Diyas - Clay Set of 12,5
2025-07-17,Priya General Store - Kondapur Branch,SKU-1042,Umbrella - Standard 21in,5
2025-07-17,Priya General Store - Kondapur Branch,SKU-1043,Raincoat - Adult M,5
2025-07-17,Priya General Store - Kondapur Branch,SKU-2091,Sunscreen SPF50 100ml,12
2025-07-17,Priya General Store - Kondapur Branch,SKU-3087,Diyas - Clay Set of 12,5
2025-07-18,Priya General Store - Kondapur Branch,SKU-1042,Umbrella - Standard 21in,11
2025-07-18,Priya General Store - Kondapur Branch,SKU-1043,Raincoat - Adult M,6
2025-07-18,Priya General Store - Kondapur Branch,SKU-2091,Sunscreen SPF50 100ml,12
2025-07-18,Priya General Store - Kondapur Branch,SKU-3087,Diyas - Clay Set of 12,1
2025-07-19,Priya General Store - Kondapur Branch,SKU-1042,Umbrella - Standard 21in,7
2025-07-19,Priya General Store - Kondapur Branch,SKU-1043,Raincoat - Adult M,4
2025-07-19,Priya General Store - Kondapur Branch,SKU-2091,Sunscreen SPF50 100ml,19
2025-07-19,Priya General Store - Kondapur Branch,SKU-3087,Diyas - Clay Set of 12,1
2025-07-20,Priya General Store - Kondapur Branch,SKU-1042,Umbrella - Standard 21in,7
2025-07-20,Priya General Store - Kondapur Branch,SKU-1043,Raincoat - Adult M,3
2025-07-20,Priya General Store - Kondapur Branch,SKU-2091,Sunscreen SPF50 100ml,14
2025-07-20,Priya General Store - Kondapur Branch,SKU-3087,Diyas - Clay Set of 12,4
2025-07-21,Priya General Store - Kondapur Branch,SKU-1042,Umbrella - Standard 21in,5
2025-07-21,Priya General Store - Kondapur Branch,SKU-1043,Raincoat - Adult M,5
2025-07-21,Priya General Store - Kondapur Branch,SKU-2091,Sunscreen SPF50 100ml,19
2025-07-21,Priya General Store - Kondapur Branch,SKU-3087,Diyas - Clay Set of 12,3
2025-07-22,Priya General Store - Kondapur Branch,SKU-1042,Umbrella - Standard 21in,11
2025-07-22,Priya General Store - Kondapur Branch,SKU-1043,Raincoat - Adult M,3
2025-07-22,Priya General Store - Kondapur Branch,SKU-2091,Sunscreen SPF50 100ml,19
2025-07-22,Priya General Store - Kondapur Branch,SKU-3087,Diyas - Clay Set of 12,2
2025-07-23,Priya General Store - Kondapur Branch,SKU-1042,Umbrella - Standard 21in,8
2025-07-23,Priya General Store - Kondapur Branch,SKU-1043,Raincoat - Adult M,5
2025-07-23,Priya General Store - Kondapur Branch,SKU-2091,Sunscreen SPF50 100ml,19
2025-07-23,Priya General Store - Kondapur Branch,SKU-3087,Diyas - Clay Set of 12,3
2025-07-24,Priya General Store - Kondapur Branch,SKU-1042,Umbrella - Standard 21in,8
2025-07-24,Priya General Store - Kondapur Branch,SKU-1043,Raincoat - Adult M,2
2025-07-24,Priya General Store - Kondapur Branch,SKU-2091,Sunscreen SPF50 100ml,19
2025-07-24,Priya General Store - Kondapur Branch,SKU-3087,Diyas - Clay Set of 12,1
2025-07-25,Priya General Store - Kondapur Branch,SKU-1042,Umbrella - Standard 21in,8
2025-07-25,Priya General Store - Kondapur Branch,SKU-1043,Raincoat - Adult M,3
2025-07-25,Priya General Store - Kondapur Branch,SKU-2091,Sunscreen SPF50 100ml,17
2025-07-25,Priya General Store - Kondapur Branch,SKU-3087,Diyas - Clay Set of 12,2
2025-07-26,Priya General Store - Kondapur Branch,SKU-1042,Umbrella - Standard 21in,5
2025-07-26,Priya General Store - Kondapur Branch,SKU-1043,Raincoat - Adult M,6
2025-07-26,Priya General Store - Kondapur Branch,SKU-2091,Sunscreen SPF50 100ml,17
2025-07-26,Priya General Store - Kondapur Branch,SKU-3087,Diyas - Clay Set of 12,5
2025-07-27,Priya General Store - Kondapur Branch,SKU-1042,Umbrella - Standard 21in,10
2025-07-27,Priya General Store - Kondapur Branch,SKU-1043,Raincoat - Adult M,0
2025-07-27,Priya General Store - Kondapur Branch,SKU-2091,Sunscreen SPF50 100ml,15
2025-07-27,Priya General Store - Kondapur Branch,SKU-3087,Diyas - Clay Set of 12,5
2025-07-28,Priya General Store - Kondapur Branch,SKU-1042,Umbrella - Standard 21in,10
2025-07-28,Priya General Store - Kondapur Branch,SKU-1043,Raincoat - Adult M,3
2025-07-28,Priya General Store - Kondapur Branch,SKU-2091,Sunscreen SPF50 100ml,18
2025-07-28,Priya General Store - Kondapur Branch,SKU-3087,Diyas - Clay Set of 12,4
2025-07-29,Priya General Store - Kondapur Branch,SKU-1042,Umbrella - Standard 21in,7
2025-07-29,Priya General Store - Kondapur Branch,SKU-1043,Raincoat - Adult M,6
2025-07-29,Priya General Store - Kondapur Branch,SKU-2091,Sunscreen SPF50 100ml,13
2025-07-29,Priya General Store - Kondapur Branch,SKU-3087,Diyas - Clay Set of 12,5
2025-07-30,Priya General Store - Kondapur Branch,SKU-1042,Umbrella - Standard 21in,5
2025-07-30,Priya General Store - Kondapur Branch,SKU-1043,Raincoat - Adult M,4
2025-07-30,Priya General Store - Kondapur Branch,SKU-2091,Sunscreen SPF50 100ml,13
2025-07-30,Priya General Store - Kondapur Branch,SKU-3087,Diyas - Clay Set of 12,5
2025-07-31,Priya General Store - Kondapur Branch,SKU-1042,Umbrella - Standard 21in,6
2025-07-31,Priya General Store - Kondapur Branch,SKU-1043,Raincoat - Adult M,4
2025-07-31,Priya General Store - Kondapur Branch,SKU-2091,Sunscreen SPF50 100ml,19
2025-07-31,Priya General Store - Kondapur Branch,SKU-3087,Diyas - Clay Set of 12,1
2025-08-01,Priya General Store - Kondapur Branch,SKU-1042,Umbrella - Standard 21in,7
2025-08-01,Priya General Store - Kondapur Branch,SKU-1043,Raincoat - Adult M,4
2025-08-01,Priya General Store - Kondapur Branch,SKU-2091,Sunscreen SPF50 100ml,12
2025-08-01,Priya General Store - Kondapur Branch,SKU-3087,Diyas - Clay Set of 12,5
2025-08-02,Priya General Store - Kondapur Branch,SKU-1042,Umbrella - Standard 21in,8
2025-08-02,Priya General Store - Kondapur Branch,SKU-1043,Raincoat - Adult M,3
2025-08-02,Priya General Store - Kondapur Branch,SKU-2091,Sunscreen SPF50 100ml,19
2025-08-02,Priya General Store - Kondapur Branch,SKU-3087,Diyas - Clay Set of 12,2
2025-08-03,Priya General Store - Kondapur Branch,SKU-1042,Umbrella - Standard 21in,7
2025-08-03,Priya General Store - Kondapur Branch,SKU-1043,Raincoat - Adult M,6
2025-08-03,Priya General Store - Kondapur Branch,SKU-2091,Sunscreen SPF50 100ml,17
2025-08-03,Priya General Store - Kondapur Branch,SKU-3087,Diyas - Clay Set of 12,2
2025-08-04,Priya General Store - Kondapur Branch,SKU-1042,Umbrella - Standard 21in,9
2025-08-04,Priya General Store - Kondapur Branch,SKU-1043,Raincoat - Adult M,4
2025-08-04,Priya General Store - Kondapur Branch,SKU-2091,Sunscreen SPF50 100ml,13
2025-08-04,Priya General Store - Kondapur Branch,SKU-3087,Diyas - Clay Set of 12,4
2025-08-05,Priya General Store - Kondapur Branch,SKU-1042,Umbrella - Standard 21in,5
2025-08-05,Priya General Store - Kondapur Branch,SKU-1043,Raincoat - Adult M,3
2025-08-05,Priya General Store - Kondapur Branch,SKU-2091,Sunscreen SPF50 100ml,18
2025-08-05,Priya General Store - Kondapur Branch,SKU-3087,Diyas - Clay Set of 12,5
2025-08-06,Priya General Store - Kondapur Branch,SKU-1042,Umbrella - Standard 21in,9
2025-08-06,Priya General Store - Kondapur Branch,SKU-1043,Raincoat - Adult M,5
2025-08-06,Priya General Store - Kondapur Branch,SKU-2091,Sunscreen SPF50 100ml,18
2025-08-06,Priya General Store - Kondapur Branch,SKU-3087,Diyas - Clay Set of 12,4
2025-08-07,Priya General Store - Kondapur Branch,SKU-1042,Umbrella - Standard 21in,8
2025-08-07,Priya General Store - Kondapur Branch,SKU-1043,Raincoat - Adult M,5
2025-08-07,Priya General Store - Kondapur Branch,SKU-2091,Sunscreen SPF50 100ml,13
2025-08-07,Priya General Store - Kondapur Branch,SKU-3087,Diyas - Clay Set of 12,4
2025-08-08,Priya General Store - Kondapur Branch,SKU-1042,Umbrella - Standard 21in,6
2025-08-08,Priya General Store - Kondapur Branch,SKU-1043,Raincoat - Adult M,6
2025-08-08,Priya General Store - Kondapur Branch,SKU-2091,Sunscreen SPF50 100ml,12
2025-08-08,Priya General Store - Kondapur Branch,SKU-3087,Diyas - Clay Set of 12,4
2025-08-09,Priya General Store - Kondapur Branch,SKU-1042,Umbrella - Standard 21in,10
2025-08-09,Priya General Store - Kondapur Branch,SKU-1043,Raincoat - Adult M,6
2025-08-09,Priya General Store - Kondapur Branch,SKU-2091,Sunscreen SPF50 100ml,12
2025-08-09,Priya General Store - Kondapur Branch,SKU-3087,Diyas - Clay Set of 12,4
2025-08-10,Priya General Store - Kondapur Branch,SKU-1042,Umbrella - Standard 21in,7
2025-08-10,Priya General Store - Kondapur Branch,SKU-1043,Raincoat - Adult M,2
2025-08-10,Priya General Store - Kondapur Branch,SKU-2091,Sunscreen SPF50 100ml,12
2025-08-10,Priya General Store - Kondapur Branch,SKU-3087,Diyas - Clay Set of 12,3
2025-08-11,Priya General Store - Kondapur Branch,SKU-1042,Umbrella - Standard 21in,8
2025-08-11,Priya General Store - Kondapur Branch,SKU-1043,Raincoat - Adult M,3
2025-08-11,Priya General Store - Kondapur Branch,SKU-2091,Sunscreen SPF50 100ml,17
2025-08-11,Priya General Store - Kondapur Branch,SKU-3087,Diyas - Clay Set of 12,3
2025-08-12,Priya General Store - Kondapur Branch,SKU-1042,Umbrella - Standard 21in,6
2025-08-12,Priya General Store - Kondapur Branch,SKU-1043,Raincoat - Adult M,0
2025-08-12,Priya General Store - Kondapur Branch,SKU-2091,Sunscreen SPF50 100ml,19
2025-08-12,Priya General Store - Kondapur Branch,SKU-3087,Diyas - Clay Set of 12,1
2025-08-13,Priya General Store - Kondapur Branch,SKU-1042,Umbrella - Standard 21in,9
2025-08-13,Priya General Store - Kondapur Branch,SKU-1043,Raincoat - Adult M,5
2025-08-13,Priya General Store - Kondapur Branch,SKU-2091,Sunscreen SPF50 100ml,17
2025-08-13,Priya General Store - Kondapur Branch,SKU-3087,Diyas - Clay Set of 12,5
2025-08-14,Priya General Store - Kondapur Branch,SKU-1042,Umbrella - Standard 21in,6
2025-08-14,Priya General Store - Kondapur Branch,SKU-1043,Raincoat - Adult M,5
2025-08-14,Priya General Store - Kondapur Branch,SKU-2091,Sunscreen SPF50 100ml,18
2025-08-14,Priya General Store - Kondapur Branch,SKU-3087,Diyas - Clay Set of 12,3
2025-08-15,Priya General Store - Kondapur Branch,SKU-1042,Umbrella - Standard 21in,9
2025-08-15,Priya General Store - Kondapur Branch,SKU-1043,Raincoat - Adult M,5
2025-08-15,Priya General Store - Kondapur Branch,SKU-2091,Sunscreen SPF50 100ml,17
2025-08-15,Priya General Store - Kondapur Branch,SKU-3087,Diyas - Clay Set of 12,1
2025-08-16,Priya General Store - Kondapur Branch,SKU-1042,Umbrella - Standard 21in,8
2025-08-16,Priya General Store - Kondapur Branch,SKU-1043,Raincoat - Adult M,2
2025-08-16,Priya General Store - Kondapur Branch,SKU-2091,Sunscreen SPF50 100ml,11
2025-08-16,Priya General Store - Kondapur Branch,SKU-3087,Diyas - Clay Set of 12,3
2025-08-17,Priya General Store - Kondapur Branch,SKU-1042,Umbrella - Standard 21in,5
2025-08-17,Priya General Store - Kondapur Branch,SKU-1043,Raincoat - Adult M,2
2025-08-17,Priya General Store - Kondapur Branch,SKU-2091,Sunscreen SPF50 100ml,19
2025-08-17,Priya General Store - Kondapur Branch,SKU-3087,Diyas - Clay Set of 12,1
2025-08-18,Priya General Store - Kondapur Branch,SKU-1042,Umbrella - Standard 21in,9
2025-08-18,Priya General Store - Kondapur Branch,SKU-1043,Raincoat - Adult M,5
2025-08-18,Priya General Store - Kondapur Branch,SKU-2091,Sunscreen SPF50 100ml,11
2025-08-18,Priya General Store - Kondapur Branch,SKU-3087,Diyas - Clay Set of 12,5
2025-08-19,Priya General Store - Kondapur Branch,SKU-1042,Umbrella - Standard 21in,5
2025-08-19,Priya General Store - Kondapur Branch,SKU-1043,Raincoat - Adult M,3
2025-08-19,Priya General Store - Kondapur Branch,SKU-2091,Sunscreen SPF50 100ml,18
2025-08-19,Priya General Store - Kondapur Branch,SKU-3087,Diyas - Clay Set of 12,5
2025-08-20,Priya General Store - Kondapur Branch,SKU-1042,Umbrella - Standard 21in,8
2025-08-20,Priya General Store - Kondapur Branch,SKU-1043,Raincoat - Adult M,5
2025-08-20,Priya General Store - Kondapur Branch,SKU-2091,Sunscreen SPF50 100ml,11
2025-08-20,Priya General Store - Kondapur Branch,SKU-3087,Diyas - Clay Set of 12,2
2025-08-21,Priya General Store - Kondapur Branch,SKU-1042,Umbrella - Standard 21in,11
2025-08-21,Priya General Store - Kondapur Branch,SKU-1043,Raincoat - Adult M,5
2025-08-21,Priya General Store - Kondapur Branch,SKU-2091,Sunscreen SPF50 100ml,12
2025-08-21,Priya General Store - Kondapur Branch,SKU-3087,Diyas - Clay Set of 12,5
2025-08-22,Priya General Store - Kondapur Branch,SKU-1042,Umbrella - Standard 21in,6
2025-08-22,Priya General Store - Kondapur Branch,SKU-1043,Raincoat - Adult M,2
2025-08-22,Priya General Store - Kondapur Branch,SKU-2091,Sunscreen SPF50 100ml,17
2025-08-22,Priya General Store - Kondapur Branch,SKU-3087,Diyas - Clay Set of 12,1
2025-08-23,Priya General Store - Kondapur Branch,SKU-1042,Umbrella - Standard 21in,7
2025-08-23,Priya General Store - Kondapur Branch,SKU-1043,Raincoat - Adult M,2
2025-08-23,Priya General Store - Kondapur Branch,SKU-2091,Sunscreen SPF50 100ml,12
2025-08-23,Priya General Store - Kondapur Branch,SKU-3087,Diyas - Clay Set of 12,4
2025-08-24,Priya General Store - Kondapur Branch,SKU-1042,Umbrella - Standard 21in,7
2025-08-24,Priya General Store - Kondapur Branch,SKU-1043,Raincoat - Adult M,2
2025-08-24,Priya General Store - Kondapur Branch,SKU-2091,Sunscreen SPF50 100ml,14
2025-08-24,Priya General Store - Kondapur Branch,SKU-3087,Diyas - Clay Set of 12,5
2025-08-25,Priya General Store - Kondapur Branch,SKU-1042,Umbrella - Standard 21in,9
2025-08-25,Priya General Store - Kondapur Branch,SKU-1043,Raincoat - Adult M,5
2025-08-25,Priya General Store - Kondapur Branch,SKU-2091,Sunscreen SPF50 100ml,15
2025-08-25,Priya General Store - Kondapur Branch,SKU-3087,Diyas - Clay Set of 12,4
2025-08-26,Priya General Store - Kondapur Branch,SKU-1042,Umbrella - Standard 21in,5
2025-08-26,Priya General Store - Kondapur Branch,SKU-1043,Raincoat - Adult M,5
2025-08-26,Priya General Store - Kondapur Branch,SKU-2091,Sunscreen SPF50 100ml,11
2025-08-26,Priya General Store - Kondapur Branch,SKU-3087,Diyas - Clay Set of 12,5
2025-08-27,Priya General Store - Kondapur Branch,SKU-1042,Umbrella - Standard 21in,6
2025-08-27,Priya General Store - Kondapur Branch,SKU-1043,Raincoat - Adult M,3
2025-08-27,Priya General Store - Kondapur Branch,SKU-2091,Sunscreen SPF50 100ml,17
2025-08-27,Priya General Store - Kondapur Branch,SKU-3087,Diyas - Clay Set of 12,5
2025-08-28,Priya General Store - Kondapur Branch,SKU-1042,Umbrella - Standard 21in,6
2025-08-28,Priya General Store - Kondapur Branch,SKU-1043,Raincoat - Adult M,3
2025-08-28,Priya General Store - Kondapur Branch,SKU-2091,Sunscreen SPF50 100ml,19
2025-08-28,Priya General Store - Kondapur Branch,SKU-3087,Diyas - Clay Set of 12,5
2025-08-29,Priya General Store - Kondapur Branch,SKU-1042,Umbrella - Standard 21in,5
2025-08-29,Priya General Store - Kondapur Branch,SKU-1043,Raincoat - Adult M,6
2025-08-29,Priya General Store - Kondapur Branch,SKU-2091,Sunscreen SPF50 100ml,0
2025-08-29,Priya General Store - Kondapur Branch,SKU-3087,Diyas - Clay Set of 12,4
2025-08-30,Priya General Store - Kondapur Branch,SKU-1042,Umbrella - Standard 21in,7
2025-08-30,Priya General Store - Kondapur Branch,SKU-1043,Raincoat - Adult M,5
2025-08-30,Priya General Store - Kondapur Branch,SKU-2091,Sunscreen SPF50 100ml,14
2025-08-30,Priya General Store - Kondapur Branch,SKU-3087,Diyas - Clay Set of 12,5
2025-08-31,Priya General Store - Kondapur Branch,SKU-1042,Umbrella - Standard 21in,6
2025-08-31,Priya General Store - Kondapur Branch,SKU-1043,Raincoat - Adult M,6
2025-08-31,Priya General Store - Kondapur Branch,SKU-2091,Sunscreen SPF50 100ml,12
2025-08-31,Priya General Store - Kondapur Branch,SKU-3087,Diyas - Clay Set of 12,1
2025-09-01,Priya General Store - Kondapur Branch,SKU-1042,Umbrella - Standard 21in,10
2025-09-01,Priya General Store - Kondapur Branch,SKU-1043,Raincoat - Adult M,4
2025-09-01,Priya General Store - Kondapur Branch,SKU-2091,Sunscreen SPF50 100ml,14
2025-09-01,Priya General Store - Kondapur Branch,SKU-3087,Diyas - Clay Set of 12,3
2025-09-02,Priya General Store - Kondapur Branch,SKU-1042,Umbrella - Standard 21in,7
2025-09-02,Priya General Store - Kondapur Branch,SKU-1043,Raincoat - Adult M,5
2025-09-02,Priya General Store - Kondapur Branch,SKU-2091,Sunscreen SPF50 100ml,16
2025-09-02,Priya General Store - Kondapur Branch,SKU-3087,Diyas - Clay Set of 12,4
2025-09-03,Priya General Store - Kondapur Branch,SKU-1042,Umbrella - Standard 21in,7
2025-09-03,Priya General Store - Kondapur Branch,SKU-1043,Raincoat - Adult M,3
2025-09-03,Priya General Store - Kondapur Branch,SKU-2091,Sunscreen SPF50 100ml,11
2025-09-03,Priya General Store - Kondapur Branch,SKU-3087,Diyas - Clay Set of 12,1
2025-09-04,Priya General Store - Kondapur Branch,SKU-1042,Umbrella - Standard 21in,10
2025-09-04,Priya General Store - Kondapur Branch,SKU-1043,Raincoat - Adult M,6
2025-09-04,Priya General Store - Kondapur Branch,SKU-2091,Sunscreen SPF50 100ml,18
2025-09-04,Priya General Store - Kondapur Branch,SKU-3087,Diyas - Clay Set of 12,5
2025-09-05,Priya General Store - Kondapur Branch,SKU-1042,Umbrella - Standard 21in,10
2025-09-05,Priya General Store - Kondapur Branch,SKU-1043,Raincoat - Adult M,6
2025-09-05,Priya General Store - Kondapur Branch,SKU-2091,Sunscreen SPF50 100ml,18
2025-09-05,Priya General Store - Kondapur Branch,SKU-3087,Diyas - Clay Set of 12,3
2025-09-06,Priya General Store - Kondapur Branch,SKU-1042,Umbrella - Standard 21in,8
2025-09-06,Priya General Store - Kondapur Branch,SKU-1043,Raincoat - Adult M,4
2025-09-06,Priya General Store - Kondapur Branch,SKU-2091,Sunscreen SPF50 100ml,11
2025-09-06,Priya General Store - Kondapur Branch,SKU-3087,Diyas - Clay Set of 12,3
2025-09-07,Priya General Store - Kondapur Branch,SKU-1042,Umbrella - Standard 21in,0
2025-09-07,Priya General Store - Kondapur Branch,SKU-1043,Raincoat - Adult M,2
2025-09-07,Priya General Store - Kondapur Branch,SKU-2091,Sunscreen SPF50 100ml,16
2025-09-07,Priya General Store - Kondapur Branch,SKU-3087,Diyas - Clay Set of 12,5
2025-09-08,Priya General Store - Kondapur Branch,SKU-1042,Umbrella - Standard 21in,11
2025-09-08,Priya General Store - Kondapur Branch,SKU-1043,Raincoat - Adult M,3
2025-09-08,Priya General Store - Kondapur Branch,SKU-2091,Sunscreen SPF50 100ml,16
2025-09-08,Priya General Store - Kondapur Branch,SKU-3087,Diyas - Clay Set of 12,4
2025-09-09,Priya General Store - Kondapur Branch,SKU-1042,Umbrella - Standard 21in,10
2025-09-09,Priya General Store - Kondapur Branch,SKU-1043,Raincoat - Adult M,2
2025-09-09,Priya General Store - Kondapur Branch,SKU-2091,Sunscreen SPF50 100ml,17
2025-09-09,Priya General Store - Kondapur Branch,SKU-3087,Diyas - Clay Set of 12,3
2025-09-10,Priya General Store - Kondapur Branch,SKU-1042,Umbrella - Standard 21in,8
2025-09-10,Priya General Store - Kondapur Branch,SKU-1043,Raincoat - Adult M,3
2025-09-10,Priya General Store - Kondapur Branch,SKU-2091,Sunscreen SPF50 100ml,13
2025-09-10,Priya General Store - Kondapur Branch,SKU-3087,Diyas - Clay Set of 12,2
2025-09-11,Priya General Store - Kondapur Branch,SKU-1042,Umbrella - Standard 21in,6
2025-09-11,Priya General Store - Kondapur Branch,SKU-1043,Raincoat - Adult M,6
2025-09-11,Priya General Store - Kondapur Branch,SKU-2091,Sunscreen SPF50 100ml,19
2025-09-11,Priya General Store - Kondapur Branch,SKU-3087,Diyas - Clay Set of 12,3
2025-09-12,Priya General Store - Kondapur Branch,SKU-1042,Umbrella - Standard 21in,10
2025-09-12,Priya General Store - Kondapur Branch,SKU-1043,Raincoat - Adult M,6
2025-09-12,Priya General Store - Kondapur Branch,SKU-2091,Sunscreen SPF50 100ml,19
2025-09-12,Priya General Store - Kondapur Branch,SKU-3087,Diyas - Clay Set of 12,1
2025-09-13,Priya General Store - Kondapur Branch,SKU-1042,Umbrella - Standard 21in,10
2025-09-13,Priya General Store - Kondapur Branch,SKU-1043,Raincoat - Adult M,2
2025-09-13,Priya General Store - Kondapur Branch,SKU-2091,Sunscreen SPF50 100ml,16
2025-09-13,Priya General Store - Kondapur Branch,SKU-3087,Diyas - Clay Set of 12,4
2025-09-14,Priya General Store - Kondapur Branch,SKU-1042,Umbrella - Standard 21in,10
2025-09-14,Priya General Store - Kondapur Branch,SKU-1043,Raincoat - Adult M,5
2025-09-14,Priya General Store - Kondapur Branch,SKU-2091,Sunscreen SPF50 100ml,11
2025-09-14,Priya General Store - Kondapur Branch,SKU-3087,Diyas - Clay Set of 12,2
2025-09-15,Priya General Store - Kondapur Branch,SKU-1042,Umbrella - Standard 21in,8
2025-09-15,Priya General Store - Kondapur Branch,SKU-1043,Raincoat - Adult M,0
2025-09-15,Priya General Store - Kondapur Branch,SKU-2091,Sunscreen SPF50 100ml,14
2025-09-15,Priya General Store - Kondapur Branch,SKU-3087,Diyas - Clay Set of 12,5
2025-09-16,Priya General Store - Kondapur Branch,SKU-1042,Umbrella - Standard 21in,10
2025-09-16,Priya General Store - Kondapur Branch,SKU-1043,Raincoat - Adult M,5
2025-09-16,Priya General Store - Kondapur Branch,SKU-2091,Sunscreen SPF50 100ml,14
2025-09-16,Priya General Store - Kondapur Branch,SKU-3087,Diyas - Clay Set of 12,3
2025-09-17,Priya General Store - Kondapur Branch,SKU-1042,Umbrella - Standard 21in,10
2025-09-17,Priya General Store - Kondapur Branch,SKU-1043,Raincoat - Adult M,2
2025-09-17,Priya General Store - Kondapur Branch,SKU-2091,Sunscreen SPF50 100ml,11
2025-09-17,Priya General Store - Kondapur Branch,SKU-3087,Diyas - Clay Set of 12,3
2025-09-18,Priya General Store - Kondapur Branch,SKU-1042,Umbrella - Standard 21in,6
2025-09-18,Priya General Store - Kondapur Branch,SKU-1043,Raincoat - Adult M,3
2025-09-18,Priya General Store - Kondapur Branch,SKU-2091,Sunscreen SPF50 100ml,11
2025-09-18,Priya General Store - Kondapur Branch,SKU-3087,Diyas - Clay Set of 12,5
2025-09-19,Priya General Store - Kondapur Branch,SKU-1042,Umbrella - Standard 21in,5
2025-09-19,Priya General Store - Kondapur Branch,SKU-1043,Raincoat - Adult M,6
2025-09-19,Priya General Store - Kondapur Branch,SKU-2091,Sunscreen SPF50 100ml,12
2025-09-19,Priya General Store - Kondapur Branch,SKU-3087,Diyas - Clay Set of 12,5
2025-09-20,Priya General Store - Kondapur Branch,SKU-1042,Umbrella - Standard 21in,5
2025-09-20,Priya General Store - Kondapur Branch,SKU-1043,Raincoat - Adult M,5
2025-09-20,Priya General Store - Kondapur Branch,SKU-2091,Sunscreen SPF50 100ml,12
2025-09-20,Priya General Store - Kondapur Branch,SKU-3087,Diyas - Clay Set of 12,1
2025-09-21,Priya General Store - Kondapur Branch,SKU-1042,Umbrella - Standard 21in,8
2025-09-21,Priya General Store - Kondapur Branch,SKU-1043,Raincoat - Adult M,6
2025-09-21,Priya General Store - Kondapur Branch,SKU-2091,Sunscreen SPF50 100ml,12
2025-09-21,Priya General Store - Kondapur Branch,SKU-3087,Diyas - Clay Set of 12,1
2025-09-22,Priya General Store - Kondapur Branch,SKU-1042,Umbrella - Standard 21in,7
2025-09-22,Priya General Store - Kondapur Branch,SKU-1043,Raincoat - Adult M,5
2025-09-22,Priya General Store - Kondapur Branch,SKU-2091,Sunscreen SPF50 100ml,17
2025-09-22,Priya General Store - Kondapur Branch,SKU-3087,Diyas - Clay Set of 12,5
2025-09-23,Priya General Store - Kondapur Branch,SKU-1042,Umbrella - Standard 21in,0
2025-09-23,Priya General Store - Kondapur Branch,SKU-1043,Raincoat - Adult M,5
2025-09-23,Priya General Store - Kondapur Branch,SKU-2091,Sunscreen SPF50 100ml,17
2025-09-23,Priya General Store - Kondapur Branch,SKU-3087,Diyas - Clay Set of 12,5
2025-09-24,Priya General Store - Kondapur Branch,SKU-1042,Umbrella - Standard 21in,10
2025-09-24,Priya General Store - Kondapur Branch,SKU-1043,Raincoat - Adult M,2
2025-09-24,Priya General Store - Kondapur Branch,SKU-2091,Sunscreen SPF50 100ml,16
2025-09-24,Priya General Store - Kondapur Branch,SKU-3087,Diyas - Clay Set of 12,1
2025-09-25,Priya General Store - Kondapur Branch,SKU-1042,Umbrella - Standard 21in,9
2025-09-25,Priya General Store - Kondapur Branch,SKU-1043,Raincoat - Adult M,6
2025-09-25,Priya General Store - Kondapur Branch,SKU-2091,Sunscreen SPF50 100ml,14
2025-09-25,Priya General Store - Kondapur Branch,SKU-3087,Diyas - Clay Set of 12,2
2025-09-26,Priya General Store - Kondapur Branch,SKU-1042,Umbrella - Standard 21in,7
2025-09-26,Priya General Store - Kondapur Branch,SKU-1043,Raincoat - Adult M,5
2025-09-26,Priya General Store - Kondapur Branch,SKU-2091,Sunscreen SPF50 100ml,18
2025-09-26,Priya General Store - Kondapur Branch,SKU-3087,Diyas - Clay Set of 12,2
2025-09-27,Priya General Store - Kondapur Branch,SKU-1042,Umbrella - Standard 21in,5
2025-09-27,Priya General Store - Kondapur Branch,SKU-1043,Raincoat - Adult M,6
2025-09-27,Priya General Store - Kondapur Branch,SKU-2091,Sunscreen SPF50 100ml,16
2025-09-27,Priya General Store - Kondapur Branch,SKU-3087,Diyas - Clay Set of 12,5
2025-09-28,Priya General Store - Kondapur Branch,SKU-1042,Umbrella - Standard 21in,6
2025-09-28,Priya General Store - Kondapur Branch,SKU-1043,Raincoat - Adult M,6
2025-09-28,Priya General Store - Kondapur Branch,SKU-2091,Sunscreen SPF50 100ml,16
2025-09-28,Priya General Store - Kondapur Branch,SKU-3087,Diyas - Clay Set of 12,5
2025-09-29,Priya General Store - Kondapur Branch,SKU-1042,Umbrella - Standard 21in,10
2025-09-29,Priya General Store - Kondapur Branch,SKU-1043,Raincoat - Adult M,3
2025-09-29,Priya General Store - Kondapur Branch,SKU-2091,Sunscreen SPF50 100ml,19
2025-09-29,Priya General Store - Kondapur Branch,SKU-3087,Diyas - Clay Set of 12,4
2025-09-30,Priya General Store - Kondapur Branch,SKU-1042,Umbrella - Standard 21in,6
2025-09-30,Priya General Store - Kondapur Branch,SKU-1043,Raincoat - Adult M,3
2025-09-30,Priya General Store - Kondapur Branch,SKU-2091,Sunscreen SPF50 100ml,16
2025-09-30,Priya General Store - Kondapur Branch,SKU-3087,Diyas - Clay Set of 12,4
2025-10-01,Priya General Store - Kondapur Branch,SKU-1042,Umbrella - Standard 21in,8
2025-10-01,Priya General Store - Kondapur Branch,SKU-1043,Raincoat - Adult M,4
2025-10-01,Priya General Store - Kondapur Branch,SKU-2091,Sunscreen SPF50 100ml,16
2025-10-01,Priya General Store - Kondapur Branch,SKU-3087,Diyas - Clay Set of 12,4
2025-10-02,Priya General Store - Kondapur Branch,SKU-1042,Umbrella - Standard 21in,5
2025-10-02,Priya General Store - Kondapur Branch,SKU-1043,Raincoat - Adult M,2
2025-10-02,Priya General Store - Kondapur Branch,SKU-2091,Sunscreen SPF50 100ml,11
2025-10-02,Priya General Store - Kondapur Branch,SKU-3087,Diyas - Clay Set of 12,2
2025-10-03,Priya General Store - Kondapur Branch,SKU-1042,Umbrella - Standard 21in,6
2025-10-03,Priya General Store - Kondapur Branch,SKU-1043,Raincoat - Adult M,4
2025-10-03,Priya General Store - Kondapur Branch,SKU-2091,Sunscreen SPF50 100ml,17
2025-10-03,Priya General Store - Kondapur Branch,SKU-3087,Diyas - Clay Set of 12,2
2025-10-04,Priya General Store - Kondapur Branch,SKU-1042,Umbrella - Standard 21in,5
2025-10-04,Priya General Store - Kondapur Branch,SKU-1043,Raincoat - Adult M,2
2025-10-04,Priya General Store - Kondapur Branch,SKU-2091,Sunscreen SPF50 100ml,19
2025-10-04,Priya General Store - Kondapur Branch,SKU-3087,Diyas - Clay Set of 12,3
2025-10-05,Priya General Store - Kondapur Branch,SKU-1042,Umbrella - Standard 21in,10
2025-10-05,Priya General Store - Kondapur Branch,SKU-1043,Raincoat - Adult M,4
2025-10-05,Priya General Store - Kondapur Branch,SKU-2091,Sunscreen SPF50 100ml,11
2025-10-05,Priya General Store - Kondapur Branch,SKU-3087,Diyas - Clay Set of 12,3
2025-10-06,Priya General Store - Kondapur Branch,SKU-1042,Umbrella - Standard 21in,7
2025-10-06,Priya General Store - Kondapur Branch,SKU-1043,Raincoat - Adult M,4
2025-10-06,Priya General Store - Kondapur Branch,SKU-2091,Sunscreen SPF50 100ml,14
2025-10-06,Priya General Store - Kondapur Branch,SKU-3087,Diyas - Clay Set of 12,1
2025-10-07,Priya General Store - Kondapur Branch,SKU-1042,Umbrella - Standard 21in,7
2025-10-07,Priya General Store - Kondapur Branch,SKU-1043,Raincoat - Adult M,2
2025-10-07,Priya General Store - Kondapur Branch,SKU-2091,Sunscreen SPF50 100ml,13
2025-10-07,Priya General Store - Kondapur Branch,SKU-3087,Diyas - Clay Set of 12,1
2025-10-08,Priya General Store - Kondapur Branch,SKU-1042,Umbrella - Standard 21in,6
2025-10-08,Priya General Store - Kondapur Branch,SKU-1043,Raincoat - Adult M,3
2025-10-08,Priya General Store - Kondapur Branch,SKU-2091,Sunscreen SPF50 100ml,16
2025-10-08,Priya General Store - Kondapur Branch,SKU-3087,Diyas - Clay Set of 12,5
2025-10-09,Priya General Store - Kondapur Branch,SKU-1042,Umbrella - Standard 21in,9
2025-10-09,Priya General Store - Kondapur Branch,SKU-1043,Raincoat - Adult M,2
2025-10-09,Priya General Store - Kondapur Branch,SKU-2091,Sunscreen SPF50 100ml,13
2025-10-09,Priya General Store - Kondapur Branch,SKU-3087,Diyas - Clay Set of 12,2
2025-10-10,Priya General Store - Kondapur Branch,SKU-1042,Umbrella - Standard 21in,10
2025-10-10,Priya General Store - Kondapur Branch,SKU-1043,Raincoat - Adult M,6
2025-10-10,Priya General Store - Kondapur Branch,SKU-2091,Sunscreen SPF50 100ml,14
2025-10-10,Priya General Store - Kondapur Branch,SKU-3087,Diyas - Clay Set of 12,5
2025-10-11,Priya General Store - Kondapur Branch,SKU-1042,Umbrella - Standard 21in,11
2025-10-11,Priya General Store - Kondapur Branch,SKU-1043,Raincoat - Adult M,3
2025-10-11,Priya General Store - Kondapur Branch,SKU-2091,Sunscreen SPF50 100ml,11
2025-10-11,Priya General Store - Kondapur Branch,SKU-3087,Diyas - Clay Set of 12,3
2025-10-12,Priya General Store - Kondapur Branch,SKU-1042,Umbrella - Standard 21in,11
2025-10-12,Priya General Store - Kondapur Branch,SKU-1043,Raincoat - Adult M,6
2025-10-12,Priya General Store - Kondapur Branch,SKU-2091,Sunscreen SPF50 100ml,14
2025-10-12,Priya General Store - Kondapur Branch,SKU-3087,Diyas - Clay Set of 12,4
2025-10-13,Priya General Store - Kondapur Branch,SKU-1042,Umbrella - Standard 21in,9
2025-10-13,Priya General Store - Kondapur Branch,SKU-1043,Raincoat - Adult M,6
2025-10-13,Priya General Store - Kondapur Branch,SKU-2091,Sunscreen SPF50 100ml,19
2025-10-13,Priya General Store - Kondapur Branch,SKU-3087,Diyas - Clay Set of 12,5
2025-10-14,Priya General Store - Kondapur Branch,SKU-1042,Umbrella - Standard 21in,7
2025-10-14,Priya General Store - Kondapur Branch,SKU-1043,Raincoat - Adult M,6
2025-10-14,Priya General Store - Kondapur Branch,SKU-2091,Sunscreen SPF50 100ml,18
2025-10-14,Priya General Store - Kondapur Branch,SKU-3087,Diyas - Clay Set of 12,5
2025-10-15,Priya General Store - Kondapur Branch,SKU-1042,Umbrella - Standard 21in,11
2025-10-15,Priya General Store - Kondapur Branch,SKU-1043,Raincoat - Adult M,2
2025-10-15,Priya General Store - Kondapur Branch,SKU-2091,Sunscreen SPF50 100ml,14
2025-10-15,Priya General Store - Kondapur Branch,SKU-3087,Diyas - Clay Set of 12,2
2025-10-16,Priya General Store - Kondapur Branch,SKU-1042,Umbrella - Standard 21in,8
2025-10-16,Priya General Store - Kondapur Branch,SKU-1043,Raincoat - Adult M,4
2025-10-16,Priya General Store - Kondapur Branch,SKU-2091,Sunscreen SPF50 100ml,12
2025-10-16,Priya General Store - Kondapur Branch,SKU-3087,Diyas - Clay Set of 12,1
2025-10-17,Priya General Store - Kondapur Branch,SKU-1042,Umbrella - Standard 21in,6
2025-10-17,Priya General Store - Kondapur Branch,SKU-1043,Raincoat - Adult M,5
2025-10-17,Priya General Store - Kondapur Branch,SKU-2091,Sunscreen SPF50 100ml,16
2025-10-17,Priya General Store - Kondapur Branch,SKU-3087,Diyas - Clay Set of 12,5
2025-10-18,Priya General Store - Kondapur Branch,SKU-1042,Umbrella - Standard 21in,8
2025-10-18,Priya General Store - Kondapur Branch,SKU-1043,Raincoat - Adult M,5
2025-10-18,Priya General Store - Kondapur Branch,SKU-2091,Sunscreen SPF50 100ml,18
2025-10-18,Priya General Store - Kondapur Branch,SKU-3087,Diyas - Clay Set of 12,1
2025-10-19,Priya General Store - Kondapur Branch,SKU-1042,Umbrella - Standard 21in,11
2025-10-19,Priya General Store - Kondapur Branch,SKU-1043,Raincoat - Adult M,6
2025-10-19,Priya General Store - Kondapur Branch,SKU-2091,Sunscreen SPF50 100ml,15
2025-10-19,Priya General Store - Kondapur Branch,SKU-3087,Diyas - Clay Set of 12,1
2025-10-20,Priya General Store - Kondapur Branch,SKU-1042,Umbrella - Standard 21in,9
2025-10-20,Priya General Store - Kondapur Branch,SKU-1043,Raincoat - Adult M,3
2025-10-20,Priya General Store - Kondapur Branch,SKU-2091,Sunscreen SPF50 100ml,15
2025-10-20,Priya General Store - Kondapur Branch,SKU-3087,Diyas - Clay Set of 12,27
2025-10-21,Priya General Store - Kondapur Branch,SKU-1042,Umbrella - Standard 21in,6
2025-10-21,Priya General Store - Kondapur Branch,SKU-1043,Raincoat - Adult M,6
2025-10-21,Priya General Store - Kondapur Branch,SKU-2091,Sunscreen SPF50 100ml,11
2025-10-21,Priya General Store - Kondapur Branch,SKU-3087,Diyas - Clay Set of 12,34
2025-10-22,Priya General Store - Kondapur Branch,SKU-1042,Umbrella - Standard 21in,8
2025-10-22,Priya General Store - Kondapur Branch,SKU-1043,Raincoat - Adult M,6
2025-10-22,Priya General Store - Kondapur Branch,SKU-2091,Sunscreen SPF50 100ml,11
2025-10-22,Priya General Store - Kondapur Branch,SKU-3087,Diyas - Clay Set of 12,65
2025-10-23,Priya General Store - Kondapur Branch,SKU-1042,Umbrella - Standard 21in,6
2025-10-23,Priya General Store - Kondapur Branch,SKU-1043,Raincoat - Adult M,3
2025-10-23,Priya General Store - Kondapur Branch,SKU-2091,Sunscreen SPF50 100ml,19
2025-10-23,Priya General Store - Kondapur Branch,SKU-3087,Diyas - Clay Set of 12,76
2025-10-24,Priya General Store - Kondapur Branch,SKU-1042,Umbrella - Standard 21in,8
2025-10-24,Priya General Store - Kondapur Branch,SKU-1043,Raincoat - Adult M,2
2025-10-24,Priya General Store - Kondapur Branch,SKU-2091,Sunscreen SPF50 100ml,14
2025-10-24,Priya General Store - Kondapur Branch,SKU-3087,Diyas - Clay Set of 12,52
2025-10-25,Priya General Store - Kondapur Branch,SKU-1042,Umbrella - Standard 21in,11
2025-10-25,Priya General Store - Kondapur Branch,SKU-1043,Raincoat - Adult M,4
2025-10-25,Priya General Store - Kondapur Branch,SKU-2091,Sunscreen SPF50 100ml,13
2025-10-25,Priya General Store - Kondapur Branch,SKU-3087,Diyas - Clay Set of 12,11
2025-10-26,Priya General Store - Kondapur Branch,SKU-1042,Umbrella - Standard 21in,11
2025-10-26,Priya General Store - Kondapur Branch,SKU-1043,Raincoat - Adult M,3
2025-10-26,Priya General Store - Kondapur Branch,SKU-2091,Sunscreen SPF50 100ml,17
2025-10-26,Priya General Store - Kondapur Branch,SKU-3087,Diyas - Clay Set of 12,46
2025-10-27,Priya General Store - Kondapur Branch,SKU-1042,Umbrella - Standard 21in,5
2025-10-27,Priya General Store - Kondapur Branch,SKU-1043,Raincoat - Adult M,2
2025-10-27,Priya General Store - Kondapur Branch,SKU-2091,Sunscreen SPF50 100ml,13
2025-10-27,Priya General Store - Kondapur Branch,SKU-3087,Diyas - Clay Set of 12,23
2025-10-28,Priya General Store - Kondapur Branch,SKU-1042,Umbrella - Standard 21in,9
2025-10-28,Priya General Store - Kondapur Branch,SKU-1043,Raincoat - Adult M,6
2025-10-28,Priya General Store - Kondapur Branch,SKU-2091,Sunscreen SPF50 100ml,17
2025-10-28,Priya General Store - Kondapur Branch,SKU-3087,Diyas - Clay Set of 12,25
2025-10-29,Priya General Store - Kondapur Branch,SKU-1042,Umbrella - Standard 21in,6
2025-10-29,Priya General Store - Kondapur Branch,SKU-1043,Raincoat - Adult M,4
2025-10-29,Priya General Store - Kondapur Branch,SKU-2091,Sunscreen SPF50 100ml,18
2025-10-29,Priya General Store - Kondapur Branch,SKU-3087,Diyas - Clay Set of 12,17
2025-10-30,Priya General Store - Kondapur Branch,SKU-1042,Umbrella - Standard 21in,10
2025-10-30,Priya General Store - Kondapur Branch,SKU-1043,Raincoat - Adult M,2
2025-10-30,Priya General Store - Kondapur Branch,SKU-2091,Sunscreen SPF50 100ml,18
2025-10-30,Priya General Store - Kondapur Branch,SKU-3087,Diyas - Clay Set of 12,10
2025-10-31,Priya General Store - Kondapur Branch,SKU-1042,Umbrella - Standard 21in,8
2025-10-31,Priya General Store - Kondapur Branch,SKU-1043,Raincoat - Adult M,3
2025-10-31,Priya General Store - Kondapur Branch,SKU-2091,Sunscreen SPF50 100ml,19
2025-10-31,Priya General Store - Kondapur Branch,SKU-3087,Diyas - Clay Set of 12,1
2025-11-01,Priya General Store - Kondapur Branch,SKU-1042,Umbrella - Standard 21in,5
2025-11-01,Priya General Store - Kondapur Branch,SKU-1043,Raincoat - Adult M,5
2025-11-01,Priya General Store - Kondapur Branch,SKU-2091,Sunscreen SPF50 100ml,12
2025-11-01,Priya General Store - Kondapur Branch,SKU-3087,Diyas - Clay Set of 12,4
2025-11-02,Priya General Store - Kondapur Branch,SKU-1042,Umbrella - Standard 21in,5
2025-11-02,Priya General Store - Kondapur Branch,SKU-1043,Raincoat - Adult M,3
2025-11-02,Priya General Store - Kondapur Branch,SKU-2091,Sunscreen SPF50 100ml,14
2025-11-02,Priya General Store - Kondapur Branch,SKU-3087,Diyas - Clay Set of 12,4
2025-11-03,Priya General Store - Kondapur Branch,SKU-1042,Umbrella - Standard 21in,9
2025-11-03,Priya General Store - Kondapur Branch,SKU-1043,Raincoat - Adult M,6
2025-11-03,Priya General Store - Kondapur Branch,SKU-2091,Sunscreen SPF50 100ml,18
2025-11-03,Priya General Store - Kondapur Branch,SKU-3087,Diyas - Clay Set of 12,1
2025-11-04,Priya General Store - Kondapur Branch,SKU-1042,Umbrella - Standard 21in,8
2025-11-04,Priya General Store - Kondapur Branch,SKU-1043,Raincoat - Adult M,5
2025-11-04,Priya General Store - Kondapur Branch,SKU-2091,Sunscreen SPF50 100ml,14
2025-11-04,Priya General Store - Kondapur Branch,SKU-3087,Diyas - Clay Set of 12,5
2025-11-05,Priya General Store - Kondapur Branch,SKU-1042,Umbrella - Standard 21in,8
2025-11-05,Priya General Store - Kondapur Branch,SKU-1043,Raincoat - Adult M,2
2025-11-05,Priya General Store - Kondapur Branch,SKU-2091,Sunscreen SPF50 100ml,15
2025-11-05,Priya General Store - Kondapur Branch,SKU-3087,Diyas - Clay Set of 12,4
2025-11-06,Priya General Store - Kondapur Branch,SKU-1042,Umbrella - Standard 21in,11
2025-11-06,Priya General Store - Kondapur Branch,SKU-1043,Raincoat - Adult M,4
2025-11-06,Priya General Store - Kondapur Branch,SKU-2091,Sunscreen SPF50 100ml,13
2025-11-06,Priya General Store - Kondapur Branch,SKU-3087,Diyas - Clay Set of 12,2
2025-11-07,Priya General Store - Kondapur Branch,SKU-1042,Umbrella - Standard 21in,10
2025-11-07,Priya General Store - Kondapur Branch,SKU-1043,Raincoat - Adult M,5
2025-11-07,Priya General Store - Kondapur Branch,SKU-2091,Sunscreen SPF50 100ml,13
2025-11-07,Priya General Store - Kondapur Branch,SKU-3087,Diyas - Clay Set of 12,1
2025-11-08,Priya General Store - Kondapur Branch,SKU-1042,Umbrella - Standard 21in,5
2025-11-08,Priya General Store - Kondapur Branch,SKU-1043,Raincoat - Adult M,3
2025-11-08,Priya General Store - Kondapur Branch,SKU-2091,Sunscreen SPF50 100ml,19
2025-11-08,Priya General Store - Kondapur Branch,SKU-3087,Diyas - Clay Set of 12,1
2025-11-09,Priya General Store - Kondapur Branch,SKU-1042,Umbrella - Standard 21in,10
2025-11-09,Priya General Store - Kondapur Branch,SKU-1043,Raincoat - Adult M,5
2025-11-09,Priya General Store - Kondapur Branch,SKU-2091,Sunscreen SPF50 100ml,19
2025-11-09,Priya General Store - Kondapur Branch,SKU-3087,Diyas - Clay Set of 12,3
2025-11-10,Priya General Store - Kondapur Branch,SKU-1042,Umbrella - Standard 21in,5
2025-11-10,Priya General Store - Kondapur Branch,SKU-1043,Raincoat - Adult M,4
2025-11-10,Priya General Store - Kondapur Branch,SKU-2091,Sunscreen SPF50 100ml,13
2025-11-10,Priya General Store - Kondapur Branch,SKU-3087,Diyas - Clay Set of 12,5
2025-11-11,Priya General Store - Kondapur Branch,SKU-1042,Umbrella - Standard 21in,5
2025-11-11,Priya General Store - Kondapur Branch,SKU-1043,Raincoat - Adult M,5
2025-11-11,Priya General Store - Kondapur Branch,SKU-2091,Sunscreen SPF50 100ml,17
2025-11-11,Priya General Store - Kondapur Branch,SKU-3087,Diyas - Clay Set of 12,4
2025-11-12,Priya General Store - Kondapur Branch,SKU-1042,Umbrella - Standard 21in,7
2025-11-12,Priya General Store - Kondapur Branch,SKU-1043,Raincoat - Adult M,3
2025-11-12,Priya General Store - Kondapur Branch,SKU-2091,Sunscreen SPF50 100ml,18
2025-11-12,Priya General Store - Kondapur Branch,SKU-3087,Diyas - Clay Set of 12,1
2025-11-13,Priya General Store - Kondapur Branch,SKU-1042,Umbrella - Standard 21in,10
2025-11-13,Priya General Store - Kondapur Branch,SKU-1043,Raincoat - Adult M,5
2025-11-13,Priya General Store - Kondapur Branch,SKU-2091,Sunscreen SPF50 100ml,15
2025-11-13,Priya General Store - Kondapur Branch,SKU-3087,Diyas - Clay Set of 12,2
2025-11-14,Priya General Store - Kondapur Branch,SKU-1042,Umbrella - Standard 21in,9
2025-11-14,Priya General Store - Kondapur Branch,SKU-1043,Raincoat - Adult M,4
2025-11-14,Priya General Store - Kondapur Branch,SKU-2091,Sunscreen SPF50 100ml,17
2025-11-14,Priya General Store - Kondapur Branch,SKU-3087,Diyas - Clay Set of 12,1
2025-11-15,Priya General Store - Kondapur Branch,SKU-1042,Umbrella - Standard 21in,6
2025-11-15,Priya General Store - Kondapur Branch,SKU-1043,Raincoat - Adult M,3
2025-11-15,Priya General Store - Kondapur Branch,SKU-2091,Sunscreen SPF50 100ml,11
2025-11-15,Priya General Store - Kondapur Branch,SKU-3087,Diyas - Clay Set of 12,5
2025-11-16,Priya General Store - Kondapur Branch,SKU-1042,Umbrella - Standard 21in,10
2025-11-16,Priya General Store - Kondapur Branch,SKU-1043,Raincoat - Adult M,6
2025-11-16,Priya General Store - Kondapur Branch,SKU-2091,Sunscreen SPF50 100ml,12
2025-11-16,Priya General Store - Kondapur Branch,SKU-3087,Diyas - Clay Set of 12,3
2025-11-17,Priya General Store - Kondapur Branch,SKU-1042,Umbrella - Standard 21in,0
2025-11-17,Priya General Store - Kondapur Branch,SKU-1043,Raincoat - Adult M,5
2025-11-17,Priya General Store - Kondapur Branch,SKU-2091,Sunscreen SPF50 100ml,14
2025-11-17,Priya General Store - Kondapur Branch,SKU-3087,Diyas - Clay Set of 12,2
2025-11-18,Priya General Store - Kondapur Branch,SKU-1042,Umbrella - Standard 21in,5
2025-11-18,Priya General Store - Kondapur Branch,SKU-1043,Raincoat - Adult M,2
2025-11-18,Priya General Store - Kondapur Branch,SKU-2091,Sunscreen SPF50 100ml,14
2025-11-18,Priya General Store - Kondapur Branch,SKU-3087,Diyas - Clay Set of 12,1
2025-11-19,Priya General Store - Kondapur Branch,SKU-1042,Umbrella - Standard 21in,5
2025-11-19,Priya General Store - Kondapur Branch,SKU-1043,Raincoat - Adult M,3
2025-11-19,Priya General Store - Kondapur Branch,SKU-2091,Sunscreen SPF50 100ml,11
2025-11-19,Priya General Store - Kondapur Branch,SKU-3087,Diyas - Clay Set of 12,1
2025-11-20,Priya General Store - Kondapur Branch,SKU-1042,Umbrella - Standard 21in,7
2025-11-20,Priya General Store - Kondapur Branch,SKU-1043,Raincoat - Adult M,3
2025-11-20,Priya General Store - Kondapur Branch,SKU-2091,Sunscreen SPF50 100ml,19
2025-11-20,Priya General Store - Kondapur Branch,SKU-3087,Diyas - Clay Set of 12,4
2025-11-21,Priya General Store - Kondapur Branch,SKU-1042,Umbrella - Standard 21in,6
2025-11-21,Priya General Store - Kondapur Branch,SKU-1043,Raincoat - Adult M,4
2025-11-21,Priya General Store - Kondapur Branch,SKU-2091,Sunscreen SPF50 100ml,17
2025-11-21,Priya General Store - Kondapur Branch,SKU-3087,Diyas - Clay Set of 12,1
2025-11-22,Priya General Store - Kondapur Branch,SKU-1042,Umbrella - Standard 21in,8
2025-11-22,Priya General Store - Kondapur Branch,SKU-1043,Raincoat - Adult M,4
2025-11-22,Priya General Store - Kondapur Branch,SKU-2091,Sunscreen SPF50 100ml,16
2025-11-22,Priya General Store - Kondapur Branch,SKU-3087,Diyas - Clay Set of 12,2
2025-11-23,Priya General Store - Kondapur Branch,SKU-1042,Umbrella - Standard 21in,11
2025-11-23,Priya General Store - Kondapur Branch,SKU-1043,Raincoat - Adult M,2
2025-11-23,Priya General Store - Kondapur Branch,SKU-2091,Sunscreen SPF50 100ml,13
2025-11-23,Priya General Store - Kondapur Branch,SKU-3087,Diyas - Clay Set of 12,1
2025-11-24,Priya General Store - Kondapur Branch,SKU-1042,Umbrella - Standard 21in,10
2025-11-24,Priya General Store - Kondapur Branch,SKU-1043,Raincoat - Adult M,3
2025-11-24,Priya General Store - Kondapur Branch,SKU-2091,Sunscreen SPF50 100ml,16
2025-11-24,Priya General Store - Kondapur Branch,SKU-3087,Diyas - Clay Set of 12,4
2025-11-25,Priya General Store - Kondapur Branch,SKU-1042,Umbrella - Standard 21in,5
2025-11-25,Priya General Store - Kondapur Branch,SKU-1043,Raincoat - Adult M,6
2025-11-25,Priya General Store - Kondapur Branch,SKU-2091,Sunscreen SPF50 100ml,19
2025-11-25,Priya General Store - Kondapur Branch,SKU-3087,Diyas - Clay Set of 12,2
2025-11-26,Priya General Store - Kondapur Branch,SKU-1042,Umbrella - Standard 21in,10
2025-11-26,Priya General Store - Kondapur Branch,SKU-1043,Raincoat - Adult M,3
2025-11-26,Priya General Store - Kondapur Branch,SKU-2091,Sunscreen SPF50 100ml,12
2025-11-26,Priya General Store - Kondapur Branch,SKU-3087,Diyas - Clay Set of 12,4
2025-11-27,Priya General Store - Kondapur Branch,SKU-1042,Umbrella - Standard 21in,9
2025-11-27,Priya General Store - Kondapur Branch,SKU-1043,Raincoat - Adult M,3
2025-11-27,Priya General Store - Kondapur Branch,SKU-2091,Sunscreen SPF50 100ml,15
2025-11-27,Priya General Store - Kondapur Branch,SKU-3087,Diyas - Clay Set of 12,4
2025-11-28,Priya General Store - Kondapur Branch,SKU-1042,Umbrella - Standard 21in,5
2025-11-28,Priya General Store - Kondapur Branch,SKU-1043,Raincoat - Adult M,6
2025-11-28,Priya General Store - Kondapur Branch,SKU-2091,Sunscreen SPF50 100ml,18
2025-11-28,Priya General Store - Kondapur Branch,SKU-3087,Diyas - Clay Set of 12,3
2025-11-29,Priya General Store - Kondapur Branch,SKU-1042,Umbrella - Standard 21in,7
2025-11-29,Priya General Store - Kondapur Branch,SKU-1043,Raincoat - Adult M,2
2025-11-29,Priya General Store - Kondapur Branch,SKU-2091,Sunscreen SPF50 100ml,17
2025-11-29,Priya General Store - Kondapur Branch,SKU-3087,Diyas - Clay Set of 12,3
2025-11-30,Priya General Store - Kondapur Branch,SKU-1042,Umbrella - Standard 21in,6
2025-11-30,Priya General Store - Kondapur Branch,SKU-1043,Raincoat - Adult M,4
2025-11-30,Priya General Store - Kondapur Branch,SKU-2091,Sunscreen SPF50 100ml,14
2025-11-30,Priya General Store - Kondapur Branch,SKU-3087,Diyas - Clay Set of 12,2
2025-12-01,Priya General Store - Kondapur Branch,SKU-1042,Umbrella - Standard 21in,10
2025-12-01,Priya General Store - Kondapur Branch,SKU-1043,Raincoat - Adult M,6
2025-12-01,Priya General Store - Kondapur Branch,SKU-2091,Sunscreen SPF50 100ml,19
2025-12-01,Priya General Store - Kondapur Branch,SKU-3087,Diyas - Clay Set of 12,4
2025-12-02,Priya General Store - Kondapur Branch,SKU-1042,Umbrella - Standard 21in,5
2025-12-02,Priya General Store - Kondapur Branch,SKU-1043,Raincoat - Adult M,2
2025-12-02,Priya General Store - Kondapur Branch,SKU-2091,Sunscreen SPF50 100ml,11
2025-12-02,Priya General Store - Kondapur Branch,SKU-3087,Diyas - Clay Set of 12,2
2025-12-03,Priya General Store - Kondapur Branch,SKU-1042,Umbrella - Standard 21in,6
2025-12-03,Priya General Store - Kondapur Branch,SKU-1043,Raincoat - Adult M,6
2025-12-03,Priya General Store - Kondapur Branch,SKU-2091,Sunscreen SPF50 100ml,14
2025-12-03,Priya General Store - Kondapur Branch,SKU-3087,Diyas - Clay Set of 12,1
2025-12-04,Priya General Store - Kondapur Branch,SKU-1042,Umbrella - Standard 21in,8
2025-12-04,Priya General Store - Kondapur Branch,SKU-1043,Raincoat - Adult M,3
2025-12-04,Priya General Store - Kondapur Branch,SKU-2091,Sunscreen SPF50 100ml,13
2025-12-04,Priya General Store - Kondapur Branch,SKU-3087,Diyas - Clay Set of 12,3
2025-12-05,Priya General Store - Kondapur Branch,SKU-1042,Umbrella - Standard 21in,8
2025-12-05,Priya General Store - Kondapur Branch,SKU-1043,Raincoat - Adult M,3
2025-12-05,Priya General Store - Kondapur Branch,SKU-2091,Sunscreen SPF50 100ml,18
2025-12-05,Priya General Store - Kondapur Branch,SKU-3087,Diyas - Clay Set of 12,3
2025-12-06,Priya General Store - Kondapur Branch,SKU-1042,Umbrella - Standard 21in,6
2025-12-06,Priya General Store - Kondapur Branch,SKU-1043,Raincoat - Adult M,5
2025-12-06,Priya General Store - Kondapur Branch,SKU-2091,Sunscreen SPF50 100ml,17
2025-12-06,Priya General Store - Kondapur Branch,SKU-3087,Diyas - Clay Set of 12,4
2025-12-07,Priya General Store - Kondapur Branch,SKU-1042,Umbrella - Standard 21in,8
2025-12-07,Priya General Store - Kondapur Branch,SKU-1043,Raincoat - Adult M,2
2025-12-07,Priya General Store - Kondapur Branch,SKU-2091,Sunscreen SPF50 100ml,15
2025-12-07,Priya General Store - Kondapur Branch,SKU-3087,Diyas - Clay Set of 12,2
2025-12-08,Priya General Store - Kondapur Branch,SKU-1042,Umbrella - Standard 21in,6
2025-12-08,Priya General Store - Kondapur Branch,SKU-1043,Raincoat - Adult M,5
2025-12-08,Priya General Store - Kondapur Branch,SKU-2091,Sunscreen SPF50 100ml,15
2025-12-08,Priya General Store - Kondapur Branch,SKU-3087,Diyas - Clay Set of 12,5
2025-12-09,Priya General Store - Kondapur Branch,SKU-1042,Umbrella - Standard 21in,7
2025-12-09,Priya General Store - Kondapur Branch,SKU-1043,Raincoat - Adult M,5
2025-12-09,Priya General Store - Kondapur Branch,SKU-2091,Sunscreen SPF50 100ml,0
2025-12-09,Priya General Store - Kondapur Branch,SKU-3087,Diyas - Clay Set of 12,5
2025-12-10,Priya General Store - Kondapur Branch,SKU-1042,Umbrella - Standard 21in,7
2025-12-10,Priya General Store - Kondapur Branch,SKU-1043,Raincoat - Adult M,5
2025-12-10,Priya General Store - Kondapur Branch,SKU-2091,Sunscreen SPF50 100ml,16
2025-12-10,Priya General Store - Kondapur Branch,SKU-3087,Diyas - Clay Set of 12,3
2025-12-11,Priya General Store - Kondapur Branch,SKU-1042,Umbrella - Standard 21in,9
2025-12-11,Priya General Store - Kondapur Branch,SKU-1043,Raincoat - Adult M,2
2025-12-11,Priya General Store - Kondapur Branch,SKU-2091,Sunscreen SPF50 100ml,12
2025-12-11,Priya General Store - Kondapur Branch,SKU-3087,Diyas - Clay Set of 12,5
2025-12-12,Priya General Store - Kondapur Branch,SKU-1042,Umbrella - Standard 21in,11
2025-12-12,Priya General Store - Kondapur Branch,SKU-1043,Raincoat - Adult M,4
2025-12-12,Priya General Store - Kondapur Branch,SKU-2091,Sunscreen SPF50 100ml,16
2025-12-12,Priya General Store - Kondapur Branch,SKU-3087,Diyas - Clay Set of 12,4
2025-12-13,Priya General Store - Kondapur Branch,SKU-1042,Umbrella - Standard 21in,7
2025-12-13,Priya General Store - Kondapur Branch,SKU-1043,Raincoat - Adult M,5
2025-12-13,Priya General Store - Kondapur Branch,SKU-2091,Sunscreen SPF50 100ml,14
2025-12-13,Priya General Store - Kondapur Branch,SKU-3087,Diyas - Clay Set of 12,1
2025-12-14,Priya General Store - Kondapur Branch,SKU-1042,Umbrella - Standard 21in,7
2025-12-14,Priya General Store - Kondapur Branch,SKU-1043,Raincoat - Adult M,2
2025-12-14,Priya General Store - Kondapur Branch,SKU-2091,Sunscreen SPF50 100ml,13
2025-12-14,Priya General Store - Kondapur Branch,SKU-3087,Diyas - Clay Set of 12,4
2025-12-15,Priya General Store - Kondapur Branch,SKU-1042,Umbrella - Standard 21in,6
2025-12-15,Priya General Store - Kondapur Branch,SKU-1043,Raincoat - Adult M,6
2025-12-15,Priya General Store - Kondapur Branch,SKU-2091,Sunscreen SPF50 100ml,0
2025-12-15,Priya General Store - Kondapur Branch,SKU-3087,Diyas - Clay Set of 12,1
2025-12-16,Priya General Store - Kondapur Branch,SKU-1042,Umbrella - Standard 21in,8
2025-12-16,Priya General Store - Kondapur Branch,SKU-1043,Raincoat - Adult M,6
2025-12-16,Priya General Store - Kondapur Branch,SKU-2091,Sunscreen SPF50 100ml,12
2025-12-16,Priya General Store - Kondapur Branch,SKU-3087,Diyas - Clay Set of 12,2
2025-12-17,Priya General Store - Kondapur Branch,SKU-1042,Umbrella - Standard 21in,6
2025-12-17,Priya General Store - Kondapur Branch,SKU-1043,Raincoat - Adult M,4
2025-12-17,Priya General Store - Kondapur Branch,SKU-2091,Sunscreen SPF50 100ml,19
2025-12-17,Priya General Store - Kondapur Branch,SKU-3087,Diyas - Clay Set of 12,4
2025-12-18,Priya General Store - Kondapur Branch,SKU-1042,Umbrella - Standard 21in,10
2025-12-18,Priya General Store - Kondapur Branch,SKU-1043,Raincoat - Adult M,2
2025-12-18,Priya General Store - Kondapur Branch,SKU-2091,Sunscreen SPF50 100ml,16
2025-12-18,Priya General Store - Kondapur Branch,SKU-3087,Diyas - Clay Set of 12,3
2025-12-19,Priya General Store - Kondapur Branch,SKU-1042,Umbrella - Standard 21in,10
2025-12-19,Priya General Store - Kondapur Branch,SKU-1043,Raincoat - Adult M,0
2025-12-19,Priya General Store - Kondapur Branch,SKU-2091,Sunscreen SPF50 100ml,13
2025-12-19,Priya General Store - Kondapur Branch,SKU-3087,Diyas - Clay Set of 12,1
2025-12-20,Priya General Store - Kondapur Branch,SKU-1042,Umbrella - Standard 21in,11
2025-12-20,Priya General Store - Kondapur Branch,SKU-1043,Raincoat - Adult M,6
2025-12-20,Priya General Store - Kondapur Branch,SKU-2091,Sunscreen SPF50 100ml,15
2025-12-20,Priya General Store - Kondapur Branch,SKU-3087,Diyas - Clay Set of 12,2
2025-12-21,Priya General Store - Kondapur Branch,SKU-1042,Umbrella - Standard 21in,6
2025-12-21,Priya General Store - Kondapur Branch,SKU-1043,Raincoat - Adult M,3
2025-12-21,Priya General Store - Kondapur Branch,SKU-2091,Sunscreen SPF50 100ml,19
2025-12-21,Priya General Store - Kondapur Branch,SKU-3087,Diyas - Clay Set of 12,4
2025-12-22,Priya General Store - Kondapur Branch,SKU-1042,Umbrella - Standard 21in,6
2025-12-22,Priya General Store - Kondapur Branch,SKU-1043,Raincoat - Adult M,2
2025-12-22,Priya General Store - Kondapur Branch,SKU-2091,Sunscreen SPF50 100ml,14
2025-12-22,Priya General Store - Kondapur Branch,SKU-3087,Diyas - Clay Set of 12,4
2025-12-23,Priya General Store - Kondapur Branch,SKU-1042,Umbrella - Standard 21in,9
2025-12-23,Priya General Store - Kondapur Branch,SKU-1043,Raincoat - Adult M,3
2025-12-23,Priya General Store - Kondapur Branch,SKU-2091,Sunscreen SPF50 100ml,12
2025-12-23,Priya General Store - Kondapur Branch,SKU-3087,Diyas - Clay Set of 12,3
2025-12-24,Priya General Store - Kondapur Branch,SKU-1042,Umbrella - Standard 21in,5
2025-12-24,Priya General Store - Kondapur Branch,SKU-1043,Raincoat - Adult M,5
2025-12-24,Priya General Store - Kondapur Branch,SKU-2091,Sunscreen SPF50 100ml,0
2025-12-24,Priya General Store - Kondapur Branch,SKU-3087,Diyas - Clay Set of 12,3
2025-12-25,Priya General Store - Kondapur Branch,SKU-1042,Umbrella - Standard 21in,5
2025-12-25,Priya General Store - Kondapur Branch,SKU-1043,Raincoat - Adult M,2
2025-12-25,Priya General Store - Kondapur Branch,SKU-2091,Sunscreen SPF50 100ml,19
2025-12-25,Priya General Store - Kondapur Branch,SKU-3087,Diyas - Clay Set of 12,4
2025-12-26,Priya General Store - Kondapur Branch,SKU-1042,Umbrella - Standard 21in,11
2025-12-26,Priya General Store - Kondapur Branch,SKU-1043,Raincoat - Adult M,5
2025-12-26,Priya General Store - Kondapur Branch,SKU-2091,Sunscreen SPF50 100ml,16
2025-12-26,Priya General Store - Kondapur Branch,SKU-3087,Diyas - Clay Set of 12,3
2025-12-27,Priya General Store - Kondapur Branch,SKU-1042,Umbrella - Standard 21in,7
2025-12-27,Priya General Store - Kondapur Branch,SKU-1043,Raincoat - Adult M,3
2025-12-27,Priya General Store - Kondapur Branch,SKU-2091,Sunscreen SPF50 100ml,17
2025-12-27,Priya General Store - Kondapur Branch,SKU-3087,Diyas - Clay Set of 12,1
2025-12-28,Priya General Store - Kondapur Branch,SKU-1042,Umbrella - Standard 21in,11
2025-12-28,Priya General Store - Kondapur Branch,SKU-1043,Raincoat - Adult M,0
2025-12-28,Priya General Store - Kondapur Branch,SKU-2091,Sunscreen SPF50 100ml,17
2025-12-28,Priya General Store - Kondapur Branch,SKU-3087,Diyas - Clay Set of 12,2
2025-12-29,Priya General Store - Kondapur Branch,SKU-1042,Umbrella - Standard 21in,5
2025-12-29,Priya General Store - Kondapur Branch,SKU-1043,Raincoat - Adult M,4
2025-12-29,Priya General Store - Kondapur Branch,SKU-2091,Sunscreen SPF50 100ml,14
2025-12-29,Priya General Store - Kondapur Branch,SKU-3087,Diyas - Clay Set of 12,5
2025-12-30,Priya General Store - Kondapur Branch,SKU-1042,Umbrella - Standard 21in,11
2025-12-30,Priya General Store - Kondapur Branch,SKU-1043,Raincoat - Adult M,5
2025-12-30,Priya General Store - Kondapur Branch,SKU-2091,Sunscreen SPF50 100ml,11
2025-12-30,Priya General Store - Kondapur Branch,SKU-3087,Diyas - Clay Set of 12,3
2025-12-31,Priya General Store - Kondapur Branch,SKU-1042,Umbrella - Standard 21in,7
2025-12-31,Priya General Store - Kondapur Branch,SKU-1043,Raincoat - Adult M,4
2025-12-31,Priya General Store - Kondapur Branch,SKU-2091,Sunscreen SPF50 100ml,14
2025-12-31,Priya General Store - Kondapur Branch,SKU-3087,Diyas - Clay Set of 12,4
